Datetime,Open,High,Low,Close,Adj Close,Volume
2022-10-06 09:30:00-04:00,375.8299865722656,375.8500061035156,375.78131103515625,375.80999755859375,375.80999755859375,2863925
2022-10-06 09:31:00-04:00,375.7900085449219,376.46771240234375,375.7200012207031,376.4100036621094,376.4100036621094,364367
2022-10-06 09:32:00-04:00,376.4200134277344,376.8399963378906,376.239990234375,376.739990234375,376.739990234375,271143
2022-10-06 09:33:00-04:00,376.7200012207031,376.989990234375,376.71990966796875,376.9800109863281,376.9800109863281,212372
2022-10-06 09:34:00-04:00,376.989990234375,377.04998779296875,376.3500061035156,376.8599853515625,376.8599853515625,214090
2022-10-06 09:35:00-04:00,376.8599853515625,376.9100036621094,376.510009765625,376.80999755859375,376.80999755859375,210816
2022-10-06 09:36:00-04:00,376.79998779296875,376.9263000488281,376.55999755859375,376.8299865722656,376.8299865722656,255786
2022-10-06 09:37:00-04:00,376.80999755859375,376.80999755859375,376.1600036621094,376.4200134277344,376.4200134277344,205888
2022-10-06 09:38:00-04:00,376.4200134277344,376.95001220703125,376.2699890136719,376.9020080566406,376.9020080566406,159401
2022-10-06 09:39:00-04:00,376.8999938964844,377.6199951171875,376.8599853515625,377.6007080078125,377.6007080078125,539010
2022-10-06 09:40:00-04:00,377.6099853515625,377.989990234375,377.4700012207031,377.9700012207031,377.9700012207031,368770
2022-10-06 09:41:00-04:00,377.989990234375,378.0546875,377.70001220703125,377.90631103515625,377.90631103515625,389946
2022-10-06 09:42:00-04:00,377.9200134277344,378.3900146484375,377.9100036621094,378.3599853515625,378.3599853515625,270395
2022-10-06 09:43:00-04:00,378.3800048828125,378.7200012207031,378.3299865722656,378.5299987792969,378.5299987792969,393576
2022-10-06 09:44:00-04:00,378.5199890136719,378.54998779296875,377.8900146484375,378.0299987792969,378.0299987792969,392197
2022-10-06 09:45:00-04:00,378.0299987792969,378.17999267578125,377.9100036621094,378.0,378.0,293843
2022-10-06 09:46:00-04:00,378.0,378.1300048828125,377.8399963378906,378.0050048828125,378.0050048828125,180174
2022-10-06 09:47:00-04:00,378.0,378.0398864746094,377.239990234375,377.25,377.25,372338
2022-10-06 09:48:00-04:00,377.25,377.3999938964844,377.17999267578125,377.260009765625,377.260009765625,221151
2022-10-06 09:49:00-04:00,377.260009765625,377.3699951171875,376.8599853515625,377.1650085449219,377.1650085449219,244076
2022-10-06 09:50:00-04:00,377.1400146484375,377.4200134277344,376.95001220703125,377.4200134277344,377.4200134277344,198405
2022-10-06 09:51:00-04:00,377.4200134277344,377.81500244140625,377.3699951171875,377.7799987792969,377.7799987792969,240358
2022-10-06 09:52:00-04:00,377.75,377.7699890136719,377.18499755859375,377.3500061035156,377.3500061035156,190630
2022-10-06 09:53:00-04:00,377.3399963378906,377.79998779296875,377.29998779296875,377.6700134277344,377.6700134277344,161126
2022-10-06 09:54:00-04:00,377.6600036621094,378.1684875488281,377.6199951171875,377.760009765625,377.760009765625,240745
2022-10-06 09:55:00-04:00,377.7319030761719,377.760009765625,377.15008544921875,377.1759948730469,377.1759948730469,226731
2022-10-06 09:56:00-04:00,377.1600036621094,377.260009765625,376.95001220703125,377.0799865722656,377.0799865722656,204636
2022-10-06 09:57:00-04:00,377.05999755859375,377.1099853515625,376.3900146484375,376.5400085449219,376.5400085449219,314116
2022-10-06 09:58:00-04:00,376.5299987792969,376.5646057128906,376.07000732421875,376.1499938964844,376.1499938964844,281559
2022-10-06 09:59:00-04:00,376.1600036621094,376.3428955078125,376.0,376.2300109863281,376.2300109863281,263753
2022-10-06 10:00:00-04:00,376.2300109863281,376.260009765625,375.57000732421875,375.6099853515625,375.6099853515625,376043
2022-10-06 10:01:00-04:00,375.6050109863281,375.7200012207031,374.7099914550781,374.83050537109375,374.83050537109375,717315
2022-10-06 10:02:00-04:00,374.8399963378906,375.17999267578125,374.760009765625,375.07000732421875,375.07000732421875,498399
2022-10-06 10:03:00-04:00,375.1199951171875,375.2099914550781,374.8800048828125,375.0400085449219,375.0400085449219,325110
2022-10-06 10:04:00-04:00,375.0299987792969,375.3450012207031,374.989990234375,375.1099853515625,375.1099853515625,306883
2022-10-06 10:05:00-04:00,375.1099853515625,375.1099853515625,374.5,374.94000244140625,374.94000244140625,350033
2022-10-06 10:06:00-04:00,374.94000244140625,375.1099853515625,374.70001220703125,374.94500732421875,374.94500732421875,162325
2022-10-06 10:07:00-04:00,374.94000244140625,375.1199951171875,374.6400146484375,374.8399963378906,374.8399963378906,239513
2022-10-06 10:08:00-04:00,374.82000732421875,374.8500061035156,374.3299865722656,374.3800964355469,374.3800964355469,216312
2022-10-06 10:09:00-04:00,374.3955078125,374.8999938964844,374.19000244140625,374.7300109863281,374.7300109863281,422980
2022-10-06 10:10:00-04:00,374.7300109863281,374.739990234375,374.43109130859375,374.4849853515625,374.4849853515625,102630
2022-10-06 10:11:00-04:00,374.4717102050781,374.5299987792969,373.7799987792969,374.3894958496094,374.3894958496094,350769
2022-10-06 10:12:00-04:00,374.3500061035156,374.3800048828125,373.9700012207031,374.2799987792969,374.2799987792969,158663
2022-10-06 10:13:00-04:00,374.2799987792969,374.5799865722656,374.19000244140625,374.3699951171875,374.3699951171875,295064
2022-10-06 10:14:00-04:00,374.3599853515625,374.4800109863281,374.010009765625,374.2300109863281,374.2300109863281,247657
2022-10-06 10:15:00-04:00,374.2099914550781,374.760009765625,374.20001220703125,374.69989013671875,374.69989013671875,469674
2022-10-06 10:16:00-04:00,374.9700012207031,374.9800109863281,374.6199951171875,374.9700012207031,374.9700012207031,323761
2022-10-06 10:17:00-04:00,374.9700012207031,375.0,374.6099853515625,374.82989501953125,374.82989501953125,184349
2022-10-06 10:18:00-04:00,374.82000732421875,375.2300109863281,374.5199890136719,374.5299987792969,374.5299987792969,327819
2022-10-06 10:19:00-04:00,374.5350036621094,374.6400146484375,374.2900085449219,374.6300048828125,374.6300048828125,241919
2022-10-06 10:20:00-04:00,374.3299865722656,374.67999267578125,374.20001220703125,374.3299865722656,374.3299865722656,147262
2022-10-06 10:21:00-04:00,374.3599853515625,374.67999267578125,374.1099853515625,374.55999755859375,374.55999755859375,166763
2022-10-06 10:22:00-04:00,374.56500244140625,374.8399963378906,374.260009765625,374.760009765625,374.760009765625,166528
2022-10-06 10:23:00-04:00,374.7799987792969,374.80999755859375,374.2799987792969,374.3999938964844,374.3999938964844,285403
2022-10-06 10:24:00-04:00,374.46990966796875,374.6199951171875,374.3157958984375,374.46990966796875,374.46990966796875,120662
2022-10-06 10:25:00-04:00,374.4599914550781,374.80999755859375,374.25,374.652099609375,374.652099609375,139798
2022-10-06 10:26:00-04:00,374.6820068359375,374.79998779296875,374.3800048828125,374.55999755859375,374.55999755859375,171725
2022-10-06 10:27:00-04:00,374.5899963378906,374.82000732421875,374.2099914550781,374.32000732421875,374.32000732421875,296302
2022-10-06 10:28:00-04:00,374.29998779296875,374.6700134277344,373.7099914550781,373.75,373.75,204152
2022-10-06 10:29:00-04:00,373.7650146484375,373.8599853515625,373.6099853515625,373.6600036621094,373.6600036621094,318106
2022-10-06 10:30:00-04:00,373.66009521484375,374.20001220703125,373.5799865722656,373.9599914550781,373.9599914550781,198424
2022-10-06 10:31:00-04:00,373.9700012207031,374.30999755859375,373.69000244140625,374.1400146484375,374.1400146484375,197053
2022-10-06 10:32:00-04:00,374.114990234375,374.2099914550781,373.92999267578125,374.1600036621094,374.1600036621094,141012
2022-10-06 10:33:00-04:00,374.17999267578125,374.2900085449219,373.989990234375,374.0819091796875,374.0819091796875,167033
2022-10-06 10:34:00-04:00,374.05999755859375,374.0799865722656,373.44000244140625,373.5299987792969,373.5299987792969,236856
2022-10-06 10:35:00-04:00,373.5299987792969,373.9700012207031,373.4100036621094,373.8900146484375,373.8900146484375,168383
2022-10-06 10:36:00-04:00,373.8800048828125,374.0899963378906,373.58990478515625,373.9200134277344,373.9200134277344,282031
2022-10-06 10:37:00-04:00,373.9200134277344,374.1300048828125,373.8599853515625,374.1231994628906,374.1231994628906,236068
2022-10-06 10:38:00-04:00,374.1199951171875,374.3399963378906,373.9014892578125,374.3349914550781,374.3349914550781,133471
2022-10-06 10:39:00-04:00,374.3399963378906,374.5400085449219,374.1499938964844,374.2099914550781,374.2099914550781,202410
2022-10-06 10:40:00-04:00,374.2049865722656,374.44500732421875,374.16009521484375,374.3699951171875,374.3699951171875,124181
2022-10-06 10:41:00-04:00,374.3900146484375,374.67999267578125,374.3299865722656,374.5350036621094,374.5350036621094,212328
2022-10-06 10:42:00-04:00,374.5516052246094,374.9599914550781,374.45001220703125,374.70989990234375,374.70989990234375,222340
2022-10-06 10:43:00-04:00,374.70001220703125,374.8500061035156,374.6400146484375,374.7980041503906,374.7980041503906,109201
2022-10-06 10:44:00-04:00,374.82000732421875,374.8599853515625,374.5,374.6700134277344,374.6700134277344,302293
2022-10-06 10:45:00-04:00,374.67999267578125,374.69000244140625,374.35009765625,374.4200134277344,374.4200134277344,116159
2022-10-06 10:46:00-04:00,374.44500732421875,374.82000732421875,374.44500732421875,374.7200012207031,374.7200012207031,96389
2022-10-06 10:47:00-04:00,374.7200012207031,374.8810119628906,374.6050109863281,374.7200012207031,374.7200012207031,110763
2022-10-06 10:48:00-04:00,374.7200012207031,375.4200134277344,374.622314453125,375.34149169921875,375.34149169921875,277920
2022-10-06 10:49:00-04:00,375.3599853515625,375.80999755859375,375.3299865722656,375.7650146484375,375.7650146484375,319653
2022-10-06 10:50:00-04:00,375.75,375.7598876953125,375.3999938964844,375.54998779296875,375.54998779296875,160565
2022-10-06 10:51:00-04:00,375.5400085449219,375.7699890136719,375.4800109863281,375.7699890136719,375.7699890136719,140796
2022-10-06 10:52:00-04:00,375.7699890136719,375.9200134277344,375.5,375.7200012207031,375.7200012207031,213393
2022-10-06 10:53:00-04:00,375.7200012207031,375.760009765625,375.57000732421875,375.6099853515625,375.6099853515625,60406
2022-10-06 10:54:00-04:00,375.60009765625,375.8999938964844,375.4599914550781,375.8299865722656,375.8299865722656,131014
2022-10-06 10:55:00-04:00,375.8580017089844,375.8699951171875,375.45001220703125,375.75,375.75,103219
2022-10-06 10:56:00-04:00,375.75,375.7598876953125,375.5150146484375,375.5199890136719,375.5199890136719,114322
2022-10-06 10:57:00-04:00,375.5299987792969,375.8900146484375,375.5199890136719,375.6600036621094,375.6600036621094,108051
2022-10-06 10:58:00-04:00,375.6600036621094,376.3599853515625,375.6400146484375,376.26910400390625,376.26910400390625,525746
2022-10-06 10:59:00-04:00,376.2699890136719,376.489990234375,376.25,376.4200134277344,376.4200134277344,235513
2022-10-06 11:00:00-04:00,376.42999267578125,376.55999755859375,376.0400085449219,376.1300048828125,376.1300048828125,434811
2022-10-06 11:01:00-04:00,376.1099853515625,376.32000732421875,376.07000732421875,376.1099853515625,376.1099853515625,150583
2022-10-06 11:02:00-04:00,376.1011962890625,376.1170959472656,375.54998779296875,375.6099853515625,375.6099853515625,267582
2022-10-06 11:03:00-04:00,375.5899963378906,375.8299865722656,375.4549865722656,375.55999755859375,375.55999755859375,147084
2022-10-06 11:04:00-04:00,375.5799865722656,375.6000061035156,375.0899963378906,375.25,375.25,244448
2022-10-06 11:05:00-04:00,375.25,375.57000732421875,375.25,375.3230895996094,375.3230895996094,103535
2022-10-06 11:06:00-04:00,375.3399963378906,375.7799987792969,375.30999755859375,375.6300048828125,375.6300048828125,247987
2022-10-06 11:07:00-04:00,375.6300048828125,376.052001953125,375.54998779296875,376.0255126953125,376.0255126953125,119656
2022-10-06 11:08:00-04:00,376.0299987792969,376.0398864746094,375.4599914550781,375.5585021972656,375.5585021972656,139180
2022-10-06 11:09:00-04:00,375.5199890136719,375.55999755859375,375.3699951171875,375.55999755859375,375.55999755859375,59203
2022-10-06 11:10:00-04:00,375.55999755859375,375.6199951171875,375.1000061035156,375.2799987792969,375.2799987792969,136413
2022-10-06 11:11:00-04:00,375.260009765625,375.55999755859375,375.2099914550781,375.4700012207031,375.4700012207031,103610
2022-10-06 11:12:00-04:00,375.4599914550781,375.6499938964844,375.3999938964844,375.45001220703125,375.45001220703125,59047
2022-10-06 11:13:00-04:00,375.44000244140625,375.5299987792969,375.239990234375,375.3450927734375,375.3450927734375,58665
2022-10-06 11:14:00-04:00,375.30999755859375,375.3100891113281,374.95001220703125,375.00830078125,375.00830078125,201127
2022-10-06 11:15:00-04:00,375.010009765625,375.4200134277344,375.0,375.3298034667969,375.3298034667969,295502
2022-10-06 11:16:00-04:00,375.3500061035156,375.3599853515625,374.9100036621094,375.010009765625,375.010009765625,105588
2022-10-06 11:17:00-04:00,375.0150146484375,375.82000732421875,375.010009765625,375.6700134277344,375.6700134277344,234545
2022-10-06 11:18:00-04:00,375.6600036621094,376.0199890136719,375.6199951171875,375.8800048828125,375.8800048828125,219489
2022-10-06 11:19:00-04:00,375.8900146484375,376.4599914550781,375.8800048828125,376.3299865722656,376.3299865722656,305943
2022-10-06 11:20:00-04:00,376.30999755859375,376.4700012207031,376.07000732421875,376.2799987792969,376.2799987792969,294301
2022-10-06 11:21:00-04:00,376.2799987792969,376.80999755859375,376.2799987792969,376.7900085449219,376.7900085449219,225220
2022-10-06 11:22:00-04:00,376.7900085449219,376.82501220703125,376.4599914550781,376.5350036621094,376.5350036621094,203913
2022-10-06 11:23:00-04:00,376.5400085449219,376.5799865722656,376.30999755859375,376.45001220703125,376.45001220703125,206920
2022-10-06 11:24:00-04:00,376.4599914550781,376.6099853515625,376.32000732421875,376.6099853515625,376.6099853515625,149718
2022-10-06 11:25:00-04:00,376.5899963378906,376.6400146484375,376.20001220703125,376.2699890136719,376.2699890136719,408536
2022-10-06 11:26:00-04:00,376.2300109863281,376.2799987792969,376.0299987792969,376.239990234375,376.239990234375,69969
2022-10-06 11:27:00-04:00,376.2200012207031,376.32000732421875,376.0899963378906,376.2099914550781,376.2099914550781,107300
2022-10-06 11:28:00-04:00,376.2200012207031,376.5199890136719,376.19000244140625,376.4800109863281,376.4800109863281,136117
2022-10-06 11:29:00-04:00,376.4360046386719,376.6400146484375,376.32000732421875,376.510009765625,376.510009765625,96059
2022-10-06 11:30:00-04:00,376.5199890136719,376.5299987792969,376.1000061035156,376.1099853515625,376.1099853515625,157421
2022-10-06 11:31:00-04:00,376.1299133300781,376.20001220703125,375.9200134277344,376.06500244140625,376.06500244140625,173570
2022-10-06 11:32:00-04:00,376.0799865722656,376.19000244140625,375.94000244140625,375.9801025390625,375.9801025390625,148757
2022-10-06 11:33:00-04:00,375.9949951171875,376.08990478515625,375.9200134277344,375.94500732421875,375.94500732421875,90246
2022-10-06 11:34:00-04:00,375.95001220703125,376.1499938964844,375.94000244140625,375.96990966796875,375.96990966796875,77944
2022-10-06 11:35:00-04:00,375.95001220703125,376.3299865722656,375.9200134277344,376.2699890136719,376.2699890136719,168659
2022-10-06 11:36:00-04:00,376.260009765625,376.5,376.2026062011719,376.3240966796875,376.3240966796875,92209
2022-10-06 11:37:00-04:00,376.3349914550781,376.3399963378906,375.6499938964844,375.92999267578125,375.92999267578125,199085
2022-10-06 11:38:00-04:00,375.9200134277344,375.9700012207031,375.7409973144531,375.75,375.75,89851
2022-10-06 11:39:00-04:00,375.739990234375,375.82000732421875,375.6199951171875,375.70001220703125,375.70001220703125,112807
2022-10-06 11:40:00-04:00,375.68499755859375,375.7417907714844,375.44000244140625,375.7417907714844,375.7417907714844,141959
2022-10-06 11:41:00-04:00,376.04998779296875,376.0899963378906,375.67999267578125,376.04998779296875,376.04998779296875,142125
2022-10-06 11:42:00-04:00,376.0400085449219,376.0400085449219,375.69000244140625,375.82000732421875,375.82000732421875,190253
2022-10-06 11:43:00-04:00,375.635009765625,375.82000732421875,375.5350036621094,375.635009765625,375.635009765625,99548
2022-10-06 11:44:00-04:00,375.635009765625,375.8207092285156,375.610107421875,375.625,375.625,57802
2022-10-06 11:45:00-04:00,375.6499938964844,375.989990234375,375.6499938964844,375.94000244140625,375.94000244140625,173222
2022-10-06 11:46:00-04:00,375.94000244140625,375.9599914550781,375.6700134277344,375.8699951171875,375.8699951171875,63630
2022-10-06 11:47:00-04:00,375.8680114746094,376.2325134277344,375.8493957519531,376.1700134277344,376.1700134277344,263131
2022-10-06 11:48:00-04:00,376.1900939941406,376.4649963378906,375.9800109863281,376.4256896972656,376.4256896972656,157666
2022-10-06 11:49:00-04:00,376.44000244140625,376.44000244140625,376.19000244140625,376.2300109863281,376.2300109863281,97079
2022-10-06 11:50:00-04:00,376.2200012207031,376.55499267578125,376.07000732421875,376.5166931152344,376.5166931152344,156371
2022-10-06 11:51:00-04:00,376.5199890136719,376.5299987792969,376.2650146484375,376.3299865722656,376.3299865722656,89300
2022-10-06 11:52:00-04:00,376.30999755859375,376.6700134277344,376.2699890136719,376.57000732421875,376.57000732421875,136067
2022-10-06 11:53:00-04:00,376.57501220703125,376.94000244140625,376.5199890136719,376.6099853515625,376.6099853515625,280892
2022-10-06 11:54:00-04:00,376.6300048828125,376.6300048828125,376.25,376.3800048828125,376.3800048828125,249886
2022-10-06 11:55:00-04:00,376.3999938964844,376.6199951171875,376.25,376.4599914550781,376.4599914550781,79932
2022-10-06 11:56:00-04:00,376.3999938964844,376.3999938964844,375.239990234375,375.29010009765625,375.29010009765625,397177
2022-10-06 11:57:00-04:00,375.2900085449219,375.29998779296875,375.0,375.0299987792969,375.0299987792969,214657
2022-10-06 11:58:00-04:00,375.0350036621094,375.1300048828125,374.9200134277344,374.9599914550781,374.9599914550781,195538
2022-10-06 11:59:00-04:00,374.9599914550781,374.9599914550781,374.5809020996094,374.67999267578125,374.67999267578125,177869
2022-10-06 12:00:00-04:00,374.67999267578125,374.75,374.4800109863281,374.510009765625,374.510009765625,113283
2022-10-06 12:01:00-04:00,374.8399963378906,374.9599914550781,374.75,374.9200134277344,374.9200134277344,222192
2022-10-06 12:02:00-04:00,374.8800048828125,374.95001220703125,374.55999755859375,374.7099914550781,374.7099914550781,140852
2022-10-06 12:03:00-04:00,374.7099914550781,374.760009765625,374.375,374.55999755859375,374.55999755859375,129389
2022-10-06 12:04:00-04:00,374.5299987792969,374.54998779296875,374.2449951171875,374.3699951171875,374.3699951171875,144424
2022-10-06 12:05:00-04:00,374.3800048828125,374.5380859375,374.30499267578125,374.32000732421875,374.32000732421875,174770
2022-10-06 12:06:00-04:00,374.30999755859375,374.5299987792969,374.260009765625,374.44500732421875,374.44500732421875,71158
2022-10-06 12:07:00-04:00,374.4100036621094,374.6000061035156,374.3500061035156,374.42999267578125,374.42999267578125,89722
2022-10-06 12:08:00-04:00,374.42498779296875,374.55999755859375,374.30999755859375,374.4100036621094,374.4100036621094,123651
2022-10-06 12:09:00-04:00,374.3999938964844,374.4700012207031,374.30999755859375,374.3999938964844,374.3999938964844,51112
2022-10-06 12:10:00-04:00,374.3949890136719,374.6300048828125,374.3699951171875,374.55499267578125,374.55499267578125,150728
2022-10-06 12:11:00-04:00,374.42999267578125,374.54998779296875,374.1499938964844,374.42999267578125,374.42999267578125,125704
2022-10-06 12:12:00-04:00,374.4599914550781,374.4700012207031,374.1600036621094,374.1700134277344,374.1700134277344,97350
2022-10-06 12:13:00-04:00,374.1499938964844,374.3999938964844,374.1449890136719,374.2200012207031,374.2200012207031,71092
2022-10-06 12:14:00-04:00,374.25,374.3900146484375,374.1000061035156,374.239990234375,374.239990234375,82497
2022-10-06 12:15:00-04:00,374.2099914550781,374.42999267578125,374.2049865722656,374.29998779296875,374.29998779296875,85223
2022-10-06 12:16:00-04:00,374.2969970703125,374.2969970703125,373.9800109863281,374.25,374.25,151243
2022-10-06 12:17:00-04:00,374.2900085449219,374.5199890136719,374.239990234375,374.510009765625,374.510009765625,182848
2022-10-06 12:18:00-04:00,374.4800109863281,374.5400085449219,374.3258056640625,374.4800109863281,374.4800109863281,82753
2022-10-06 12:19:00-04:00,374.4700012207031,374.5,374.32000732421875,374.4100036621094,374.4100036621094,50054
2022-10-06 12:20:00-04:00,374.3999938964844,374.7099914550781,374.3999938964844,374.510009765625,374.510009765625,95711
2022-10-06 12:21:00-04:00,374.5008850097656,374.6099853515625,374.3500061035156,374.6000061035156,374.6000061035156,97151
2022-10-06 12:22:00-04:00,374.6099853515625,374.9599914550781,374.55999755859375,374.8399963378906,374.8399963378906,115893
2022-10-06 12:23:00-04:00,374.8599853515625,375.0899963378906,374.760009765625,374.9599914550781,374.9599914550781,208573
2022-10-06 12:24:00-04:00,374.9800109863281,374.9800109863281,374.7699890136719,374.92999267578125,374.92999267578125,83632
2022-10-06 12:25:00-04:00,374.93280029296875,375.1700134277344,374.93011474609375,375.04998779296875,375.04998779296875,139970
2022-10-06 12:26:00-04:00,375.0400085449219,375.0799865722656,374.94000244140625,374.9700012207031,374.9700012207031,71415
2022-10-06 12:27:00-04:00,374.9949951171875,375.2200012207031,374.9599914550781,375.1300048828125,375.1300048828125,197423
2022-10-06 12:28:00-04:00,375.1300048828125,375.2099914550781,374.94000244140625,375.09100341796875,375.09100341796875,74856
2022-10-06 12:29:00-04:00,375.1099853515625,375.3900146484375,375.0799865722656,375.30999755859375,375.30999755859375,183567
2022-10-06 12:30:00-04:00,375.30999755859375,375.3301086425781,375.0400085449219,375.19000244140625,375.19000244140625,98858
2022-10-06 12:31:00-04:00,375.20001220703125,375.2200012207031,374.989990234375,375.0299987792969,375.0299987792969,100683
2022-10-06 12:32:00-04:00,374.9949951171875,375.1199951171875,374.739990234375,374.79119873046875,374.79119873046875,84109
2022-10-06 12:33:00-04:00,374.80999755859375,375.25,374.760009765625,375.2099914550781,375.2099914550781,150066
2022-10-06 12:34:00-04:00,375.2300109863281,375.3800048828125,375.1199951171875,375.2998962402344,375.2998962402344,67381
2022-10-06 12:35:00-04:00,375.2900085449219,375.3599853515625,375.05999755859375,375.32000732421875,375.32000732421875,105791
2022-10-06 12:36:00-04:00,375.3699951171875,375.3800048828125,375.1499938964844,375.2300109863281,375.2300109863281,76082
2022-10-06 12:37:00-04:00,375.239990234375,375.44000244140625,375.2250061035156,375.3606872558594,375.3606872558594,67291
2022-10-06 12:38:00-04:00,375.3399963378906,375.4100036621094,375.239990234375,375.3399963378906,375.3399963378906,62581
2022-10-06 12:39:00-04:00,375.3500061035156,375.54998779296875,375.260009765625,375.489990234375,375.489990234375,61854
2022-10-06 12:40:00-04:00,375.5050048828125,375.5050048828125,375.2900085449219,375.3550109863281,375.3550109863281,74982
2022-10-06 12:41:00-04:00,375.3599853515625,375.489990234375,375.25299072265625,375.44000244140625,375.44000244140625,121667
2022-10-06 12:42:00-04:00,375.42999267578125,375.6400146484375,375.3399963378906,375.6099853515625,375.6099853515625,78273
2022-10-06 12:43:00-04:00,375.625,375.9700012207031,375.5799865722656,375.8299865722656,375.8299865722656,244375
2022-10-06 12:44:00-04:00,375.80999755859375,375.95001220703125,375.760009765625,375.923095703125,375.923095703125,166890
2022-10-06 12:45:00-04:00,375.92999267578125,375.92999267578125,375.80999755859375,375.8699951171875,375.8699951171875,58522
2022-10-06 12:46:00-04:00,375.8500061035156,376.010009765625,375.7900085449219,375.7900085449219,375.7900085449219,101409
2022-10-06 12:47:00-04:00,375.82000732421875,375.9800109863281,375.6499938964844,375.92999267578125,375.92999267578125,151667
2022-10-06 12:48:00-04:00,375.9403076171875,376.30999755859375,375.9359130859375,376.2250061035156,376.2250061035156,195433
2022-10-06 12:49:00-04:00,376.2300109863281,376.30499267578125,375.8399963378906,375.9800109863281,375.9800109863281,221494
2022-10-06 12:50:00-04:00,375.9800109863281,376.0,375.739990234375,375.80999755859375,375.80999755859375,89441
2022-10-06 12:51:00-04:00,375.7804870605469,375.80499267578125,375.55999755859375,375.739990234375,375.739990234375,163029
2022-10-06 12:52:00-04:00,375.7099914550781,375.8900146484375,375.6099853515625,375.79998779296875,375.79998779296875,99314
2022-10-06 12:53:00-04:00,375.7799987792969,375.8800048828125,375.739990234375,375.8399963378906,375.8399963378906,82319
2022-10-06 12:54:00-04:00,375.8299865722656,375.92999267578125,375.6099853515625,375.6492004394531,375.6492004394531,142991
2022-10-06 12:55:00-04:00,375.6199951171875,375.82000732421875,375.6199951171875,375.7799987792969,375.7799987792969,41167
2022-10-06 12:56:00-04:00,375.7799987792969,375.7799987792969,375.44000244140625,375.44000244140625,375.44000244140625,148540
2022-10-06 12:57:00-04:00,375.44500732421875,375.6400146484375,375.44000244140625,375.5097961425781,375.5097961425781,76214
2022-10-06 12:58:00-04:00,375.510009765625,375.54998779296875,375.4200134277344,375.510009765625,375.510009765625,70432
2022-10-06 12:59:00-04:00,375.5119934082031,375.5199890136719,375.4200134277344,375.4599914550781,375.4599914550781,61638
2022-10-06 13:00:00-04:00,375.4700012207031,375.75,375.4700012207031,375.57000732421875,375.57000732421875,106810
2022-10-06 13:01:00-04:00,375.5299987792969,375.57000732421875,375.2099914550781,375.32000732421875,375.32000732421875,136651
2022-10-06 13:02:00-04:00,375.3299865722656,375.3399963378906,374.9700012207031,375.04998779296875,375.04998779296875,349108
2022-10-06 13:03:00-04:00,375.0400085449219,375.3299865722656,375.0400085449219,375.1099853515625,375.1099853515625,77978
2022-10-06 13:04:00-04:00,375.0899963378906,375.2598876953125,375.0899963378906,375.2250061035156,375.2250061035156,62029
2022-10-06 13:05:00-04:00,375.25,375.3699951171875,375.19000244140625,375.3599853515625,375.3599853515625,87252
2022-10-06 13:06:00-04:00,375.2250061035156,375.2799072265625,375.2250061035156,375.2799072265625,375.2799072265625,44060
2022-10-06 13:07:00-04:00,375.260009765625,375.30999755859375,375.1400146484375,375.1400146484375,375.1400146484375,63399
2022-10-06 13:08:00-04:00,375.1499938964844,375.1499938964844,374.95001220703125,374.9800109863281,374.9800109863281,92754
2022-10-06 13:09:00-04:00,374.9800109863281,374.9901123046875,374.7200012207031,374.810302734375,374.810302734375,128915
2022-10-06 13:10:00-04:00,374.79998779296875,374.95001220703125,374.7200012207031,374.93011474609375,374.93011474609375,83291
2022-10-06 13:11:00-04:00,374.9100036621094,374.94000244140625,374.8599853515625,374.92999267578125,374.92999267578125,67167
2022-10-06 13:12:00-04:00,374.92999267578125,375.2200012207031,374.9230041503906,375.2099914550781,375.2099914550781,67372
2022-10-06 13:13:00-04:00,375.2123107910156,375.5199890136719,375.18499755859375,375.4700012207031,375.4700012207031,177581
2022-10-06 13:14:00-04:00,375.4700012207031,375.69000244140625,375.38330078125,375.6000061035156,375.6000061035156,69279
2022-10-06 13:15:00-04:00,375.6199951171875,375.8949890136719,375.5899963378906,375.67999267578125,375.67999267578125,187683
2022-10-06 13:16:00-04:00,375.67999267578125,375.75,375.4800109863281,375.6000061035156,375.6000061035156,81287
2022-10-06 13:17:00-04:00,375.5899963378906,375.7200012207031,375.54998779296875,375.70001220703125,375.70001220703125,45059
2022-10-06 13:18:00-04:00,375.67999267578125,375.7200012207031,375.364990234375,375.44000244140625,375.44000244140625,140767
2022-10-06 13:19:00-04:00,375.42999267578125,375.5799865722656,375.3810119628906,375.54998779296875,375.54998779296875,67300
2022-10-06 13:20:00-04:00,375.5400085449219,375.7900085449219,375.510009765625,375.7799987792969,375.7799987792969,103463
2022-10-06 13:21:00-04:00,375.7799987792969,375.952392578125,375.6499938964844,375.9057922363281,375.9057922363281,147456
2022-10-06 13:22:00-04:00,375.9100036621094,375.9100036621094,375.5400085449219,375.57000732421875,375.57000732421875,160835
2022-10-06 13:23:00-04:00,375.82501220703125,375.82501220703125,375.7749938964844,375.7749938964844,375.7749938964844,108415
2022-10-06 13:24:00-04:00,375.75,375.760009765625,375.4700012207031,375.56500244140625,375.56500244140625,135562
2022-10-06 13:25:00-04:00,375.55999755859375,375.6099853515625,375.489990234375,375.5299987792969,375.5299987792969,21954
2022-10-06 13:26:00-04:00,375.4200134277344,375.5769958496094,375.2799987792969,375.4750061035156,375.4750061035156,147625
2022-10-06 13:27:00-04:00,375.489990234375,375.5179138183594,375.34649658203125,375.5179138183594,375.5179138183594,34428
2022-10-06 13:28:00-04:00,375.5899963378906,375.6099853515625,375.54998779296875,375.6099853515625,375.6099853515625,67663
2022-10-06 13:29:00-04:00,375.5849914550781,375.82000732421875,375.5849914550781,375.7900085449219,375.7900085449219,79510
2022-10-06 13:30:00-04:00,375.7900085449219,375.7900085449219,375.30999755859375,375.3900146484375,375.3900146484375,85275
2022-10-06 13:31:00-04:00,375.4100036621094,375.4200134277344,375.1199951171875,375.17999267578125,375.17999267578125,100992
2022-10-06 13:32:00-04:00,375.1600036621094,375.2300109863281,374.8800048828125,374.9674987792969,374.9674987792969,202946
2022-10-06 13:33:00-04:00,374.9599914550781,375.0799865722656,374.9599914550781,375.05999755859375,375.05999755859375,74057
2022-10-06 13:34:00-04:00,375.0299987792969,375.3382873535156,375.0199890136719,375.0849914550781,375.0849914550781,103527
2022-10-06 13:35:00-04:00,375.1000061035156,375.1867980957031,374.8900146484375,374.9631042480469,374.9631042480469,101292
2022-10-06 13:36:00-04:00,374.92999267578125,374.9700012207031,374.7900085449219,374.8800048828125,374.8800048828125,115236
2022-10-06 13:37:00-04:00,374.8800048828125,374.8999938964844,374.739990234375,374.7771911621094,374.7771911621094,93029
2022-10-06 13:38:00-04:00,374.85980224609375,374.95001220703125,374.8500061035156,374.8599853515625,374.8599853515625,83567
2022-10-06 13:39:00-04:00,374.8599853515625,374.8999938964844,374.7749938964844,374.80999755859375,374.80999755859375,50514
2022-10-06 13:40:00-04:00,374.79998779296875,375.0364990234375,374.7815856933594,374.9114990234375,374.9114990234375,114125
2022-10-06 13:41:00-04:00,375.2300109863281,375.2300109863281,375.20001220703125,375.20001220703125,375.20001220703125,111228
2022-10-06 13:42:00-04:00,375.2099914550781,375.2367858886719,375.07000732421875,375.20001220703125,375.20001220703125,48528
2022-10-06 13:43:00-04:00,375.3399963378906,375.3450012207031,375.2300109863281,375.3299865722656,375.3299865722656,87471
2022-10-06 13:44:00-04:00,375.30999755859375,375.3900146484375,375.2745056152344,375.3699951171875,375.3699951171875,61645
2022-10-06 13:45:00-04:00,375.3500061035156,375.45001220703125,375.302001953125,375.3500061035156,375.3500061035156,53967
2022-10-06 13:46:00-04:00,375.3299865722656,375.3900146484375,375.260009765625,375.3299865722656,375.3299865722656,98151
2022-10-06 13:47:00-04:00,375.32000732421875,375.44000244140625,375.29998779296875,375.4100036621094,375.4100036621094,57719
2022-10-06 13:48:00-04:00,375.4100036621094,375.5,375.2301025390625,375.4200134277344,375.4200134277344,121964
2022-10-06 13:49:00-04:00,375.510009765625,375.5400085449219,375.3500061035156,375.510009765625,375.510009765625,34893
2022-10-06 13:50:00-04:00,375.4800109863281,375.57000732421875,375.42999267578125,375.45098876953125,375.45098876953125,37257
2022-10-06 13:51:00-04:00,375.42999267578125,375.5899963378906,375.3999938964844,375.4599914550781,375.4599914550781,46485
2022-10-06 13:52:00-04:00,375.47869873046875,375.5,375.3500061035156,375.3999938964844,375.3999938964844,29327
2022-10-06 13:53:00-04:00,375.3999938964844,375.3999938964844,375.1099853515625,375.1900939941406,375.1900939941406,109924
2022-10-06 13:54:00-04:00,375.19000244140625,375.41949462890625,375.19000244140625,375.3999938964844,375.3999938964844,258074
2022-10-06 13:55:00-04:00,375.3999938964844,375.6700134277344,375.3399963378906,375.6400146484375,375.6400146484375,177369
2022-10-06 13:56:00-04:00,375.6449890136719,375.7200012207031,375.4599914550781,375.6300048828125,375.6300048828125,117123
2022-10-06 13:57:00-04:00,375.510009765625,375.5299987792969,375.4700012207031,375.510009765625,375.510009765625,57939
2022-10-06 13:58:00-04:00,375.489990234375,375.5299987792969,375.4200134277344,375.5150146484375,375.5150146484375,49514
2022-10-06 13:59:00-04:00,375.5249938964844,375.5299987792969,375.3299865722656,375.4100036621094,375.4100036621094,121469
2022-10-06 14:00:00-04:00,375.4100036621094,375.45001220703125,375.1700134277344,375.3699951171875,375.3699951171875,257142
2022-10-06 14:01:00-04:00,375.3800048828125,375.389892578125,374.92999267578125,375.010009765625,375.010009765625,133532
2022-10-06 14:02:00-04:00,375.010009765625,375.0199890136719,374.75,374.9200134277344,374.9200134277344,163827
2022-10-06 14:03:00-04:00,374.8999938964844,375.010009765625,374.6099853515625,374.7099914550781,374.7099914550781,276871
2022-10-06 14:04:00-04:00,374.69000244140625,374.82000732421875,374.6600036621094,374.6990051269531,374.6990051269531,134359
2022-10-06 14:05:00-04:00,374.6990051269531,374.7699890136719,374.4700012207031,374.510009765625,374.510009765625,237003
2022-10-06 14:06:00-04:00,374.5,374.57000732421875,374.32000732421875,374.3999938964844,374.3999938964844,174459
2022-10-06 14:07:00-04:00,374.3999938964844,374.6000061035156,374.3399963378906,374.5450134277344,374.5450134277344,157431
2022-10-06 14:08:00-04:00,374.5299987792969,374.5899963378906,374.44000244140625,374.45001220703125,374.45001220703125,72114
2022-10-06 14:09:00-04:00,374.4599914550781,374.55999755859375,374.3999938964844,374.5245056152344,374.5245056152344,1651952
2022-10-06 14:10:00-04:00,374.5299987792969,374.5799865722656,374.3500061035156,374.3599853515625,374.3599853515625,82517
2022-10-06 14:11:00-04:00,374.3599853515625,374.5199890136719,374.30999755859375,374.4649963378906,374.4649963378906,93510
2022-10-06 14:12:00-04:00,374.43499755859375,374.6099853515625,374.3999938964844,374.5199890136719,374.5199890136719,115843
2022-10-06 14:13:00-04:00,374.55999755859375,374.7690124511719,374.5299987792969,374.55999755859375,374.55999755859375,114088
2022-10-06 14:14:00-04:00,374.5799865722656,374.7298889160156,374.5299987792969,374.57989501953125,374.57989501953125,89842
2022-10-06 14:15:00-04:00,374.5799865722656,374.5849914550781,374.4100036621094,374.5292053222656,374.5292053222656,94478
2022-10-06 14:16:00-04:00,374.54998779296875,374.5799865722656,374.1199951171875,374.1449890136719,374.1449890136719,226102
2022-10-06 14:17:00-04:00,374.1600036621094,374.2799987792969,374.1300048828125,374.19000244140625,374.19000244140625,100842
2022-10-06 14:18:00-04:00,374.20001220703125,374.239990234375,374.0400085449219,374.1700134277344,374.1700134277344,169946
2022-10-06 14:19:00-04:00,374.17498779296875,374.2900085449219,374.1111145019531,374.1300048828125,374.1300048828125,104148
2022-10-06 14:20:00-04:00,374.1300048828125,374.2449951171875,374.101806640625,374.239990234375,374.239990234375,58715
2022-10-06 14:21:00-04:00,374.20001220703125,374.45001220703125,374.20001220703125,374.3999938964844,374.3999938964844,100775
2022-10-06 14:22:00-04:00,374.3999938964844,374.5799865722656,374.39068603515625,374.489990234375,374.489990234375,80753
2022-10-06 14:23:00-04:00,374.4700012207031,374.6000061035156,374.3599853515625,374.5675964355469,374.5675964355469,76637
2022-10-06 14:24:00-04:00,374.56500244140625,374.58929443359375,374.3900146484375,374.460205078125,374.460205078125,350478
2022-10-06 14:25:00-04:00,374.460205078125,374.6499938964844,374.42889404296875,374.6499938964844,374.6499938964844,63564
2022-10-06 14:26:00-04:00,374.6600036621094,374.7099914550781,374.55999755859375,374.6000061035156,374.6000061035156,126123
2022-10-06 14:27:00-04:00,374.6000061035156,374.6178894042969,374.4200134277344,374.42999267578125,374.42999267578125,52860
2022-10-06 14:28:00-04:00,374.4849853515625,374.4849853515625,374.4849853515625,374.4849853515625,374.4849853515625,64276
2022-10-06 14:29:00-04:00,374.45001220703125,374.45001220703125,374.3299865722656,374.3900146484375,374.3900146484375,46885
2022-10-06 14:30:00-04:00,374.4200134277344,374.70001220703125,374.3399963378906,374.6300048828125,374.6300048828125,98572
2022-10-06 14:31:00-04:00,374.63128662109375,374.8699035644531,374.614990234375,374.80999755859375,374.80999755859375,167942
2022-10-06 14:32:00-04:00,374.80999755859375,374.94000244140625,374.69500732421875,374.7699890136719,374.7699890136719,135080
2022-10-06 14:33:00-04:00,374.7699890136719,374.7900085449219,374.3999938964844,374.42999267578125,374.42999267578125,164783
2022-10-06 14:34:00-04:00,374.42999267578125,374.45001220703125,374.0,374.1824951171875,374.1824951171875,241603
2022-10-06 14:35:00-04:00,374.19000244140625,374.5,374.1600036621094,374.4100036621094,374.4100036621094,103949
2022-10-06 14:36:00-04:00,374.3949890136719,374.7300109863281,374.3299865722656,374.58990478515625,374.58990478515625,162756
2022-10-06 14:37:00-04:00,374.5899963378906,374.6400146484375,374.5199890136719,374.5799865722656,374.5799865722656,67022
2022-10-06 14:38:00-04:00,374.5799865722656,374.5799865722656,374.29998779296875,374.3999938964844,374.3999938964844,104070
2022-10-06 14:39:00-04:00,374.3999938964844,374.3999938964844,374.2200012207031,374.2900085449219,374.2900085449219,76425
2022-10-06 14:40:00-04:00,374.2699890136719,374.2900085449219,374.2300109863281,374.2900085449219,374.2900085449219,18324
2022-10-06 14:41:00-04:00,374.32000732421875,374.489990234375,374.2900085449219,374.375,374.375,156208
2022-10-06 14:42:00-04:00,374.3599853515625,374.5299987792969,374.3450012207031,374.489990234375,374.489990234375,137167
2022-10-06 14:43:00-04:00,374.4800109863281,374.4800109863281,374.30999755859375,374.375,374.375,38712
2022-10-06 14:44:00-04:00,374.1300048828125,374.1499938964844,373.9599914550781,373.9599914550781,373.9599914550781,128335
2022-10-06 14:45:00-04:00,373.9700012207031,373.9989013671875,373.54998779296875,373.5899963378906,373.5899963378906,195059
2022-10-06 14:46:00-04:00,373.5899963378906,373.8299865722656,373.57000732421875,373.70001220703125,373.70001220703125,392678
2022-10-06 14:47:00-04:00,373.69000244140625,373.75,373.489990234375,373.510009765625,373.510009765625,95536
2022-10-06 14:48:00-04:00,373.5,373.57000732421875,373.3800048828125,373.44000244140625,373.44000244140625,143712
2022-10-06 14:49:00-04:00,373.42999267578125,373.5199890136719,373.17999267578125,373.20001220703125,373.20001220703125,162444
2022-10-06 14:50:00-04:00,373.20001220703125,373.2799987792969,372.7799987792969,372.860107421875,372.860107421875,392501
2022-10-06 14:51:00-04:00,372.8599853515625,373.0793151855469,372.7699890136719,373.0299987792969,373.0299987792969,203843
2022-10-06 14:52:00-04:00,373.0299987792969,373.0299987792969,372.82000732421875,372.8699951171875,372.8699951171875,161550
2022-10-06 14:53:00-04:00,372.8599853515625,372.9800109863281,372.79998779296875,372.9100036621094,372.9100036621094,102775
2022-10-06 14:54:00-04:00,373.29998779296875,373.3900146484375,373.2799987792969,373.29998779296875,373.29998779296875,257564
2022-10-06 14:55:00-04:00,373.2950134277344,373.8500061035156,373.239990234375,373.6700134277344,373.6700134277344,312488
2022-10-06 14:56:00-04:00,373.6400146484375,373.739990234375,373.55499267578125,373.70001220703125,373.70001220703125,79754
2022-10-06 14:57:00-04:00,373.5849914550781,373.6499938964844,373.54998779296875,373.54998779296875,373.54998779296875,198839
2022-10-06 14:58:00-04:00,373.55999755859375,373.6099853515625,373.3999938964844,373.3999938964844,373.3999938964844,106880
2022-10-06 14:59:00-04:00,373.4049987792969,373.5537109375,373.3399963378906,373.4599914550781,373.4599914550781,126585
2022-10-06 15:00:00-04:00,373.4100036621094,373.5199890136719,373.2200012207031,373.4100036621094,373.4100036621094,166604
2022-10-06 15:01:00-04:00,373.4200134277344,373.4949951171875,373.260009765625,373.2699890136719,373.2699890136719,61191
2022-10-06 15:02:00-04:00,373.20001220703125,373.3900146484375,373.1700134277344,373.17999267578125,373.17999267578125,242602
2022-10-06 15:03:00-04:00,373.3599853515625,373.5299987792969,373.135009765625,373.3599853515625,373.3599853515625,152046
2022-10-06 15:04:00-04:00,373.3900146484375,373.510009765625,373.32000732421875,373.44000244140625,373.44000244140625,149306
2022-10-06 15:05:00-04:00,373.42999267578125,373.42999267578125,373.0600891113281,373.1589050292969,373.1589050292969,164367
2022-10-06 15:06:00-04:00,373.1499938964844,373.1499938964844,373.02081298828125,373.125,373.125,100767
2022-10-06 15:07:00-04:00,373.1199951171875,373.2300109863281,373.0,373.1549987792969,373.1549987792969,79460
2022-10-06 15:08:00-04:00,373.17999267578125,373.2099914550781,372.9800109863281,373.010009765625,373.010009765625,83265
2022-10-06 15:09:00-04:00,373.010009765625,373.3699951171875,373.010009765625,373.2749938964844,373.2749938964844,236026
2022-10-06 15:10:00-04:00,373.260009765625,373.42999267578125,373.1004943847656,373.1004943847656,373.1004943847656,82400
2022-10-06 15:11:00-04:00,373.1004943847656,373.1499938964844,372.67999267578125,372.760009765625,372.760009765625,188944
2022-10-06 15:12:00-04:00,372.75,373.20001220703125,372.7250061035156,372.9800109863281,372.9800109863281,152721
2022-10-06 15:13:00-04:00,373.010009765625,373.2099914550781,372.9549865722656,373.1600036621094,373.1600036621094,118029
2022-10-06 15:14:00-04:00,373.1700134277344,373.4800109863281,373.1401062011719,373.4200134277344,373.4200134277344,92508
2022-10-06 15:15:00-04:00,373.54998779296875,373.739990234375,373.4700012207031,373.54998779296875,373.54998779296875,798237
2022-10-06 15:16:00-04:00,373.55999755859375,373.70001220703125,373.5050048828125,373.70001220703125,373.70001220703125,250263
2022-10-06 15:17:00-04:00,373.70001220703125,373.7099914550781,373.19500732421875,373.2099914550781,373.2099914550781,101813
2022-10-06 15:18:00-04:00,373.2200012207031,373.5199890136719,373.1099853515625,373.3900146484375,373.3900146484375,116646
2022-10-06 15:19:00-04:00,373.3900146484375,373.5150146484375,373.3699951171875,373.489990234375,373.489990234375,9625
2022-10-06 15:20:00-04:00,373.45001220703125,373.5299987792969,373.2598876953125,373.3800048828125,373.3800048828125,188747
2022-10-06 15:21:00-04:00,373.3900146484375,373.7200012207031,373.3500061035156,373.6400146484375,373.6400146484375,99665
2022-10-06 15:22:00-04:00,373.6400146484375,373.95001220703125,373.5400085449219,373.94000244140625,373.94000244140625,201888
2022-10-06 15:23:00-04:00,373.94000244140625,374.3399963378906,373.8599853515625,374.1265869140625,374.1265869140625,586242
2022-10-06 15:24:00-04:00,374.1499938964844,374.17498779296875,373.5400085449219,373.80999755859375,373.80999755859375,426352
2022-10-06 15:25:00-04:00,373.82000732421875,373.9700012207031,373.7300109863281,373.8349914550781,373.8349914550781,119961
2022-10-06 15:26:00-04:00,373.8299865722656,374.239990234375,373.7550048828125,374.17340087890625,374.17340087890625,136610
2022-10-06 15:27:00-04:00,374.19000244140625,374.2799987792969,374.0299987792969,374.1719970703125,374.1719970703125,128745
2022-10-06 15:28:00-04:00,374.19000244140625,374.2300109863281,373.9700012207031,374.0118103027344,374.0118103027344,663731
2022-10-06 15:29:00-04:00,374.0299987792969,374.2200012207031,374.0299987792969,374.20001220703125,374.20001220703125,290556
2022-10-06 15:30:00-04:00,374.57000732421875,374.57000732421875,374.239990234375,374.3299865722656,374.3299865722656,281102
2022-10-06 15:31:00-04:00,374.3399963378906,374.3999938964844,374.1400146484375,374.1604919433594,374.1604919433594,202589
2022-10-06 15:32:00-04:00,374.1600036621094,374.3999938964844,374.0199890136719,374.3800048828125,374.3800048828125,135700
2022-10-06 15:33:00-04:00,374.3901062011719,374.5,374.32000732421875,374.3399963378906,374.3399963378906,28585
2022-10-06 15:34:00-04:00,374.0918884277344,374.1700134277344,373.94000244140625,374.1199951171875,374.1199951171875,227371
2022-10-06 15:35:00-04:00,374.114990234375,374.114990234375,373.8500061035156,373.989990234375,373.989990234375,134561
2022-10-06 15:36:00-04:00,373.9800109863281,374.010009765625,373.7699890136719,373.7799987792969,373.7799987792969,160655
2022-10-06 15:37:00-04:00,373.7900085449219,374.1499938964844,373.7699890136719,373.9800109863281,373.9800109863281,100582
2022-10-06 15:38:00-04:00,374.1199951171875,374.1300048828125,373.8599853515625,373.9700012207031,373.9700012207031,191347
2022-10-06 15:39:00-04:00,373.9750061035156,374.2300109863281,373.8699951171875,373.9187927246094,373.9187927246094,189677
2022-10-06 15:40:00-04:00,373.9187927246094,373.989990234375,373.7200012207031,373.85009765625,373.85009765625,137207
2022-10-06 15:41:00-04:00,373.8699951171875,373.94000244140625,373.79998779296875,373.8599853515625,373.8599853515625,117713
2022-10-06 15:42:00-04:00,373.8599853515625,373.8699951171875,373.6300048828125,373.8399963378906,373.8399963378906,177578
2022-10-06 15:43:00-04:00,373.8599853515625,373.8800048828125,373.6400146484375,373.8299865722656,373.8299865722656,109769
2022-10-06 15:44:00-04:00,373.82501220703125,374.1294860839844,373.82000732421875,373.9093933105469,373.9093933105469,229017
2022-10-06 15:45:00-04:00,373.90008544921875,373.9299011230469,373.55999755859375,373.6300048828125,373.6300048828125,285883
2022-10-06 15:46:00-04:00,373.635009765625,373.9949951171875,373.6300048828125,373.8599853515625,373.8599853515625,153371
2022-10-06 15:47:00-04:00,373.8550109863281,374.2900085449219,373.82000732421875,374.07501220703125,374.07501220703125,326781
2022-10-06 15:48:00-04:00,374.07501220703125,374.07501220703125,373.4700012207031,373.4919128417969,373.4919128417969,321134
2022-10-06 15:49:00-04:00,373.489990234375,373.71990966796875,373.4599914550781,373.57000732421875,373.57000732421875,285178
2022-10-06 15:50:00-04:00,373.55999755859375,374.010009765625,373.3599853515625,373.69500732421875,373.69500732421875,1029408
2022-10-06 15:51:00-04:00,373.70001220703125,373.889892578125,373.4599914550781,373.4599914550781,373.4599914550781,525759
2022-10-06 15:52:00-04:00,373.4800109863281,373.5650939941406,373.3399963378906,373.4150085449219,373.4150085449219,267941
2022-10-06 15:53:00-04:00,373.4100036621094,373.5400085449219,373.25,373.32000732421875,373.32000732421875,223450
2022-10-06 15:54:00-04:00,373.30999755859375,373.760009765625,373.29998779296875,373.7200927734375,373.7200927734375,347527
2022-10-06 15:55:00-04:00,373.739990234375,374.0899963378906,373.70001220703125,374.0849914550781,374.0849914550781,374357
2022-10-06 15:56:00-04:00,374.0899963378906,374.1099853515625,373.2799987792969,373.37890625,373.37890625,643243
2022-10-06 15:57:00-04:00,373.37890625,373.6000061035156,373.2200012207031,373.4599914550781,373.4599914550781,548148
2022-10-06 15:58:00-04:00,373.4700012207031,373.4800109863281,373.0299987792969,373.0809020996094,373.0809020996094,882409
2022-10-06 15:59:00-04:00,373.0799865722656,373.489990234375,372.9200134277344,373.20001220703125,373.20001220703125,1783251
2022-10-07 09:30:00-04:00,368.9700012207031,369.3699951171875,368.6199951171875,368.8299865722656,368.8299865722656,7531922
2022-10-07 09:31:00-04:00,368.81500244140625,368.8500061035156,368.2099914550781,368.25048828125,368.25048828125,209619
2022-10-07 09:33:00-04:00,368.3699951171875,368.8399963378906,368.3599853515625,368.57000732421875,368.57000732421875,1095259
2022-10-07 09:34:00-04:00,368.5799865722656,368.8800964355469,368.3319091796875,368.42999267578125,368.42999267578125,192090
2022-10-07 09:35:00-04:00,368.0400085449219,368.57940673828125,368.0400085449219,368.5,368.5,486128
2022-10-07 09:36:00-04:00,368.5050048828125,368.94000244140625,368.4700012207031,368.55999755859375,368.55999755859375,394584
2022-10-07 09:37:00-04:00,368.55999755859375,368.5799865722656,367.9100036621094,368.20001220703125,368.20001220703125,379016
2022-10-07 09:38:00-04:00,368.20001220703125,368.239990234375,367.8699951171875,368.0799865722656,368.0799865722656,609482
2022-10-07 09:39:00-04:00,368.07000732421875,368.54998779296875,368.0,368.3877868652344,368.3877868652344,238186
2022-10-07 09:40:00-04:00,368.4100036621094,369.0799865722656,368.3500061035156,368.54998779296875,368.54998779296875,319010
2022-10-07 09:41:00-04:00,368.5400085449219,368.75,368.30999755859375,368.44891357421875,368.44891357421875,190729
2022-10-07 09:42:00-04:00,368.45001220703125,368.510009765625,367.92498779296875,368.2300109863281,368.2300109863281,240487
2022-10-07 09:43:00-04:00,368.2099914550781,368.2900085449219,367.8299865722656,367.8605041503906,367.8605041503906,139187
2022-10-07 09:44:00-04:00,367.8800048828125,367.8800048828125,366.7300109863281,366.8999938964844,366.8999938964844,589693
2022-10-07 09:45:00-04:00,366.8900146484375,366.9599914550781,366.54998779296875,366.9100036621094,366.9100036621094,402784
2022-10-07 09:46:00-04:00,366.9100036621094,367.20001220703125,366.7200012207031,366.9200134277344,366.9200134277344,296234
2022-10-07 09:47:00-04:00,366.8999938964844,366.92999267578125,366.6300048828125,366.6700134277344,366.6700134277344,144495
2022-10-07 09:48:00-04:00,366.4100036621094,366.7349853515625,366.4100036621094,366.6700134277344,366.6700134277344,488393
2022-10-07 09:49:00-04:00,366.6499938964844,366.67999267578125,366.29998779296875,366.3500061035156,366.3500061035156,323480
2022-10-07 09:50:00-04:00,366.3599853515625,366.45001220703125,366.2099914550781,366.29998779296875,366.29998779296875,183442
2022-10-07 09:51:00-04:00,366.2699890136719,366.2900085449219,365.9599914550781,366.1308898925781,366.1308898925781,344363
2022-10-07 09:52:00-04:00,366.1300048828125,366.5849914550781,365.989990234375,366.5249938964844,366.5249938964844,329173
2022-10-07 09:53:00-04:00,366.5,366.7300109863281,366.32000732421875,366.3500061035156,366.3500061035156,187652
2022-10-07 09:54:00-04:00,366.3500061035156,366.3900146484375,366.05999755859375,366.1400146484375,366.1400146484375,164802
2022-10-07 09:55:00-04:00,366.010009765625,366.25,365.92999267578125,366.010009765625,366.010009765625,204905
2022-10-07 09:56:00-04:00,366.0199890136719,366.0400085449219,365.7699890136719,365.8299865722656,365.8299865722656,163061
2022-10-07 09:57:00-04:00,365.82000732421875,365.87921142578125,365.67999267578125,365.7300109863281,365.7300109863281,195170
2022-10-07 09:58:00-04:00,365.7200012207031,365.7200012207031,365.4200134277344,365.44500732421875,365.44500732421875,422283
2022-10-07 09:59:00-04:00,365.4359130859375,365.6700134277344,365.3599853515625,365.5299987792969,365.5299987792969,295804
2022-10-07 10:00:00-04:00,365.5299987792969,365.8988037109375,365.3606872558594,365.59979248046875,365.59979248046875,457954
2022-10-07 10:01:00-04:00,365.5899963378906,365.6400146484375,365.0899963378906,365.20001220703125,365.20001220703125,308002
2022-10-07 10:02:00-04:00,365.19000244140625,365.3999938964844,364.989990234375,365.0400085449219,365.0400085449219,283982
2022-10-07 10:03:00-04:00,365.0400085449219,365.1400146484375,364.9100036621094,365.0,365.0,201631
2022-10-07 10:04:00-04:00,364.9700012207031,365.05999755859375,364.7699890136719,364.989990234375,364.989990234375,209851
2022-10-07 10:05:00-04:00,364.989990234375,365.44000244140625,364.8800048828125,365.4100036621094,365.4100036621094,309536
2022-10-07 10:06:00-04:00,365.39190673828125,365.4800109863281,365.2099914550781,365.45001220703125,365.45001220703125,249844
2022-10-07 10:07:00-04:00,365.44891357421875,365.6400146484375,365.29998779296875,365.5899963378906,365.5899963378906,297790
2022-10-07 10:08:00-04:00,365.6000061035156,365.6499938964844,365.3599853515625,365.37060546875,365.37060546875,246415
2022-10-07 10:09:00-04:00,365.3900146484375,365.92999267578125,365.30999755859375,365.5201110839844,365.5201110839844,182369
2022-10-07 10:10:00-04:00,365.53070068359375,365.739990234375,365.4200134277344,365.6099853515625,365.6099853515625,193428
2022-10-07 10:11:00-04:00,365.6199951171875,365.9700012207031,365.6000061035156,365.8099060058594,365.8099060058594,339401
2022-10-07 10:12:00-04:00,365.80999755859375,365.8999938964844,365.62109375,365.79998779296875,365.79998779296875,205423
2022-10-07 10:13:00-04:00,365.8299865722656,366.0450134277344,365.75,365.7900085449219,365.7900085449219,199993
2022-10-07 10:14:00-04:00,365.80999755859375,365.9150085449219,365.5299987792969,365.6300048828125,365.6300048828125,270272
2022-10-07 10:15:00-04:00,365.6300048828125,365.8900146484375,365.5299987792969,365.8500061035156,365.8500061035156,443906
2022-10-07 10:16:00-04:00,365.8500061035156,366.2900085449219,365.8349914550781,366.2300109863281,366.2300109863281,393504
2022-10-07 10:17:00-04:00,366.2349853515625,366.32000732421875,366.07000732421875,366.1400146484375,366.1400146484375,258838
2022-10-07 10:18:00-04:00,366.1400146484375,366.20001220703125,365.8699951171875,366.1328125,366.1328125,289003
2022-10-07 10:19:00-04:00,366.1300048828125,366.3599853515625,366.1300048828125,366.2699890136719,366.2699890136719,208771
2022-10-07 10:20:00-04:00,366.260009765625,366.4100036621094,366.1000061035156,366.260009765625,366.260009765625,358892
2022-10-07 10:21:00-04:00,366.2699890136719,366.5299987792969,366.1199951171875,366.44000244140625,366.44000244140625,407891
2022-10-07 10:22:00-04:00,366.44000244140625,366.57000732421875,366.25,366.54998779296875,366.54998779296875,200436
2022-10-07 10:23:00-04:00,366.55499267578125,366.92999267578125,366.5450134277344,366.9100036621094,366.9100036621094,321465
2022-10-07 10:24:00-04:00,366.9200134277344,366.9200134277344,366.4100036621094,366.44000244140625,366.44000244140625,341133
2022-10-07 10:25:00-04:00,366.42999267578125,366.70001220703125,366.3999938964844,366.42999267578125,366.42999267578125,187065
2022-10-07 10:26:00-04:00,366.44000244140625,366.6300048828125,366.2699890136719,366.5400085449219,366.5400085449219,210499
2022-10-07 10:27:00-04:00,366.54998779296875,366.7200012207031,366.514892578125,366.6600036621094,366.6600036621094,148589
2022-10-07 10:28:00-04:00,366.6700134277344,366.69000244140625,366.19000244140625,366.239990234375,366.239990234375,238656
2022-10-07 10:29:00-04:00,366.239990234375,366.3399963378906,366.07000732421875,366.2200012207031,366.2200012207031,247857
2022-10-07 10:30:00-04:00,366.239990234375,366.42999267578125,366.04998779296875,366.1300048828125,366.1300048828125,166972
2022-10-07 10:31:00-04:00,366.1199951171875,366.239990234375,365.95001220703125,366.1300048828125,366.1300048828125,188506
2022-10-07 10:32:00-04:00,366.0899963378906,366.19000244140625,365.9100036621094,365.9324951171875,365.9324951171875,111010
2022-10-07 10:33:00-04:00,365.92999267578125,366.1499938964844,365.82000732421875,366.1300048828125,366.1300048828125,172991
2022-10-07 10:34:00-04:00,366.1050109863281,366.2799987792969,365.8999938964844,365.95880126953125,365.95880126953125,154576
2022-10-07 10:35:00-04:00,365.95001220703125,365.989990234375,365.70001220703125,365.8299865722656,365.8299865722656,162582
2022-10-07 10:36:00-04:00,365.82000732421875,366.0050048828125,365.71051025390625,365.71051025390625,365.71051025390625,123779
2022-10-07 10:37:00-04:00,365.7099914550781,365.7900085449219,365.5899963378906,365.7149963378906,365.7149963378906,155876
2022-10-07 10:38:00-04:00,365.7200012207031,365.7900085449219,365.57000732421875,365.69000244140625,365.69000244140625,131568
2022-10-07 10:39:00-04:00,365.69000244140625,365.9783935546875,365.6099853515625,365.6317138671875,365.6317138671875,111131
2022-10-07 10:40:00-04:00,365.6300048828125,365.8599853515625,365.6300048828125,365.82000732421875,365.82000732421875,35363
2022-10-07 10:41:00-04:00,366.2900085449219,366.3699951171875,366.2099914550781,366.32000732421875,366.32000732421875,283115
2022-10-07 10:42:00-04:00,366.32000732421875,366.3800048828125,366.1600036621094,366.19500732421875,366.19500732421875,34671
2022-10-07 10:43:00-04:00,366.29998779296875,366.29998779296875,366.0400085449219,366.1499938964844,366.1499938964844,332448
2022-10-07 10:44:00-04:00,366.1199951171875,366.6000061035156,366.1099853515625,366.55999755859375,366.55999755859375,198668
2022-10-07 10:45:00-04:00,366.54998779296875,366.8699951171875,366.5,366.7799987792969,366.7799987792969,247834
2022-10-07 10:46:00-04:00,366.7900085449219,366.7900085449219,366.4200134277344,366.4599914550781,366.4599914550781,192437
2022-10-07 10:47:00-04:00,366.4700012207031,366.9200134277344,366.4700012207031,366.8323974609375,366.8323974609375,264256
2022-10-07 10:48:00-04:00,366.8299865722656,367.1400146484375,366.7650146484375,367.0299987792969,367.0299987792969,243609
2022-10-07 10:49:00-04:00,367.010009765625,367.010009765625,366.7349853515625,366.8301086425781,366.8301086425781,170741
2022-10-07 10:50:00-04:00,366.8299865722656,366.8599853515625,366.5299987792969,366.5299987792969,366.5299987792969,120869
2022-10-07 10:51:00-04:00,366.54998779296875,366.5799865722656,366.07000732421875,366.2300109863281,366.2300109863281,204689
2022-10-07 10:52:00-04:00,366.2099914550781,366.3598937988281,366.1300048828125,366.2900085449219,366.2900085449219,101729
2022-10-07 10:53:00-04:00,366.2900085449219,366.5400085449219,366.1099853515625,366.5101013183594,366.5101013183594,100186
2022-10-07 10:54:00-04:00,366.510009765625,366.9200134277344,366.4800109863281,366.69989013671875,366.69989013671875,125726
2022-10-07 10:55:00-04:00,366.70001220703125,366.8900146484375,366.5299987792969,366.7799987792969,366.7799987792969,115100
2022-10-07 10:56:00-04:00,366.7699890136719,367.0199890136719,366.7200927734375,366.80010986328125,366.80010986328125,160798
2022-10-07 10:57:00-04:00,366.7799987792969,366.7799987792969,366.510009765625,366.57000732421875,366.57000732421875,95089
2022-10-07 10:58:00-04:00,366.42999267578125,366.6400146484375,366.3399963378906,366.42999267578125,366.42999267578125,101842
2022-10-07 10:59:00-04:00,366.45001220703125,366.4800109863281,366.29998779296875,366.4599914550781,366.4599914550781,77746
2022-10-07 11:00:00-04:00,366.45001220703125,366.7900085449219,366.3900146484375,366.5899963378906,366.5899963378906,99517
2022-10-07 11:01:00-04:00,366.5899963378906,366.739990234375,366.4750061035156,366.6499938964844,366.6499938964844,78219
2022-10-07 11:02:00-04:00,366.6700134277344,367.03839111328125,366.61029052734375,366.9200134277344,366.9200134277344,149965
2022-10-07 11:03:00-04:00,366.9200134277344,367.1199951171875,366.82000732421875,366.8999938964844,366.8999938964844,139391
2022-10-07 11:04:00-04:00,366.9100036621094,366.95001220703125,366.7699890136719,366.8999938964844,366.8999938964844,188028
2022-10-07 11:05:00-04:00,366.9075012207031,366.9100036621094,366.6099853515625,366.6643981933594,366.6643981933594,117474
2022-10-07 11:06:00-04:00,366.6700134277344,366.6700134277344,366.5,366.6000061035156,366.6000061035156,92572
2022-10-07 11:07:00-04:00,366.6099853515625,366.6700134277344,366.07000732421875,366.239990234375,366.239990234375,148924
2022-10-07 11:08:00-04:00,366.25,366.3699951171875,366.1400146484375,366.33160400390625,366.33160400390625,88497
2022-10-07 11:09:00-04:00,366.3399963378906,366.4800109863281,366.1499938964844,366.159912109375,366.159912109375,100022
2022-10-07 11:10:00-04:00,366.15850830078125,366.5498962402344,366.1199951171875,366.44000244140625,366.44000244140625,111054
2022-10-07 11:11:00-04:00,366.44000244140625,366.45001220703125,366.260009765625,366.3299865722656,366.3299865722656,123724
2022-10-07 11:12:00-04:00,366.30999755859375,366.32940673828125,366.0647888183594,366.19000244140625,366.19000244140625,97904
2022-10-07 11:13:00-04:00,366.19000244140625,366.30999755859375,365.9620056152344,365.989990234375,365.989990234375,191022
2022-10-07 11:14:00-04:00,365.9949951171875,366.2898864746094,365.8999938964844,366.1600036621094,366.1600036621094,187726
2022-10-07 11:15:00-04:00,366.17999267578125,366.3399963378906,365.92999267578125,366.0,366.0,120890
2022-10-07 11:16:00-04:00,366.010009765625,366.1300048828125,365.8800048828125,365.95001220703125,365.95001220703125,131679
2022-10-07 11:17:00-04:00,365.94000244140625,366.0,365.7300109863281,365.9700012207031,365.9700012207031,156629
2022-10-07 11:18:00-04:00,365.8999938964844,366.010009765625,365.7799987792969,365.8999938964844,365.8999938964844,72979
2022-10-07 11:19:00-04:00,365.8999938964844,365.92999267578125,365.3420104980469,365.376708984375,365.376708984375,205111
2022-10-07 11:20:00-04:00,365.3699951171875,365.5,365.2604064941406,365.4949951171875,365.4949951171875,166110
2022-10-07 11:21:00-04:00,365.489990234375,365.57000732421875,365.1700134277344,365.1700134277344,365.1700134277344,146013
2022-10-07 11:22:00-04:00,365.1600036621094,365.239990234375,365.1199951171875,365.19000244140625,365.19000244140625,149653
2022-10-07 11:23:00-04:00,365.19000244140625,365.6000061035156,365.17999267578125,365.54998779296875,365.54998779296875,164642
2022-10-07 11:24:00-04:00,365.5400085449219,365.7099914550781,365.4700012207031,365.5299987792969,365.5299987792969,154460
2022-10-07 11:25:00-04:00,365.5309143066406,365.5899963378906,365.3699951171875,365.3999938964844,365.3999938964844,110963
2022-10-07 11:26:00-04:00,365.4100036621094,365.8699951171875,365.4100036621094,365.82000732421875,365.82000732421875,167083
2022-10-07 11:27:00-04:00,365.82000732421875,365.8800048828125,365.6549987792969,365.7900085449219,365.7900085449219,185553
2022-10-07 11:28:00-04:00,365.7799987792969,365.9100036621094,365.7349853515625,365.7699890136719,365.7699890136719,91043
2022-10-07 11:29:00-04:00,365.8310852050781,365.8699951171875,365.70001220703125,365.8310852050781,365.8310852050781,87814
2022-10-07 11:30:00-04:00,365.8674011230469,365.8674011230469,365.8674011230469,365.8674011230469,365.8674011230469,208554
2022-10-07 11:31:00-04:00,365.8500061035156,365.9200134277344,365.5400085449219,365.5400085449219,365.5400085449219,124730
2022-10-07 11:32:00-04:00,365.5400085449219,365.5899963378906,365.3500061035156,365.3999938964844,365.3999938964844,173333
2022-10-07 11:33:00-04:00,365.3900146484375,365.5849914550781,365.385009765625,365.45001220703125,365.45001220703125,909768
2022-10-07 11:34:00-04:00,365.45001220703125,365.69000244140625,365.4200134277344,365.44000244140625,365.44000244140625,90924
2022-10-07 11:35:00-04:00,365.4700012207031,365.6700134277344,365.3999938964844,365.5450134277344,365.5450134277344,115603
2022-10-07 11:36:00-04:00,365.5450134277344,365.8999938964844,365.5199890136719,365.82501220703125,365.82501220703125,140963
2022-10-07 11:37:00-04:00,365.8299865722656,365.95001220703125,365.6589050292969,365.8599853515625,365.8599853515625,141851
2022-10-07 11:38:00-04:00,365.8699951171875,365.989990234375,365.5799865722656,365.6099853515625,365.6099853515625,88881
2022-10-07 11:39:00-04:00,365.6000061035156,365.70001220703125,365.5299987792969,365.6299133300781,365.6299133300781,86538
2022-10-07 11:40:00-04:00,365.6300048828125,365.8900146484375,365.489990234375,365.6199951171875,365.6199951171875,122271
2022-10-07 11:41:00-04:00,365.6300048828125,365.75,365.57000732421875,365.5799865722656,365.5799865722656,56248
2022-10-07 11:42:00-04:00,365.5799865722656,365.6300048828125,365.1300048828125,365.135009765625,365.135009765625,137342
2022-10-07 11:43:00-04:00,365.1499938964844,365.260009765625,365.0299987792969,365.1499938964844,365.1499938964844,232255
2022-10-07 11:44:00-04:00,365.1203918457031,365.4800109863281,365.05999755859375,365.32989501953125,365.32989501953125,134558
2022-10-07 11:45:00-04:00,365.30999755859375,365.3800048828125,365.1099853515625,365.3500061035156,365.3500061035156,115933
2022-10-07 11:46:00-04:00,365.3599853515625,365.5199890136719,365.0199890136719,365.17999267578125,365.17999267578125,126610
2022-10-07 11:47:00-04:00,365.1700134277344,365.2900085449219,365.0849914550781,365.1199951171875,365.1199951171875,103396
2022-10-07 11:48:00-04:00,365.1199951171875,365.1600036621094,365.010009765625,365.0299987792969,365.0299987792969,89734
2022-10-07 11:49:00-04:00,365.0400085449219,365.1499938964844,364.95001220703125,364.9700012207031,364.9700012207031,155103
2022-10-07 11:50:00-04:00,365.1600036621094,365.1600036621094,365.1600036621094,365.1600036621094,365.1600036621094,155134
2022-10-07 11:51:00-04:00,365.1600036621094,365.29998779296875,365.1099853515625,365.2900085449219,365.2900085449219,88875
2022-10-07 11:52:00-04:00,365.2699890136719,365.4800109863281,365.239990234375,365.3500061035156,365.3500061035156,130120
2022-10-07 11:53:00-04:00,365.3399963378906,365.3699951171875,365.05999755859375,365.1000061035156,365.1000061035156,90078
2022-10-07 11:54:00-04:00,365.0799865722656,365.17999267578125,364.94000244140625,364.989990234375,364.989990234375,106751
2022-10-07 11:55:00-04:00,364.989990234375,365.1099853515625,364.94000244140625,365.04998779296875,365.04998779296875,90169
2022-10-07 11:56:00-04:00,365.0599060058594,365.2200012207031,365.0199890136719,365.1099853515625,365.1099853515625,52510
2022-10-07 11:57:00-04:00,365.1199951171875,365.1799011230469,364.9800109863281,365.1499938964844,365.1499938964844,99172
2022-10-07 11:58:00-04:00,365.1300048828125,365.46990966796875,365.1099853515625,365.3999938964844,365.3999938964844,157382
2022-10-07 11:59:00-04:00,365.4100036621094,365.4599914550781,365.25,365.2900085449219,365.2900085449219,74739
2022-10-07 12:00:00-04:00,365.2900085449219,365.3500061035156,365.0400085449219,365.1178894042969,365.1178894042969,110152
2022-10-07 12:01:00-04:00,365.1199951171875,365.2200012207031,364.95001220703125,365.1499938964844,365.1499938964844,110924
2022-10-07 12:02:00-04:00,365.1400146484375,365.3599853515625,365.07000732421875,365.3500061035156,365.3500061035156,96841
2022-10-07 12:03:00-04:00,365.3500061035156,365.4700012207031,365.20001220703125,365.2099914550781,365.2099914550781,117759
2022-10-07 12:04:00-04:00,365.2200012207031,365.42999267578125,365.2101135253906,365.3699951171875,365.3699951171875,59256
2022-10-07 12:05:00-04:00,365.3699951171875,365.5299987792969,365.260009765625,365.5249938964844,365.5249938964844,142070
2022-10-07 12:06:00-04:00,365.5201110839844,365.6600036621094,365.4700012207031,365.54998779296875,365.54998779296875,162104
2022-10-07 12:07:00-04:00,365.5299987792969,365.5299987792969,365.2699890136719,365.30999755859375,365.30999755859375,102774
2022-10-07 12:08:00-04:00,365.2900085449219,365.3800048828125,365.19000244140625,365.3800048828125,365.3800048828125,346236
2022-10-07 12:09:00-04:00,365.3599853515625,365.5458984375,365.3500061035156,365.5101013183594,365.5101013183594,83159
2022-10-07 12:10:00-04:00,365.5150146484375,365.739990234375,365.4599914550781,365.69500732421875,365.69500732421875,100854
2022-10-07 12:11:00-04:00,365.67999267578125,365.69000244140625,365.55999755859375,365.6300048828125,365.6300048828125,133291
2022-10-07 12:12:00-04:00,365.6300048828125,365.82000732421875,365.6199951171875,365.70001220703125,365.70001220703125,184426
2022-10-07 12:13:00-04:00,365.6755065917969,365.7598876953125,365.489990234375,365.489990234375,365.489990234375,113987
2022-10-07 12:14:00-04:00,365.4800109863281,365.510009765625,365.2099914550781,365.2349853515625,365.2349853515625,189748
2022-10-07 12:15:00-04:00,365.239990234375,365.2650146484375,365.1300048828125,365.20001220703125,365.20001220703125,474746
2022-10-07 12:16:00-04:00,365.19000244140625,365.3550109863281,365.0899963378906,365.32000732421875,365.32000732421875,142880
2022-10-07 12:17:00-04:00,365.31500244140625,365.3999938964844,365.2850036621094,365.364990234375,365.364990234375,110610
2022-10-07 12:18:00-04:00,365.3699951171875,365.4100036621094,365.1700134277344,365.2200012207031,365.2200012207031,76377
2022-10-07 12:19:00-04:00,365.2200012207031,365.29998779296875,365.1000061035156,365.1380920410156,365.1380920410156,99731
2022-10-07 12:20:00-04:00,365.1300048828125,365.2099914550781,365.05999755859375,365.05999755859375,365.05999755859375,70095
2022-10-07 12:21:00-04:00,365.05999755859375,365.1199951171875,364.510009765625,364.5150146484375,364.5150146484375,401456
2022-10-07 12:22:00-04:00,364.510009765625,364.6400146484375,364.45001220703125,364.5,364.5,358377
2022-10-07 12:23:00-04:00,364.489990234375,364.69000244140625,364.4411926269531,364.54998779296875,364.54998779296875,165405
2022-10-07 12:24:00-04:00,364.5400085449219,364.55999755859375,364.2799987792969,364.30999755859375,364.30999755859375,237164
2022-10-07 12:25:00-04:00,364.2900085449219,364.4700012207031,364.20001220703125,364.2699890136719,364.2699890136719,127335
2022-10-07 12:26:00-04:00,364.2699890136719,364.510009765625,364.20001220703125,364.3699951171875,364.3699951171875,111074
2022-10-07 12:27:00-04:00,364.3699951171875,364.5899963378906,364.3599853515625,364.53009033203125,364.53009033203125,106851
2022-10-07 12:28:00-04:00,364.5397033691406,364.5400085449219,364.4100036621094,364.4299011230469,364.4299011230469,60992
2022-10-07 12:29:00-04:00,364.30999755859375,364.44000244140625,364.2701110839844,364.30999755859375,364.30999755859375,92908
2022-10-07 12:30:00-04:00,364.30999755859375,364.3299865722656,363.9849853515625,364.0299987792969,364.0299987792969,295883
2022-10-07 12:31:00-04:00,364.0299987792969,364.20001220703125,364.0199890136719,364.1437072753906,364.1437072753906,127545
2022-10-07 12:32:00-04:00,364.1449890136719,364.19000244140625,363.8900146484375,364.17999267578125,364.17999267578125,201742
2022-10-07 12:33:00-04:00,364.17999267578125,364.239990234375,364.05999755859375,364.1000061035156,364.1000061035156,103099
2022-10-07 12:34:00-04:00,364.1000061035156,364.1781005859375,364.010009765625,364.0899963378906,364.0899963378906,69405
2022-10-07 12:35:00-04:00,364.07000732421875,364.1600036621094,364.010009765625,364.010009765625,364.010009765625,50675
2022-10-07 12:36:00-04:00,364.0199890136719,364.1400146484375,363.9599914550781,364.1300048828125,364.1300048828125,96661
2022-10-07 12:37:00-04:00,364.135009765625,364.27911376953125,364.04998779296875,364.0703125,364.0703125,203493
2022-10-07 12:38:00-04:00,364.07501220703125,364.2099914550781,364.044189453125,364.1400146484375,364.1400146484375,121081
2022-10-07 12:39:00-04:00,364.1499938964844,364.2300109863281,364.04998779296875,364.2049865722656,364.2049865722656,54499
2022-10-07 12:40:00-04:00,364.20001220703125,364.260009765625,364.0199890136719,364.05999755859375,364.05999755859375,77919
2022-10-07 12:41:00-04:00,364.07000732421875,364.1099853515625,364.0,364.0150146484375,364.0150146484375,82633
2022-10-07 12:42:00-04:00,364.0150146484375,364.0899963378906,363.8699951171875,363.8949890136719,363.8949890136719,298492
2022-10-07 12:43:00-04:00,363.8949890136719,363.9100036621094,363.75,363.8399963378906,363.8399963378906,155639
2022-10-07 12:44:00-04:00,363.80999755859375,363.8599853515625,363.739990234375,363.8599853515625,363.8599853515625,149239
2022-10-07 12:45:00-04:00,363.8699951171875,363.8800048828125,363.739990234375,363.79998779296875,363.79998779296875,103950
2022-10-07 12:46:00-04:00,363.79998779296875,363.8500061035156,363.57000732421875,363.6099853515625,363.6099853515625,250845
2022-10-07 12:47:00-04:00,363.6000061035156,363.6199951171875,363.510009765625,363.57000732421875,363.57000732421875,103426
2022-10-07 12:48:00-04:00,363.57000732421875,363.7300109863281,363.52099609375,363.5497131347656,363.5497131347656,177006
2022-10-07 12:49:00-04:00,363.5299987792969,363.6390075683594,363.510009765625,363.6390075683594,363.6390075683594,81843
2022-10-07 12:50:00-04:00,363.6400146484375,363.64300537109375,363.44000244140625,363.5299987792969,363.5299987792969,137430
2022-10-07 12:51:00-04:00,363.5400085449219,363.80999755859375,363.5199890136719,363.80999755859375,363.80999755859375,254078
2022-10-07 12:52:00-04:00,363.7900085449219,363.82159423828125,363.56170654296875,363.60009765625,363.60009765625,265107
2022-10-07 12:53:00-04:00,363.60009765625,363.7699890136719,363.5899963378906,363.7099914550781,363.7099914550781,148050
2022-10-07 12:54:00-04:00,363.7099914550781,363.7799987792969,363.57000732421875,363.6099853515625,363.6099853515625,80100
2022-10-07 12:55:00-04:00,363.6199951171875,363.82000732421875,363.59130859375,363.70001220703125,363.70001220703125,131787
2022-10-07 12:56:00-04:00,363.7200012207031,363.8999938964844,363.67999267578125,363.79998779296875,363.79998779296875,193522
2022-10-07 12:57:00-04:00,363.7799987792969,363.8500061035156,363.6400146484375,363.80010986328125,363.80010986328125,117319
2022-10-07 12:58:00-04:00,363.79998779296875,363.8599853515625,363.7300109863281,363.7900085449219,363.7900085449219,80480
2022-10-07 12:59:00-04:00,363.7900085449219,363.8699951171875,363.7149963378906,363.80999755859375,363.80999755859375,156447
2022-10-07 13:00:00-04:00,363.8100891113281,363.8100891113281,363.6000061035156,363.67999267578125,363.67999267578125,190049
2022-10-07 13:01:00-04:00,363.67999267578125,363.67999267578125,363.44000244140625,363.4800109863281,363.4800109863281,207839
2022-10-07 13:02:00-04:00,363.4700012207031,363.57000732421875,363.19000244140625,363.375,363.375,228102
2022-10-07 13:03:00-04:00,363.3699951171875,363.3900146484375,363.2200012207031,363.2349853515625,363.2349853515625,102523
2022-10-07 13:04:00-04:00,363.239990234375,363.4599914550781,363.2300109863281,363.4088134765625,363.4088134765625,180994
2022-10-07 13:05:00-04:00,363.4100036621094,363.5990905761719,363.3999938964844,363.5299987792969,363.5299987792969,83898
2022-10-07 13:06:00-04:00,363.510009765625,363.510009765625,363.32000732421875,363.3392028808594,363.3392028808594,71578
2022-10-07 13:07:00-04:00,363.3450012207031,363.3599853515625,363.2099914550781,363.2300109863281,363.2300109863281,125862
2022-10-07 13:08:00-04:00,363.1499938964844,363.27880859375,363.1300048828125,363.1499938964844,363.1499938964844,114618
2022-10-07 13:09:00-04:00,363.1700134277344,363.2300109863281,363.1099853515625,363.1700134277344,363.1700134277344,106613
2022-10-07 13:10:00-04:00,363.20001220703125,363.32000732421875,363.1600036621094,363.32000732421875,363.32000732421875,113192
2022-10-07 13:11:00-04:00,363.32989501953125,363.489990234375,363.2449951171875,363.4549865722656,363.4549865722656,234868
2022-10-07 13:12:00-04:00,363.45001220703125,363.57000732421875,363.44000244140625,363.489990234375,363.489990234375,128905
2022-10-07 13:13:00-04:00,363.489990234375,363.67498779296875,363.4800109863281,363.6600036621094,363.6600036621094,118371
2022-10-07 13:14:00-04:00,363.6600036621094,363.79998779296875,363.6300048828125,363.7799987792969,363.7799987792969,128732
2022-10-07 13:15:00-04:00,363.79998779296875,363.80999755859375,363.67999267578125,363.7200012207031,363.7200012207031,76246
2022-10-07 13:16:00-04:00,363.7099914550781,363.94000244140625,363.7099914550781,363.94000244140625,363.94000244140625,109243
2022-10-07 13:17:00-04:00,363.9386901855469,364.1300048828125,363.9386901855469,364.0599060058594,364.0599060058594,164485
2022-10-07 13:18:00-04:00,364.05499267578125,364.2298889160156,363.9800109863281,364.1600036621094,364.1600036621094,139237
2022-10-07 13:19:00-04:00,364.17498779296875,364.19500732421875,364.0,364.110107421875,364.110107421875,112846
2022-10-07 13:20:00-04:00,364.1099853515625,364.1499938964844,363.95001220703125,363.989990234375,363.989990234375,97501
2022-10-07 13:21:00-04:00,364.0,364.1199951171875,364.0,364.05999755859375,364.05999755859375,83401
2022-10-07 13:22:00-04:00,364.07000732421875,364.1000061035156,363.7742004394531,363.7742004394531,363.7742004394531,135499
2022-10-07 13:23:00-04:00,363.7799987792969,363.8399963378906,363.7300109863281,363.7799987792969,363.7799987792969,81269
2022-10-07 13:24:00-04:00,363.7699890136719,363.82830810546875,363.7200012207031,363.7489013671875,363.7489013671875,88772
2022-10-07 13:25:00-04:00,363.760009765625,363.8699951171875,363.7300109863281,363.80059814453125,363.80059814453125,65225
2022-10-07 13:26:00-04:00,363.80499267578125,363.8500061035156,363.7300109863281,363.76019287109375,363.76019287109375,94102
2022-10-07 13:27:00-04:00,363.760009765625,363.94000244140625,363.760009765625,363.94000244140625,363.94000244140625,87686
2022-10-07 13:28:00-04:00,363.92919921875,364.1700134277344,363.9230041503906,364.135009765625,364.135009765625,126685
2022-10-07 13:29:00-04:00,364.135009765625,364.1496887207031,363.8323974609375,363.8500061035156,363.8500061035156,112593
2022-10-07 13:30:00-04:00,363.6700134277344,363.67999267578125,363.5199890136719,363.54998779296875,363.54998779296875,151018
2022-10-07 13:31:00-04:00,363.54998779296875,363.57000732421875,363.510009765625,363.5150146484375,363.5150146484375,16574
2022-10-07 13:32:00-04:00,363.7149963378906,363.80999755859375,363.5899963378906,363.7799987792969,363.7799987792969,695643
2022-10-07 13:33:00-04:00,363.8399963378906,363.8500061035156,363.8200988769531,363.82501220703125,363.82501220703125,78744
2022-10-07 13:34:00-04:00,363.82000732421875,363.8399963378906,363.6199951171875,363.6199951171875,363.6199951171875,96466
2022-10-07 13:35:00-04:00,363.7200012207031,363.739990234375,363.69000244140625,363.7099914550781,363.7099914550781,120581
2022-10-07 13:36:00-04:00,363.7149963378906,363.79998779296875,363.6400146484375,363.739990234375,363.739990234375,38233
2022-10-07 13:37:00-04:00,363.7799987792969,363.7850036621094,363.7200012207031,363.7300109863281,363.7300109863281,188438
2022-10-07 13:38:00-04:00,363.7099914550781,363.79998779296875,363.6600036621094,363.76800537109375,363.76800537109375,97437
2022-10-07 13:39:00-04:00,363.739990234375,363.7900085449219,363.6499938964844,363.7401123046875,363.7401123046875,133421
2022-10-07 13:40:00-04:00,363.75,363.95001220703125,363.7200012207031,363.7850036621094,363.7850036621094,195917
2022-10-07 13:41:00-04:00,363.7850036621094,363.8656921386719,363.7850036621094,363.8500061035156,363.8500061035156,36002
2022-10-07 13:42:00-04:00,364.04998779296875,364.1700134277344,364.0010070800781,364.0899963378906,364.0899963378906,247033
2022-10-07 13:43:00-04:00,364.1000061035156,364.3699951171875,364.0946960449219,364.32000732421875,364.32000732421875,201563
2022-10-07 13:44:00-04:00,364.32000732421875,364.32000732421875,364.0101013183594,364.0950012207031,364.0950012207031,120607
2022-10-07 13:45:00-04:00,364.090087890625,364.20001220703125,364.05999755859375,364.1400146484375,364.1400146484375,52458
2022-10-07 13:46:00-04:00,364.20001220703125,364.2388916015625,364.07000732421875,364.1099853515625,364.1099853515625,212512
2022-10-07 13:47:00-04:00,364.1000061035156,364.1788024902344,363.9100036621094,364.0299987792969,364.0299987792969,147916
2022-10-07 13:48:00-04:00,364.0299987792969,364.06500244140625,363.9400939941406,363.9599914550781,363.9599914550781,76167
2022-10-07 13:49:00-04:00,363.95001220703125,363.9649963378906,363.68011474609375,363.739990234375,363.739990234375,159324
2022-10-07 13:50:00-04:00,363.7300109863281,363.9800109863281,363.7300109863281,363.9100036621094,363.9100036621094,52163
2022-10-07 13:51:00-04:00,363.9049987792969,364.0400085449219,363.8299865722656,363.94500732421875,363.94500732421875,79780
2022-10-07 13:52:00-04:00,363.94000244140625,363.94000244140625,363.739990234375,363.739990234375,363.739990234375,89722
2022-10-07 13:53:00-04:00,363.7300109863281,363.739990234375,363.4800109863281,363.70001220703125,363.70001220703125,234916
2022-10-07 13:54:00-04:00,363.6700134277344,363.70001220703125,363.5199890136719,363.6098937988281,363.6098937988281,80618
2022-10-07 13:55:00-04:00,363.6099853515625,363.8500061035156,363.5950012207031,363.6695861816406,363.6695861816406,76210
2022-10-07 13:56:00-04:00,363.6499938964844,363.7099914550781,363.4849853515625,363.4989929199219,363.4989929199219,64536
2022-10-07 13:57:00-04:00,363.5,363.5000915527344,363.3299865722656,363.3450012207031,363.3450012207031,106194
2022-10-07 13:58:00-04:00,363.3689880371094,363.3900146484375,363.25,363.30999755859375,363.30999755859375,143117
2022-10-07 13:59:00-04:00,363.29998779296875,363.32000732421875,363.260009765625,363.32000732421875,363.32000732421875,5506
2022-10-07 14:00:00-04:00,363.2650146484375,363.44049072265625,363.2300109863281,363.42999267578125,363.42999267578125,239385
2022-10-07 14:01:00-04:00,363.42999267578125,363.4599914550781,363.4200134277344,363.44000244140625,363.44000244140625,12503
2022-10-07 14:02:00-04:00,363.57000732421875,363.69000244140625,363.4100036621094,363.5899963378906,363.5899963378906,257187
2022-10-07 14:03:00-04:00,363.6000061035156,363.6600036621094,363.5799865722656,363.6000061035156,363.6000061035156,145356
2022-10-07 14:04:00-04:00,363.6000061035156,363.6600036621094,363.4700012207031,363.5199890136719,363.5199890136719,81377
2022-10-07 14:05:00-04:00,363.5199890136719,363.6600036621094,363.510009765625,363.5799865722656,363.5799865722656,77946
2022-10-07 14:06:00-04:00,363.5799865722656,363.739990234375,363.5799865722656,363.7300109863281,363.7300109863281,98045
2022-10-07 14:07:00-04:00,363.7250061035156,363.760009765625,363.6300048828125,363.70001220703125,363.70001220703125,92099
2022-10-07 14:08:00-04:00,363.70001220703125,363.7099914550781,363.44000244140625,363.5589904785156,363.5589904785156,171477
2022-10-07 14:09:00-04:00,363.55499267578125,363.56390380859375,363.3599853515625,363.5299987792969,363.5299987792969,127130
2022-10-07 14:10:00-04:00,363.502197265625,363.510009765625,363.3699951171875,363.4150085449219,363.4150085449219,96687
2022-10-07 14:11:00-04:00,363.4150085449219,363.45001220703125,363.0,363.2900085449219,363.2900085449219,322390
2022-10-07 14:12:00-04:00,363.2799987792969,363.6300048828125,363.239990234375,363.6300048828125,363.6300048828125,206066
2022-10-07 14:13:00-04:00,363.6499938964844,363.6499938964844,363.4800109863281,363.5,363.5,42040
2022-10-07 14:14:00-04:00,363.6050109863281,363.6700134277344,363.489990234375,363.6698913574219,363.6698913574219,236929
2022-10-07 14:15:00-04:00,363.6499938964844,363.82000732421875,363.510009765625,363.6000061035156,363.6000061035156,144092
2022-10-07 14:16:00-04:00,363.5885009765625,363.80999755859375,363.4700012207031,363.7099914550781,363.7099914550781,100145
2022-10-07 14:17:00-04:00,363.7099914550781,363.75,363.5299987792969,363.63470458984375,363.63470458984375,108557
2022-10-07 14:18:00-04:00,363.6400146484375,363.6499938964844,363.4100036621094,363.44000244140625,363.44000244140625,160223
2022-10-07 14:19:00-04:00,363.4200134277344,363.5199890136719,363.2699890136719,363.2950134277344,363.2950134277344,111906
2022-10-07 14:20:00-04:00,363.2908020019531,363.4100036621094,363.0199890136719,363.04998779296875,363.04998779296875,223452
2022-10-07 14:21:00-04:00,363.0400085449219,363.0799865722656,363.0199890136719,363.0249938964844,363.0249938964844,11646
2022-10-07 14:22:00-04:00,363.0299987792969,363.2200012207031,362.94000244140625,363.1499938964844,363.1499938964844,513229
2022-10-07 14:23:00-04:00,363.0849914550781,363.10211181640625,363.0299987792969,363.0509948730469,363.0509948730469,192350
2022-10-07 14:24:00-04:00,363.05999755859375,363.05999755859375,362.8399963378906,362.885009765625,362.885009765625,104755
2022-10-07 14:25:00-04:00,362.8949890136719,363.07000732421875,362.7200012207031,362.7607116699219,362.7607116699219,269379
2022-10-07 14:26:00-04:00,362.93499755859375,362.9700012207031,362.9049987792969,362.90899658203125,362.90899658203125,175196
2022-10-07 14:27:00-04:00,362.90899658203125,363.05999755859375,362.80999755859375,362.9100036621094,362.9100036621094,69515
2022-10-07 14:28:00-04:00,362.9100036621094,362.9100036621094,362.6600036621094,362.739990234375,362.739990234375,144969
2022-10-07 14:29:00-04:00,362.75,362.8399963378906,362.6300048828125,362.67999267578125,362.67999267578125,173542
2022-10-07 14:30:00-04:00,362.6600036621094,362.70989990234375,362.55999755859375,362.625,362.625,117716
2022-10-07 14:31:00-04:00,362.57000732421875,362.6199951171875,362.5,362.5299987792969,362.5299987792969,125044
2022-10-07 14:32:00-04:00,362.54998779296875,362.6199951171875,362.3599853515625,362.4119873046875,362.4119873046875,167228
2022-10-07 14:33:00-04:00,362.4100036621094,362.5199890136719,362.3500061035156,362.45001220703125,362.45001220703125,111583
2022-10-07 14:34:00-04:00,362.45001220703125,362.760009765625,362.4100036621094,362.7200012207031,362.7200012207031,174948
2022-10-07 14:35:00-04:00,362.7300109863281,362.9100036621094,362.7250061035156,362.7900085449219,362.7900085449219,204637
2022-10-07 14:36:00-04:00,362.79998779296875,362.95001220703125,362.68499755859375,362.9049987792969,362.9049987792969,178693
2022-10-07 14:37:00-04:00,362.9100036621094,363.1000061035156,362.875,362.9849853515625,362.9849853515625,118757
2022-10-07 14:38:00-04:00,362.989990234375,362.9949951171875,362.79998779296875,362.8299865722656,362.8299865722656,133615
2022-10-07 14:39:00-04:00,362.8299865722656,362.9205017089844,362.760009765625,362.8299865722656,362.8299865722656,68767
2022-10-07 14:40:00-04:00,362.8299865722656,362.9700012207031,362.79998779296875,362.8900146484375,362.8900146484375,84072
2022-10-07 14:41:00-04:00,362.8800048828125,363.0199890136719,362.875,362.9800109863281,362.9800109863281,46892
2022-10-07 14:42:00-04:00,362.8905944824219,362.9049987792969,362.67999267578125,362.7099914550781,362.7099914550781,178615
2022-10-07 14:43:00-04:00,362.7099914550781,362.7650146484375,362.6099853515625,362.6499938964844,362.6499938964844,91302
2022-10-07 14:44:00-04:00,362.6400146484375,362.6400146484375,362.4949951171875,362.5386047363281,362.5386047363281,105479
2022-10-07 14:45:00-04:00,362.5299987792969,362.66949462890625,362.4599914550781,362.489990234375,362.489990234375,93258
2022-10-07 14:46:00-04:00,362.5,362.67999267578125,362.4200134277344,362.5899963378906,362.5899963378906,97888
2022-10-07 14:47:00-04:00,362.6199951171875,362.6199951171875,362.3800048828125,362.5199890136719,362.5199890136719,158120
2022-10-07 14:48:00-04:00,362.5199890136719,362.55999755859375,362.3399963378906,362.3800048828125,362.3800048828125,89607
2022-10-07 14:49:00-04:00,362.3599853515625,362.67999267578125,362.3299865722656,362.67999267578125,362.67999267578125,169874
2022-10-07 14:50:00-04:00,362.6700134277344,362.7699890136719,362.57000732421875,362.70001220703125,362.70001220703125,224315
2022-10-07 14:51:00-04:00,362.7049865722656,362.7699890136719,362.5299987792969,362.6300048828125,362.6300048828125,126978
2022-10-07 14:52:00-04:00,362.6199951171875,362.739990234375,362.5899963378906,362.739990234375,362.739990234375,146324
2022-10-07 14:53:00-04:00,362.5799865722656,362.8299865722656,362.5199890136719,362.5799865722656,362.5799865722656,136167
2022-10-07 14:54:00-04:00,362.57000732421875,362.75,362.56500244140625,362.7300109863281,362.7300109863281,272115
2022-10-07 14:55:00-04:00,362.7242126464844,362.8699951171875,362.6000061035156,362.70001220703125,362.70001220703125,163246
2022-10-07 14:56:00-04:00,362.70001220703125,362.8900146484375,362.70001220703125,362.8299865722656,362.8299865722656,116699
2022-10-07 14:57:00-04:00,362.8299865722656,362.8399963378906,362.6300048828125,362.6300964355469,362.6300964355469,59340
2022-10-07 14:58:00-04:00,362.6300048828125,362.80999755859375,362.5199890136719,362.739990234375,362.739990234375,146898
2022-10-07 14:59:00-04:00,362.739990234375,362.8800048828125,362.69000244140625,362.7799987792969,362.7799987792969,138121
2022-10-07 15:00:00-04:00,362.7699890136719,363.1000061035156,362.7524108886719,363.081298828125,363.081298828125,141982
2022-10-07 15:01:00-04:00,363.07000732421875,363.2099914550781,363.04998779296875,363.1700134277344,363.1700134277344,176211
2022-10-07 15:02:00-04:00,363.17498779296875,363.3949890136719,362.9700012207031,363.2900085449219,363.2900085449219,186704
2022-10-07 15:03:00-04:00,363.2950134277344,363.409912109375,363.2099914550781,363.3800048828125,363.3800048828125,674911
2022-10-07 15:04:00-04:00,363.3599853515625,363.5,363.239990234375,363.4986877441406,363.4986877441406,153894
2022-10-07 15:05:00-04:00,363.489990234375,363.489990234375,363.2449951171875,363.3399963378906,363.3399963378906,204976
2022-10-07 15:06:00-04:00,363.3399963378906,363.38531494140625,363.1199951171875,363.19000244140625,363.19000244140625,238578
2022-10-07 15:07:00-04:00,363.19000244140625,363.30999755859375,362.989990234375,363.0199890136719,363.0199890136719,197385
2022-10-07 15:08:00-04:00,362.989990234375,363.07000732421875,362.81500244140625,362.8349914550781,362.8349914550781,130966
2022-10-07 15:09:00-04:00,362.8349914550781,363.0,362.80999755859375,362.8599853515625,362.8599853515625,76980
2022-10-07 15:10:00-04:00,362.8550109863281,363.1300048828125,362.8500061035156,362.989990234375,362.989990234375,128723
2022-10-07 15:11:00-04:00,362.9700012207031,363.05999755859375,362.8800048828125,362.92999267578125,362.92999267578125,86883
2022-10-07 15:12:00-04:00,362.9200134277344,363.0498962402344,362.8500061035156,362.8900146484375,362.8900146484375,131253
2022-10-07 15:13:00-04:00,362.8900146484375,362.9049987792969,362.49090576171875,362.510009765625,362.510009765625,290198
2022-10-07 15:14:00-04:00,362.510009765625,362.57000732421875,362.3800048828125,362.3900146484375,362.3900146484375,247904
2022-10-07 15:15:00-04:00,362.3949890136719,362.6000061035156,362.3399963378906,362.4599914550781,362.4599914550781,126930
2022-10-07 15:16:00-04:00,362.46929931640625,362.4800109863281,362.2930908203125,362.42999267578125,362.42999267578125,174221
2022-10-07 15:17:00-04:00,362.42999267578125,362.54998779296875,362.32501220703125,362.3399963378906,362.3399963378906,122070
2022-10-07 15:18:00-04:00,362.3299865722656,362.3349914550781,362.17999267578125,362.2099914550781,362.2099914550781,227142
2022-10-07 15:19:00-04:00,362.20001220703125,362.2998962402344,362.04998779296875,362.1700134277344,362.1700134277344,315502
2022-10-07 15:20:00-04:00,362.17999267578125,362.3399963378906,362.0199890136719,362.0762939453125,362.0762939453125,225850
2022-10-07 15:21:00-04:00,362.0400085449219,362.1600036621094,362.0299987792969,362.0400085449219,362.0400085449219,128979
2022-10-07 15:22:00-04:00,362.0400085449219,362.07000732421875,361.95001220703125,361.9700012207031,361.9700012207031,254397
2022-10-07 15:23:00-04:00,361.9762878417969,362.07000732421875,361.9100036621094,361.92498779296875,361.92498779296875,188410
2022-10-07 15:24:00-04:00,361.92999267578125,362.0400085449219,361.7900085449219,362.0299987792969,362.0299987792969,265831
2022-10-07 15:25:00-04:00,362.0249938964844,362.0450134277344,361.8349914550781,361.8999938964844,361.8999938964844,230021
2022-10-07 15:26:00-04:00,361.8999938964844,361.9200134277344,361.6549987792969,361.7799987792969,361.7799987792969,301509
2022-10-07 15:27:00-04:00,361.7799987792969,361.7900085449219,361.32000732421875,361.3299865722656,361.3299865722656,373781
2022-10-07 15:28:00-04:00,361.32501220703125,361.54998779296875,361.30999755859375,361.3500061035156,361.3500061035156,293137
2022-10-07 15:29:00-04:00,361.3399963378906,361.6300048828125,361.3299865722656,361.6199951171875,361.6199951171875,260230
2022-10-07 15:30:00-04:00,361.6199951171875,361.6300048828125,361.19500732421875,361.20001220703125,361.20001220703125,259075
2022-10-07 15:31:00-04:00,361.20001220703125,361.3599853515625,361.1099853515625,361.25,361.25,364984
2022-10-07 15:32:00-04:00,361.2550048828125,361.30999755859375,361.1000061035156,361.260009765625,361.260009765625,213887
2022-10-07 15:33:00-04:00,361.0249938964844,361.0299987792969,361.0249938964844,361.0299987792969,361.0299987792969,434491
2022-10-07 15:34:00-04:00,361.0249938964844,361.1600036621094,360.94000244140625,361.114990234375,361.114990234375,311719
2022-10-07 15:35:00-04:00,361.1099853515625,361.17999267578125,360.989990234375,361.0,361.0,241154
2022-10-07 15:36:00-04:00,361.0,361.18939208984375,361.0,361.17999267578125,361.17999267578125,219556
2022-10-07 15:37:00-04:00,361.19000244140625,361.7900085449219,361.19000244140625,361.7550048828125,361.7550048828125,535115
2022-10-07 15:38:00-04:00,361.7550048828125,361.8599853515625,361.5,361.7799987792969,361.7799987792969,413751
2022-10-07 15:39:00-04:00,361.7900085449219,362.2699890136719,361.6742858886719,362.239990234375,362.239990234375,526189
2022-10-07 15:40:00-04:00,362.2309875488281,362.25,362.0,362.0350036621094,362.0350036621094,451937
2022-10-07 15:41:00-04:00,362.0400085449219,362.6449890136719,362.0400085449219,362.5849914550781,362.5849914550781,717538
2022-10-07 15:42:00-04:00,362.5849914550781,362.7699890136719,362.3599853515625,362.44500732421875,362.44500732421875,529172
2022-10-07 15:43:00-04:00,362.44500732421875,362.5899963378906,362.3699951171875,362.5799865722656,362.5799865722656,301790
2022-10-07 15:44:00-04:00,362.57000732421875,362.875,362.54998779296875,362.5899963378906,362.5899963378906,400297
2022-10-07 15:45:00-04:00,362.57000732421875,362.635009765625,362.1400146484375,362.2699890136719,362.2699890136719,444308
2022-10-07 15:46:00-04:00,362.2699890136719,362.3900146484375,362.0400085449219,362.30999755859375,362.30999755859375,369504
2022-10-07 15:47:00-04:00,362.30999755859375,362.6400146484375,362.17999267578125,362.20001220703125,362.20001220703125,418336
2022-10-07 15:48:00-04:00,362.20001220703125,362.32000732421875,362.1099853515625,362.1099853515625,362.1099853515625,349963
2022-10-07 15:49:00-04:00,362.1099853515625,362.3800048828125,361.989990234375,362.1499938964844,362.1499938964844,401852
2022-10-07 15:50:00-04:00,362.1600036621094,363.20001220703125,362.1499938964844,363.20001220703125,363.20001220703125,1625624
2022-10-07 15:51:00-04:00,363.20001220703125,363.260009765625,362.92181396484375,363.1600036621094,363.1600036621094,1109163
2022-10-07 15:52:00-04:00,363.1700134277344,363.239990234375,362.6499938964844,362.82000732421875,362.82000732421875,653880
2022-10-07 15:53:00-04:00,362.8299865722656,362.8699951171875,362.5400085449219,362.7099914550781,362.7099914550781,610261
2022-10-07 15:54:00-04:00,362.7099914550781,362.82000732421875,362.2900085449219,362.67999267578125,362.67999267578125,892037
2022-10-07 15:55:00-04:00,362.70001220703125,362.7900085449219,362.2699890136719,362.7799987792969,362.7799987792969,808474
2022-10-07 15:56:00-04:00,362.7799987792969,363.19000244140625,362.6549987792969,363.1499938964844,363.1499938964844,886313
2022-10-07 15:57:00-04:00,363.1499938964844,363.25,362.9100036621094,363.1099853515625,363.1099853515625,1229653
2022-10-07 15:58:00-04:00,363.1099853515625,363.19000244140625,362.7900085449219,363.1300964355469,363.1300964355469,1893481
2022-10-07 15:59:00-04:00,363.1300048828125,363.1700134277344,362.739990234375,362.79998779296875,362.79998779296875,4833660
2022-10-10 09:30:00-04:00,363.9800109863281,363.9800109863281,363.9800109863281,363.9800109863281,363.9800109863281,2147445
2022-10-10 09:31:00-04:00,363.989990234375,364.19000244140625,363.8699951171875,364.0199890136719,364.0199890136719,236858
2022-10-10 09:32:00-04:00,364.0199890136719,364.0199890136719,363.30999755859375,363.30999755859375,363.30999755859375,262154
2022-10-10 09:33:00-04:00,363.09991455078125,363.1000061035156,362.95001220703125,363.0199890136719,363.0199890136719,355004
2022-10-10 09:34:00-04:00,363.2900085449219,363.2900085449219,363.2900085449219,363.2900085449219,363.2900085449219,305358
2022-10-10 09:35:00-04:00,363.2900085449219,363.7900085449219,363.2099914550781,363.2200012207031,363.2200012207031,165142
2022-10-10 09:36:00-04:00,363.2200012207031,363.2699890136719,362.54998779296875,362.54998779296875,362.54998779296875,299231
2022-10-10 09:37:00-04:00,362.5799865722656,362.9198913574219,362.489990234375,362.8900146484375,362.8900146484375,188916
2022-10-10 09:38:00-04:00,362.8800964355469,363.010009765625,362.7699890136719,362.9100036621094,362.9100036621094,160039
2022-10-10 09:39:00-04:00,362.8900146484375,362.9700012207031,362.67999267578125,362.7117004394531,362.7117004394531,173456
2022-10-10 09:40:00-04:00,362.67498779296875,363.2200012207031,362.4818115234375,363.08050537109375,363.08050537109375,191035
2022-10-10 09:41:00-04:00,363.1199951171875,363.5299987792969,363.0199890136719,363.4200134277344,363.4200134277344,303453
2022-10-10 09:42:00-04:00,362.8299865722656,363.4100036621094,362.79998779296875,362.8299865722656,362.8299865722656,171868
2022-10-10 09:43:00-04:00,362.8500061035156,363.0400085449219,362.260009765625,362.9700012207031,362.9700012207031,246228
2022-10-10 09:44:00-04:00,362.9849853515625,363.32000732421875,362.8399963378906,362.989990234375,362.989990234375,171846
2022-10-10 09:45:00-04:00,362.9700012207031,363.0899963378906,362.7998962402344,362.9700012207031,362.9700012207031,130795
2022-10-10 09:46:00-04:00,362.95001220703125,363.2300109863281,362.8500061035156,363.1099853515625,363.1099853515625,147902
2022-10-10 09:47:00-04:00,363.1099853515625,363.69000244140625,363.0299987792969,363.3599853515625,363.3599853515625,267176
2022-10-10 09:48:00-04:00,363.3599853515625,363.3800048828125,363.0,363.1300048828125,363.1300048828125,152200
2022-10-10 09:49:00-04:00,363.1600036621094,363.1600036621094,362.80999755859375,362.9100036621094,362.9100036621094,128882
2022-10-10 09:50:00-04:00,362.92999267578125,363.2799987792969,362.70001220703125,363.07000732421875,363.07000732421875,312903
2022-10-10 09:51:00-04:00,363.05999755859375,363.17999267578125,362.3399963378906,362.6099853515625,362.6099853515625,241269
2022-10-10 09:52:00-04:00,362.6300048828125,362.70001220703125,362.0,362.17999267578125,362.17999267578125,308411
2022-10-10 09:53:00-04:00,361.8900146484375,362.010009765625,361.739990234375,361.75,361.75,232893
2022-10-10 09:54:00-04:00,361.739990234375,361.95001220703125,361.7200012207031,361.760009765625,361.760009765625,215965
2022-10-10 09:55:00-04:00,361.760009765625,362.0299987792969,361.6000061035156,361.864990234375,361.864990234375,258080
2022-10-10 09:56:00-04:00,361.864990234375,362.1600036621094,361.8399963378906,361.95001220703125,361.95001220703125,213945
2022-10-10 09:57:00-04:00,361.9599914550781,362.2200012207031,361.8999938964844,361.9700012207031,361.9700012207031,122301
2022-10-10 09:58:00-04:00,361.9800109863281,362.1499938964844,361.7200012207031,361.7200012207031,361.7200012207031,157776
2022-10-10 09:59:00-04:00,361.7200012207031,361.7799987792969,361.5400085449219,361.6400146484375,361.6400146484375,195842
2022-10-10 10:00:00-04:00,361.6499938964844,361.7099914550781,361.2099914550781,361.489990234375,361.489990234375,199041
2022-10-10 10:01:00-04:00,361.4599914550781,361.80999755859375,361.3900146484375,361.7300109863281,361.7300109863281,157194
2022-10-10 10:02:00-04:00,361.7200927734375,361.8599853515625,361.3738098144531,361.4100036621094,361.4100036621094,197549
2022-10-10 10:03:00-04:00,361.4200134277344,361.6064147949219,361.3699951171875,361.3900146484375,361.3900146484375,126294
2022-10-10 10:04:00-04:00,361.3900146484375,361.69000244140625,361.1199951171875,361.32501220703125,361.32501220703125,159741
2022-10-10 10:05:00-04:00,361.3800048828125,361.8110046386719,361.1700134277344,361.5849914550781,361.5849914550781,269171
2022-10-10 10:06:00-04:00,361.5799865722656,362.1000061035156,361.55999755859375,361.70001220703125,361.70001220703125,250112
2022-10-10 10:07:00-04:00,361.69000244140625,361.7799987792969,361.3992919921875,361.55999755859375,361.55999755859375,168425
2022-10-10 10:08:00-04:00,361.54998779296875,361.6400146484375,361.30999755859375,361.3800048828125,361.3800048828125,114664
2022-10-10 10:09:00-04:00,361.3999938964844,361.3999938964844,360.9549865722656,361.04998779296875,361.04998779296875,254703
2022-10-10 10:10:00-04:00,361.04998779296875,361.3699951171875,361.010009765625,361.239990234375,361.239990234375,185271
2022-10-10 10:11:00-04:00,361.2300109863281,361.5299987792969,361.1300048828125,361.4849853515625,361.4849853515625,111703
2022-10-10 10:12:00-04:00,361.4800109863281,361.5400085449219,361.1600036621094,361.29998779296875,361.29998779296875,120002
2022-10-10 10:13:00-04:00,361.29998779296875,361.489990234375,361.2250061035156,361.28948974609375,361.28948974609375,166166
2022-10-10 10:14:00-04:00,361.28948974609375,361.4599914550781,361.2099914550781,361.2699890136719,361.2699890136719,137208
2022-10-10 10:15:00-04:00,361.260009765625,361.6650085449219,361.1400146484375,361.57000732421875,361.57000732421875,155471
2022-10-10 10:16:00-04:00,361.55499267578125,361.67999267578125,361.4700012207031,361.5299987792969,361.5299987792969,101719
2022-10-10 10:17:00-04:00,361.6098937988281,361.6098937988281,361.6098937988281,361.6098937988281,361.6098937988281,170010
2022-10-10 10:18:00-04:00,361.6300048828125,361.8299865722656,361.5299987792969,361.5299987792969,361.5299987792969,171752
2022-10-10 10:19:00-04:00,361.54010009765625,361.8699951171875,361.4599914550781,361.6400146484375,361.6400146484375,177632
2022-10-10 10:20:00-04:00,361.7799987792969,361.7799987792969,361.6600036621094,361.7300109863281,361.7300109863281,107412
2022-10-10 10:21:00-04:00,361.760009765625,361.9200134277344,361.69000244140625,361.8299865722656,361.8299865722656,138701
2022-10-10 10:22:00-04:00,361.8299865722656,361.9800109863281,361.7601013183594,361.92999267578125,361.92999267578125,110982
2022-10-10 10:23:00-04:00,361.9700012207031,361.989990234375,361.8800048828125,361.9700012207031,361.9700012207031,99199
2022-10-10 10:24:00-04:00,361.96820068359375,361.9700012207031,361.760009765625,361.79998779296875,361.79998779296875,63291
2022-10-10 10:25:00-04:00,361.6700134277344,361.8299865722656,361.5199890136719,361.80999755859375,361.80999755859375,199694
2022-10-10 10:26:00-04:00,361.8034973144531,362.30999755859375,361.6000061035156,362.239990234375,362.239990234375,109450
2022-10-10 10:27:00-04:00,362.25,363.0,362.25,362.6798095703125,362.6798095703125,437768
2022-10-10 10:28:00-04:00,362.6600036621094,362.6700134277344,362.3901062011719,362.55999755859375,362.55999755859375,156182
2022-10-10 10:29:00-04:00,362.54888916015625,362.70001220703125,362.1499938964844,362.489990234375,362.489990234375,278886
2022-10-10 10:30:00-04:00,362.510009765625,362.6600036621094,362.0,362.57000732421875,362.57000732421875,223669
2022-10-10 10:31:00-04:00,362.5,362.5,362.44000244140625,362.44000244140625,362.44000244140625,313154
2022-10-10 10:32:00-04:00,362.4800109863281,362.625,361.7699890136719,361.79998779296875,361.79998779296875,326974
2022-10-10 10:33:00-04:00,361.79998779296875,361.79998779296875,361.3999938964844,361.510009765625,361.510009765625,269728
2022-10-10 10:34:00-04:00,361.5,361.739990234375,361.2900085449219,361.6099853515625,361.6099853515625,238504
2022-10-10 10:35:00-04:00,361.57000732421875,361.7500915527344,361.4200134277344,361.6099853515625,361.6099853515625,164625
2022-10-10 10:36:00-04:00,361.6099853515625,361.69000244140625,361.2799987792969,361.29998779296875,361.29998779296875,316514
2022-10-10 10:37:00-04:00,361.2900085449219,361.5400085449219,360.6600036621094,360.75,360.75,386357
2022-10-10 10:38:00-04:00,360.7300109863281,360.7300109863281,360.3349914550781,360.45001220703125,360.45001220703125,333550
2022-10-10 10:39:00-04:00,360.44000244140625,360.5,360.20001220703125,360.2134094238281,360.2134094238281,209144
2022-10-10 10:40:00-04:00,360.2099914550781,360.3699951171875,360.19000244140625,360.2300109863281,360.2300109863281,169039
2022-10-10 10:41:00-04:00,360.20001220703125,360.5199890136719,360.19000244140625,360.48040771484375,360.48040771484375,142327
2022-10-10 10:42:00-04:00,360.4800109863281,360.48150634765625,360.05999755859375,360.2799987792969,360.2799987792969,311988
2022-10-10 10:43:00-04:00,360.2799987792969,360.3399963378906,360.1700134277344,360.29998779296875,360.29998779296875,129618
2022-10-10 10:44:00-04:00,360.260009765625,360.489990234375,360.239990234375,360.3399963378906,360.3399963378906,129909
2022-10-10 10:45:00-04:00,360.55999755859375,360.760009765625,360.55999755859375,360.6300048828125,360.6300048828125,200788
2022-10-10 10:46:00-04:00,360.6600036621094,360.7099914550781,360.32000732421875,360.3999938964844,360.3999938964844,95593
2022-10-10 10:47:00-04:00,360.5010070800781,360.5299987792969,360.1654968261719,360.5010070800781,360.5010070800781,203902
2022-10-10 10:48:00-04:00,360.5199890136719,360.70001220703125,360.489990234375,360.568115234375,360.568115234375,151806
2022-10-10 10:49:00-04:00,360.57000732421875,360.57000732421875,360.2900085449219,360.3699951171875,360.3699951171875,111255
2022-10-10 10:50:00-04:00,360.3699951171875,360.3699951171875,360.260009765625,360.2699890136719,360.2699890136719,102820
2022-10-10 10:51:00-04:00,360.2799987792969,360.54998779296875,360.260009765625,360.29998779296875,360.29998779296875,141397
2022-10-10 10:52:00-04:00,360.29998779296875,360.5899963378906,360.17999267578125,360.2398986816406,360.2398986816406,135310
2022-10-10 10:53:00-04:00,360.2099914550781,360.2200012207031,359.80999755859375,359.93548583984375,359.93548583984375,365143
2022-10-10 10:54:00-04:00,359.92999267578125,360.0101013183594,359.760009765625,359.8992004394531,359.8992004394531,179749
2022-10-10 10:55:00-04:00,359.8800048828125,359.8900146484375,359.6600036621094,359.8299865722656,359.8299865722656,223879
2022-10-10 10:56:00-04:00,359.79998779296875,360.1499938964844,359.79998779296875,360.0,360.0,214956
2022-10-10 10:57:00-04:00,360.010009765625,360.1499938964844,359.8500061035156,360.04998779296875,360.04998779296875,116021
2022-10-10 10:58:00-04:00,360.06939697265625,360.19000244140625,359.9700012207031,360.0150146484375,360.0150146484375,102866
2022-10-10 10:59:00-04:00,360.0150146484375,360.32000732421875,360.0150146484375,360.2099914550781,360.2099914550781,201772
2022-10-10 11:00:00-04:00,360.20001220703125,360.2099914550781,359.80999755859375,359.8399963378906,359.8399963378906,111402
2022-10-10 11:01:00-04:00,359.8315124511719,359.94000244140625,359.5,359.5400085449219,359.5400085449219,208293
2022-10-10 11:02:00-04:00,359.7300109863281,359.7300109863281,359.7149963378906,359.7300109863281,359.7300109863281,181701
2022-10-10 11:04:00-04:00,359.4700012207031,359.67999267578125,359.3599853515625,359.3599853515625,359.3599853515625,449202
2022-10-10 11:05:00-04:00,359.3399963378906,359.7099914550781,359.3299865722656,359.6499938964844,359.6499938964844,150619
2022-10-10 11:06:00-04:00,359.6300048828125,359.7699890136719,359.56500244140625,359.67999267578125,359.67999267578125,100607
2022-10-10 11:07:00-04:00,359.68499755859375,359.95001220703125,359.6499938964844,359.8999938964844,359.8999938964844,174964
2022-10-10 11:08:00-04:00,359.8999938964844,359.92999267578125,359.5899963378906,359.6300964355469,359.6300964355469,89786
2022-10-10 11:09:00-04:00,359.6300964355469,359.80999755859375,359.54998779296875,359.70001220703125,359.70001220703125,58763
2022-10-10 11:10:00-04:00,359.7099914550781,360.04998779296875,359.6099853515625,359.9967041015625,359.9967041015625,146889
2022-10-10 11:11:00-04:00,359.9800109863281,360.1600036621094,359.8800048828125,360.0,360.0,169433
2022-10-10 11:12:00-04:00,360.010009765625,360.17999267578125,359.8999938964844,360.1199951171875,360.1199951171875,167688
2022-10-10 11:13:00-04:00,360.1199951171875,360.25,360.04998779296875,360.2257080078125,360.2257080078125,116267
2022-10-10 11:14:00-04:00,360.2257080078125,360.3699951171875,360.1199951171875,360.3301086425781,360.3301086425781,98907
2022-10-10 11:15:00-04:00,360.3301086425781,360.3388977050781,359.989990234375,360.0299987792969,360.0299987792969,159744
2022-10-10 11:16:00-04:00,360.0299987792969,360.19000244140625,359.92999267578125,360.1499938964844,360.1499938964844,146023
2022-10-10 11:17:00-04:00,360.1379089355469,360.4200134277344,360.1199951171875,360.21990966796875,360.21990966796875,127370
2022-10-10 11:18:00-04:00,360.2099914550781,360.2349853515625,359.739990234375,359.80999755859375,359.80999755859375,159598
2022-10-10 11:19:00-04:00,359.9100036621094,360.0799865722656,359.8092956542969,359.9100036621094,359.9100036621094,105334
2022-10-10 11:20:00-04:00,359.9100036621094,360.2699890136719,359.7703857421875,360.2587890625,360.2587890625,124152
2022-10-10 11:21:00-04:00,360.25,360.6199951171875,360.20001220703125,360.5599060058594,360.5599060058594,206392
2022-10-10 11:22:00-04:00,360.55999755859375,360.989990234375,360.55999755859375,360.94000244140625,360.94000244140625,215337
2022-10-10 11:23:00-04:00,360.92999267578125,361.1000061035156,360.7049865722656,361.0799865722656,361.0799865722656,181444
2022-10-10 11:24:00-04:00,361.0799865722656,361.0799865722656,360.8699951171875,360.94000244140625,360.94000244140625,108312
2022-10-10 11:25:00-04:00,360.94000244140625,360.9490051269531,360.5899963378906,360.6000061035156,360.6000061035156,156784
2022-10-10 11:26:00-04:00,360.6099853515625,360.70001220703125,360.3399963378906,360.4599914550781,360.4599914550781,120991
2022-10-10 11:27:00-04:00,360.45001220703125,360.5249938964844,360.32501220703125,360.489990234375,360.489990234375,123037
2022-10-10 11:28:00-04:00,360.4700012207031,360.5,360.239990234375,360.2699890136719,360.2699890136719,147691
2022-10-10 11:29:00-04:00,360.2699890136719,360.4200134277344,360.19000244140625,360.3399963378906,360.3399963378906,62153
2022-10-10 11:30:00-04:00,360.3500061035156,360.45001220703125,360.1300048828125,360.2699890136719,360.2699890136719,111451
2022-10-10 11:31:00-04:00,360.25,360.3900146484375,360.2049865722656,360.30499267578125,360.30499267578125,104151
2022-10-10 11:32:00-04:00,360.2900085449219,360.4800109863281,360.1400146484375,360.239990234375,360.239990234375,140758
2022-10-10 11:33:00-04:00,360.3299865722656,360.3599853515625,360.1000061035156,360.3299865722656,360.3299865722656,93116
2022-10-10 11:34:00-04:00,360.32000732421875,360.5299987792969,360.0799865722656,360.4599914550781,360.4599914550781,157724
2022-10-10 11:35:00-04:00,360.4700012207031,360.55999755859375,360.239990234375,360.33990478515625,360.33990478515625,82951
2022-10-10 11:36:00-04:00,360.3299865722656,360.3599853515625,360.1899108886719,360.20001220703125,360.20001220703125,57209
2022-10-10 11:37:00-04:00,360.19000244140625,360.30999755859375,360.1400146484375,360.23870849609375,360.23870849609375,46396
2022-10-10 11:38:00-04:00,360.2200012207031,360.45001220703125,360.19000244140625,360.2950134277344,360.2950134277344,65098
2022-10-10 11:39:00-04:00,360.2900085449219,360.2900085449219,359.989990234375,360.1000061035156,360.1000061035156,85173
2022-10-10 11:40:00-04:00,360.0950012207031,360.1000061035156,359.8500061035156,359.85888671875,359.85888671875,112412
2022-10-10 11:41:00-04:00,359.8500061035156,360.07000732421875,359.7699890136719,359.8800048828125,359.8800048828125,113378
2022-10-10 11:42:00-04:00,359.8599853515625,359.95001220703125,359.7799072265625,359.8800048828125,359.8800048828125,99282
2022-10-10 11:43:00-04:00,359.8699951171875,360.32989501953125,359.8299865722656,360.32000732421875,360.32000732421875,99828
2022-10-10 11:44:00-04:00,360.31988525390625,360.4700012207031,360.239990234375,360.4090881347656,360.4090881347656,116660
2022-10-10 11:45:00-04:00,360.4010009765625,360.45001220703125,360.25,360.2799987792969,360.2799987792969,56875
2022-10-10 11:46:00-04:00,360.2799987792969,360.5,360.2349853515625,360.4801025390625,360.4801025390625,68594
2022-10-10 11:47:00-04:00,360.4999084472656,360.69000244140625,360.29998779296875,360.3999938964844,360.3999938964844,129998
2022-10-10 11:48:00-04:00,360.4100036621094,360.69000244140625,360.4100036621094,360.57000732421875,360.57000732421875,71319
2022-10-10 11:49:00-04:00,360.56988525390625,360.82000732421875,360.489990234375,360.7799987792969,360.7799987792969,108392
2022-10-10 11:50:00-04:00,360.7799987792969,361.4700012207031,360.6700134277344,361.32000732421875,361.32000732421875,322577
2022-10-10 11:51:00-04:00,361.3500061035156,361.3500061035156,361.1400146484375,361.260009765625,361.260009765625,178724
2022-10-10 11:52:00-04:00,361.2699890136719,361.364990234375,361.1000061035156,361.260009765625,361.260009765625,86284
2022-10-10 11:53:00-04:00,361.24798583984375,361.24798583984375,361.05499267578125,361.1600036621094,361.1600036621094,98355
2022-10-10 11:54:00-04:00,361.1700134277344,361.2900085449219,361.1400146484375,361.2300109863281,361.2300109863281,95955
2022-10-10 11:55:00-04:00,361.2200012207031,361.3299865722656,361.0799865722656,361.17999267578125,361.17999267578125,68154
2022-10-10 11:56:00-04:00,361.1600036621094,361.3999938964844,361.05999755859375,361.2250061035156,361.2250061035156,78673
2022-10-10 11:57:00-04:00,361.21990966796875,361.32501220703125,361.1499938964844,361.1549987792969,361.1549987792969,62633
2022-10-10 11:58:00-04:00,360.9472961425781,361.201904296875,360.9100036621094,360.9472961425781,360.9472961425781,139783
2022-10-10 11:59:00-04:00,360.94000244140625,360.94500732421875,360.760009765625,360.7900085449219,360.7900085449219,144759
2022-10-10 12:00:00-04:00,360.79998779296875,360.8399963378906,360.6510009765625,360.739990234375,360.739990234375,129990
2022-10-10 12:01:00-04:00,360.80499267578125,360.8699951171875,360.7008056640625,360.80499267578125,360.80499267578125,93821
2022-10-10 12:02:00-04:00,360.7900085449219,360.80999755859375,360.6050109863281,360.70001220703125,360.70001220703125,87926
2022-10-10 12:03:00-04:00,360.69000244140625,360.739990234375,360.6300048828125,360.69000244140625,360.69000244140625,61445
2022-10-10 12:04:00-04:00,360.6700134277344,360.7799987792969,360.6650085449219,360.747802734375,360.747802734375,63844
2022-10-10 12:05:00-04:00,360.747802734375,360.989990234375,360.70001220703125,360.8900146484375,360.8900146484375,106629
2022-10-10 12:06:00-04:00,360.80999755859375,360.95001220703125,360.54998779296875,360.8999938964844,360.8999938964844,89427
2022-10-10 12:07:00-04:00,360.8900146484375,360.8900146484375,360.5799865722656,360.6300048828125,360.6300048828125,533044
2022-10-10 12:08:00-04:00,360.6000061035156,360.6050109863281,360.1499938964844,360.239990234375,360.239990234375,177254
2022-10-10 12:09:00-04:00,360.2200012207031,360.2900085449219,360.1700134277344,360.2699890136719,360.2699890136719,123990
2022-10-10 12:10:00-04:00,360.260009765625,360.3500061035156,360.1499938964844,360.2200012207031,360.2200012207031,86682
2022-10-10 12:11:00-04:00,360.2200012207031,360.2900085449219,360.1700134277344,360.2099914550781,360.2099914550781,46702
2022-10-10 12:12:00-04:00,360.2200012207031,360.2200012207031,360.05999755859375,360.1400146484375,360.1400146484375,74348
2022-10-10 12:13:00-04:00,360.1299133300781,360.17999267578125,359.9800109863281,360.1000061035156,360.1000061035156,128120
2022-10-10 12:14:00-04:00,360.0899963378906,360.2799987792969,360.0299987792969,360.2799987792969,360.2799987792969,96418
2022-10-10 12:15:00-04:00,360.2749938964844,360.3900146484375,360.20001220703125,360.32501220703125,360.32501220703125,105787
2022-10-10 12:16:00-04:00,360.32000732421875,360.4849853515625,360.260009765625,360.30999755859375,360.30999755859375,144496
2022-10-10 12:17:00-04:00,360.32000732421875,360.3500061035156,360.1099853515625,360.1300048828125,360.1300048828125,174607
2022-10-10 12:18:00-04:00,360.125,360.2367858886719,360.05999755859375,360.0708923339844,360.0708923339844,83174
2022-10-10 12:19:00-04:00,360.07000732421875,360.1700134277344,359.9200134277344,359.9440002441406,359.9440002441406,111960
2022-10-10 12:20:00-04:00,359.9422912597656,359.989990234375,359.82000732421875,359.8399963378906,359.8399963378906,144510
2022-10-10 12:21:00-04:00,359.8349914550781,359.8349914550781,359.32000732421875,359.3399963378906,359.3399963378906,203981
2022-10-10 12:22:00-04:00,359.3299865722656,359.5299987792969,359.31201171875,359.5,359.5,125340
2022-10-10 12:23:00-04:00,359.489990234375,359.5271911621094,359.1300048828125,359.1528015136719,359.1528015136719,162672
2022-10-10 12:24:00-04:00,359.1499938964844,359.3617858886719,359.1300048828125,359.2449951171875,359.2449951171875,114004
2022-10-10 12:25:00-04:00,359.2449951171875,359.42999267578125,359.20001220703125,359.3550109863281,359.3550109863281,139743
2022-10-10 12:26:00-04:00,359.3299865722656,359.45001220703125,359.1300048828125,359.1600036621094,359.1600036621094,159717
2022-10-10 12:27:00-04:00,359.1499938964844,359.1499938964844,358.9700012207031,359.1000061035156,359.1000061035156,163688
2022-10-10 12:28:00-04:00,359.05999755859375,359.1199951171875,358.9200134277344,359.0199890136719,359.0199890136719,107740
2022-10-10 12:29:00-04:00,359.0150146484375,359.0799865722656,358.8800048828125,359.05010986328125,359.05010986328125,93127
2022-10-10 12:30:00-04:00,359.0400085449219,359.32000732421875,359.0,359.29998779296875,359.29998779296875,148849
2022-10-10 12:31:00-04:00,359.29998779296875,359.3399963378906,359.1054992675781,359.2300109863281,359.2300109863281,73727
2022-10-10 12:32:00-04:00,359.2099914550781,359.2300109863281,358.9549865722656,358.9599914550781,358.9599914550781,88733
2022-10-10 12:33:00-04:00,358.9599914550781,358.989990234375,358.8599853515625,358.989990234375,358.989990234375,216007
2022-10-10 12:34:00-04:00,358.9599914550781,359.010009765625,358.8599853515625,358.92999267578125,358.92999267578125,98675
2022-10-10 12:35:00-04:00,358.92999267578125,359.05999755859375,358.80999755859375,358.8800048828125,358.8800048828125,98327
2022-10-10 12:36:00-04:00,358.8699951171875,358.95001220703125,358.7699890136719,358.95001220703125,358.95001220703125,98517
2022-10-10 12:37:00-04:00,358.95001220703125,358.9700012207031,358.79010009765625,358.9700012207031,358.9700012207031,93744
2022-10-10 12:38:00-04:00,358.9750061035156,359.05999755859375,358.93499755859375,358.9385986328125,358.9385986328125,191159
2022-10-10 12:39:00-04:00,358.9385986328125,359.19000244140625,358.92999267578125,359.18499755859375,359.18499755859375,117804
2022-10-10 12:40:00-04:00,359.19000244140625,359.32000732421875,359.17999267578125,359.2799987792969,359.2799987792969,118124
2022-10-10 12:41:00-04:00,359.2900085449219,359.3599853515625,359.0299987792969,359.1199951171875,359.1199951171875,119378
2022-10-10 12:42:00-04:00,359.10009765625,359.2099914550781,359.0849914550781,359.1499938964844,359.1499938964844,77236
2022-10-10 12:43:00-04:00,359.1499938964844,359.2200012207031,359.0199890136719,359.1400146484375,359.1400146484375,103580
2022-10-10 12:44:00-04:00,359.1099853515625,359.1400146484375,358.9599914550781,359.1199951171875,359.1199951171875,67364
2022-10-10 12:45:00-04:00,359.1300048828125,359.1400146484375,358.9700927734375,359.07000732421875,359.07000732421875,60162
2022-10-10 12:46:00-04:00,359.05999755859375,359.2099914550781,359.0400085449219,359.1300048828125,359.1300048828125,54042
2022-10-10 12:47:00-04:00,359.1499938964844,359.18011474609375,358.8550109863281,358.9599914550781,358.9599914550781,275458
2022-10-10 12:48:00-04:00,358.9700012207031,359.0199890136719,358.8500061035156,358.9100036621094,358.9100036621094,81388
2022-10-10 12:49:00-04:00,358.94000244140625,358.9881896972656,358.8299865722656,358.95001220703125,358.95001220703125,65341
2022-10-10 12:50:00-04:00,358.94830322265625,358.95001220703125,358.67999267578125,358.7455139160156,358.7455139160156,197438
2022-10-10 12:51:00-04:00,358.739990234375,358.8399963378906,358.5950012207031,358.7099914550781,358.7099914550781,288021
2022-10-10 12:52:00-04:00,358.70001220703125,358.739990234375,358.5,358.67999267578125,358.67999267578125,135271
2022-10-10 12:53:00-04:00,358.489990234375,358.489990234375,358.489990234375,358.489990234375,358.489990234375,93670
2022-10-10 12:54:00-04:00,358.5,358.6199951171875,358.4800109863281,358.6099853515625,358.6099853515625,101870
2022-10-10 12:55:00-04:00,358.59991455078125,358.8299865722656,358.5299987792969,358.7950134277344,358.7950134277344,114714
2022-10-10 12:56:00-04:00,358.7904968261719,358.95001220703125,358.6099853515625,358.6304931640625,358.6304931640625,371983
2022-10-10 12:57:00-04:00,358.6199951171875,358.6199951171875,358.4013977050781,358.44000244140625,358.44000244140625,107279
2022-10-10 12:58:00-04:00,358.44000244140625,358.53009033203125,358.3699951171875,358.4200134277344,358.4200134277344,78699
2022-10-10 12:59:00-04:00,358.42999267578125,358.45001220703125,358.3500061035156,358.3699951171875,358.3699951171875,325365
2022-10-10 13:00:00-04:00,358.3699951171875,358.3999938964844,358.2300109863281,358.239990234375,358.239990234375,208706
2022-10-10 13:01:00-04:00,358.239990234375,358.2900085449219,358.1199951171875,358.1199951171875,358.1199951171875,203266
2022-10-10 13:02:00-04:00,358.1099853515625,358.1499938964844,358.0299987792969,358.06988525390625,358.06988525390625,155304
2022-10-10 13:03:00-04:00,358.05999755859375,358.1098937988281,357.9100036621094,357.9200134277344,357.9200134277344,188401
2022-10-10 13:04:00-04:00,357.92999267578125,358.0899963378906,357.9049987792969,358.0,358.0,110671
2022-10-10 13:05:00-04:00,357.989990234375,358.1588134765625,357.9700012207031,358.1000061035156,358.1000061035156,116636
2022-10-10 13:06:00-04:00,358.1000061035156,358.1600036621094,357.95001220703125,357.989990234375,357.989990234375,147122
2022-10-10 13:07:00-04:00,357.9800109863281,358.07000732421875,357.8599853515625,357.95001220703125,357.95001220703125,134397
2022-10-10 13:08:00-04:00,357.94000244140625,358.0,357.8299865722656,357.9205017089844,357.9205017089844,82411
2022-10-10 13:09:00-04:00,357.92999267578125,358.0400085449219,357.9114074707031,358.0299987792969,358.0299987792969,67255
2022-10-10 13:10:00-04:00,358.0199890136719,358.0299987792969,357.6700134277344,357.739990234375,357.739990234375,184644
2022-10-10 13:11:00-04:00,357.7398986816406,358.5799865722656,357.7300109863281,358.5098876953125,358.5098876953125,439262
2022-10-10 13:12:00-04:00,358.5199890136719,358.95001220703125,358.4100036621094,358.760009765625,358.760009765625,266553
2022-10-10 13:13:00-04:00,358.7799987792969,358.8999938964844,358.6199951171875,358.6600036621094,358.6600036621094,168993
2022-10-10 13:14:00-04:00,358.6700134277344,358.7149963378906,358.5400085449219,358.701904296875,358.701904296875,133617
2022-10-10 13:15:00-04:00,358.69000244140625,358.9700012207031,358.63299560546875,358.8900146484375,358.8900146484375,132855
2022-10-10 13:16:00-04:00,358.8900146484375,359.0299987792969,358.5799865722656,358.70001220703125,358.70001220703125,205525
2022-10-10 13:17:00-04:00,358.70001220703125,358.7200012207031,358.5299987792969,358.6099853515625,358.6099853515625,144244
2022-10-10 13:18:00-04:00,358.6000061035156,358.6199951171875,358.3349914550781,358.3500061035156,358.3500061035156,139650
2022-10-10 13:19:00-04:00,358.3299865722656,358.69000244140625,358.2950134277344,358.6400146484375,358.6400146484375,116302
2022-10-10 13:20:00-04:00,358.6401062011719,358.989990234375,358.6199951171875,358.9601135253906,358.9601135253906,138631
2022-10-10 13:21:00-04:00,358.95001220703125,358.9700012207031,358.7200012207031,358.739990234375,358.739990234375,193386
2022-10-10 13:22:00-04:00,358.7300109863281,359.04998779296875,358.67999267578125,358.9989013671875,358.9989013671875,217978
2022-10-10 13:23:00-04:00,358.989990234375,359.125,358.8299865722656,358.9100036621094,358.9100036621094,228585
2022-10-10 13:24:00-04:00,358.8900146484375,358.9800109863281,358.7799987792969,358.82598876953125,358.82598876953125,63549
2022-10-10 13:25:00-04:00,358.80999755859375,358.8500061035156,358.70001220703125,358.8500061035156,358.8500061035156,109634
2022-10-10 13:26:00-04:00,358.8699035644531,358.9800109863281,358.8399963378906,358.8800048828125,358.8800048828125,122349
2022-10-10 13:27:00-04:00,358.79998779296875,359.0199890136719,358.7900085449219,358.79998779296875,358.79998779296875,98084
2022-10-10 13:28:00-04:00,358.7900085449219,359.0899963378906,358.7099914550781,359.05999755859375,359.05999755859375,94328
2022-10-10 13:29:00-04:00,359.05999755859375,359.05999755859375,358.92999267578125,358.9800109863281,358.9800109863281,76778
2022-10-10 13:30:00-04:00,358.9700012207031,359.2099914550781,358.9100036621094,359.19000244140625,359.19000244140625,139635
2022-10-10 13:31:00-04:00,359.1650085449219,359.20269775390625,359.0299987792969,359.19500732421875,359.19500732421875,82600
2022-10-10 13:32:00-04:00,359.20001220703125,359.489990234375,359.20001220703125,359.4601135253906,359.4601135253906,232220
2022-10-10 13:33:00-04:00,359.4800109863281,359.82000732421875,359.4800109863281,359.5400085449219,359.5400085449219,287859
2022-10-10 13:34:00-04:00,359.57000732421875,359.5799865722656,359.3599853515625,359.4458923339844,359.4458923339844,353307
2022-10-10 13:35:00-04:00,359.44500732421875,359.9599914550781,359.43011474609375,359.80999755859375,359.80999755859375,201181
2022-10-10 13:36:00-04:00,359.79998779296875,359.80999755859375,359.5400085449219,359.6400146484375,359.6400146484375,147298
2022-10-10 13:37:00-04:00,359.6499938964844,359.6700134277344,359.4599914550781,359.5400085449219,359.5400085449219,197591
2022-10-10 13:38:00-04:00,359.5400085449219,359.739990234375,359.5299987792969,359.7388916015625,359.7388916015625,135116
2022-10-10 13:39:00-04:00,359.75,359.8800048828125,359.7099914550781,359.8800048828125,359.8800048828125,127348
2022-10-10 13:40:00-04:00,359.889892578125,359.94000244140625,359.760009765625,359.92999267578125,359.92999267578125,76175
2022-10-10 13:41:00-04:00,359.92999267578125,359.9700012207031,359.80999755859375,359.8399963378906,359.8399963378906,61055
2022-10-10 13:42:00-04:00,359.8299865722656,359.94000244140625,359.760009765625,359.8299865722656,359.8299865722656,71562
2022-10-10 13:43:00-04:00,359.82000732421875,359.8999938964844,359.739990234375,359.7409973144531,359.7409973144531,69731
2022-10-10 13:44:00-04:00,359.7300109863281,359.7300109863281,359.5299987792969,359.55499267578125,359.55499267578125,129278
2022-10-10 13:45:00-04:00,360.2900085449219,360.30810546875,359.510009765625,360.2900085449219,360.2900085449219,184215
2022-10-10 13:46:00-04:00,360.2900085449219,360.6700134277344,360.239990234375,360.625,360.625,331613
2022-10-10 13:47:00-04:00,360.6213073730469,361.0799865722656,360.6199951171875,360.9700012207031,360.9700012207031,414704
2022-10-10 13:48:00-04:00,360.989990234375,361.3900146484375,360.9100036621094,361.3699035644531,361.3699035644531,251827
2022-10-10 13:49:00-04:00,361.3800048828125,362.010009765625,361.3800048828125,361.6319885253906,361.6319885253906,585012
2022-10-10 13:50:00-04:00,361.6499938964844,361.82000732421875,361.4700012207031,361.739990234375,361.739990234375,487327
2022-10-10 13:51:00-04:00,361.75,361.94000244140625,361.6499938964844,361.7900085449219,361.7900085449219,222970
2022-10-10 13:52:00-04:00,361.7900085449219,362.3699951171875,361.7099914550781,362.1000061035156,362.1000061035156,422023
2022-10-10 13:53:00-04:00,362.1099853515625,362.1199951171875,361.80999755859375,361.9800109863281,361.9800109863281,258176
2022-10-10 13:54:00-04:00,361.9700012207031,362.2300109863281,361.95001220703125,362.17999267578125,362.17999267578125,199933
2022-10-10 13:55:00-04:00,362.17999267578125,362.3298034667969,362.0299987792969,362.0799865722656,362.0799865722656,179778
2022-10-10 13:56:00-04:00,362.07220458984375,362.07220458984375,361.7799987792969,361.8349914550781,361.8349914550781,213434
2022-10-10 13:57:00-04:00,361.8299865722656,361.8699951171875,361.73089599609375,361.7900085449219,361.7900085449219,139498
2022-10-10 13:58:00-04:00,361.7699890136719,361.9200134277344,361.6199951171875,361.6600036621094,361.6600036621094,225721
2022-10-10 13:59:00-04:00,361.6510009765625,361.6700134277344,361.4599914550781,361.49798583984375,361.49798583984375,247119
2022-10-10 14:00:00-04:00,361.4800109863281,361.6400146484375,361.3800048828125,361.44000244140625,361.44000244140625,182267
2022-10-10 14:01:00-04:00,361.4200134277344,361.4200134277344,361.1600036621094,361.3349914550781,361.3349914550781,235504
2022-10-10 14:02:00-04:00,361.3299865722656,361.46990966796875,361.239990234375,361.3599853515625,361.3599853515625,128765
2022-10-10 14:03:00-04:00,361.3500061035156,361.510009765625,361.3450012207031,361.4100036621094,361.4100036621094,96088
2022-10-10 14:04:00-04:00,361.3999938964844,361.4200134277344,361.239990234375,361.3949890136719,361.3949890136719,53826
2022-10-10 14:05:00-04:00,361.3900146484375,361.3981018066406,361.125,361.1300964355469,361.1300964355469,118976
2022-10-10 14:06:00-04:00,361.1199951171875,361.1199951171875,360.81500244140625,360.8399963378906,360.8399963378906,146707
2022-10-10 14:07:00-04:00,360.8399963378906,361.1700134277344,360.7799987792969,361.1700134277344,361.1700134277344,179672
2022-10-10 14:08:00-04:00,361.1600036621094,361.239990234375,360.981201171875,361.07000732421875,361.07000732421875,119589
2022-10-10 14:09:00-04:00,361.05999755859375,361.05999755859375,360.8500061035156,360.8999938964844,360.8999938964844,116511
2022-10-10 14:10:00-04:00,360.8999938964844,361.04998779296875,360.8500061035156,360.989990234375,360.989990234375,100954
2022-10-10 14:11:00-04:00,361.0199890136719,361.07000732421875,360.8800048828125,360.9100036621094,360.9100036621094,70977
2022-10-10 14:12:00-04:00,360.91009521484375,361.0199890136719,360.82000732421875,360.8399963378906,360.8399963378906,64898
2022-10-10 14:13:00-04:00,360.8399963378906,360.8500061035156,360.5299987792969,360.69000244140625,360.69000244140625,254587
2022-10-10 14:14:00-04:00,360.67999267578125,360.8299865722656,360.4599914550781,360.54998779296875,360.54998779296875,146677
2022-10-10 14:15:00-04:00,360.54998779296875,360.57000732421875,360.3399963378906,360.3999938964844,360.3999938964844,145723
2022-10-10 14:16:00-04:00,360.406005859375,360.6099853515625,360.30120849609375,360.36761474609375,360.36761474609375,130860
2022-10-10 14:17:00-04:00,360.3550109863281,360.4700012207031,360.3299865722656,360.3999938964844,360.3999938964844,90344
2022-10-10 14:18:00-04:00,360.4100036621094,360.5,360.2200012207031,360.5,360.5,138400
2022-10-10 14:19:00-04:00,360.4949951171875,360.5299987792969,360.33099365234375,360.45001220703125,360.45001220703125,108004
2022-10-10 14:20:00-04:00,360.44049072265625,360.6700134277344,360.3900146484375,360.6600036621094,360.6600036621094,90234
2022-10-10 14:21:00-04:00,360.67999267578125,360.760009765625,360.5899963378906,360.6199951171875,360.6199951171875,130435
2022-10-10 14:22:00-04:00,360.6199951171875,360.6299133300781,360.07000732421875,360.1400146484375,360.1400146484375,180748
2022-10-10 14:23:00-04:00,360.1300048828125,360.14990234375,359.94000244140625,360.118896484375,360.118896484375,130403
2022-10-10 14:24:00-04:00,360.1199951171875,360.3299865722656,360.0,360.2200012207031,360.2200012207031,74954
2022-10-10 14:25:00-04:00,360.19000244140625,360.3500061035156,360.17999267578125,360.29998779296875,360.29998779296875,66387
2022-10-10 14:26:00-04:00,360.29998779296875,360.6700134277344,360.2650146484375,360.55999755859375,360.55999755859375,122310
2022-10-10 14:27:00-04:00,360.54998779296875,360.54998779296875,360.3699951171875,360.5150146484375,360.5150146484375,74789
2022-10-10 14:28:00-04:00,360.5199890136719,360.70001220703125,360.4902038574219,360.70001220703125,360.70001220703125,88194
2022-10-10 14:29:00-04:00,360.70001220703125,360.7900085449219,360.5,360.63250732421875,360.63250732421875,85003
2022-10-10 14:30:00-04:00,360.6199951171875,360.6199951171875,360.3699951171875,360.5,360.5,71103
2022-10-10 14:31:00-04:00,360.489990234375,360.95001220703125,360.4700012207031,360.8999938964844,360.8999938964844,126513
2022-10-10 14:32:00-04:00,361.0400085449219,361.2300109863281,360.8900146484375,361.0400085449219,361.0400085449219,332602
2022-10-10 14:33:00-04:00,361.0400085449219,361.42999267578125,360.9700012207031,361.3800048828125,361.3800048828125,245770
2022-10-10 14:34:00-04:00,361.385009765625,361.4700012207031,361.2099914550781,361.239990234375,361.239990234375,281461
2022-10-10 14:35:00-04:00,361.2200012207031,361.364990234375,361.1400146484375,361.29998779296875,361.29998779296875,124843
2022-10-10 14:36:00-04:00,361.30999755859375,361.4599914550781,361.19000244140625,361.45001220703125,361.45001220703125,113669
2022-10-10 14:37:00-04:00,361.45001220703125,361.4599914550781,361.17999267578125,361.3599853515625,361.3599853515625,73228
2022-10-10 14:38:00-04:00,361.3399963378906,361.3900146484375,361.1000061035156,361.3799133300781,361.3799133300781,95025
2022-10-10 14:39:00-04:00,361.3746032714844,361.5799865722656,361.3299865722656,361.57000732421875,361.57000732421875,130962
2022-10-10 14:40:00-04:00,361.5899963378906,361.760009765625,361.4700012207031,361.6700134277344,361.6700134277344,216768
2022-10-10 14:41:00-04:00,361.67498779296875,361.67999267578125,361.3999938964844,361.4599914550781,361.4599914550781,99286
2022-10-10 14:42:00-04:00,361.5,361.510009765625,361.1300048828125,361.2601013183594,361.2601013183594,88402
2022-10-10 14:43:00-04:00,361.2601013183594,361.31988525390625,360.8699951171875,360.885009765625,360.885009765625,137881
2022-10-10 14:44:00-04:00,360.8800048828125,361.1300048828125,360.8800048828125,361.0318908691406,361.0318908691406,99614
2022-10-10 14:45:00-04:00,361.0199890136719,361.04998779296875,360.80999755859375,360.9599914550781,360.9599914550781,133294
2022-10-10 14:46:00-04:00,360.95001220703125,361.0799865722656,360.5899963378906,360.6199951171875,360.6199951171875,110311
2022-10-10 14:47:00-04:00,360.6000061035156,360.7200927734375,360.5899963378906,360.69000244140625,360.69000244140625,63180
2022-10-10 14:48:00-04:00,360.6600036621094,360.6600036621094,360.4700012207031,360.5530090332031,360.5530090332031,92884
2022-10-10 14:49:00-04:00,360.5,360.739990234375,360.45001220703125,360.6300048828125,360.6300048828125,59006
2022-10-10 14:50:00-04:00,360.6199951171875,360.739990234375,360.5899963378906,360.67999267578125,360.67999267578125,80770
2022-10-10 14:51:00-04:00,360.69000244140625,360.9100036621094,360.489990234375,360.8599853515625,360.8599853515625,69228
2022-10-10 14:52:00-04:00,360.8399963378906,361.0799865722656,360.6700134277344,360.69000244140625,360.69000244140625,100935
2022-10-10 14:53:00-04:00,360.7200012207031,360.82000732421875,360.5899963378906,360.8109130859375,360.8109130859375,69349
2022-10-10 14:54:00-04:00,360.79998779296875,360.9700012207031,360.7099914550781,360.92999267578125,360.92999267578125,47521
2022-10-10 14:55:00-04:00,360.9200134277344,360.95819091796875,360.739990234375,360.7650146484375,360.7650146484375,52186
2022-10-10 14:56:00-04:00,360.75,360.79998779296875,360.5,360.5,360.5,82621
2022-10-10 14:57:00-04:00,360.489990234375,360.510009765625,360.25,360.2799987792969,360.2799987792969,160694
2022-10-10 14:58:00-04:00,360.260009765625,360.80999755859375,360.25,360.7699890136719,360.7699890136719,137251
2022-10-10 14:59:00-04:00,360.760009765625,360.82000732421875,360.5299987792969,360.54010009765625,360.54010009765625,115567
2022-10-10 15:00:00-04:00,360.55499267578125,361.05999755859375,360.510009765625,360.92950439453125,360.92950439453125,116053
2022-10-10 15:01:00-04:00,360.94000244140625,360.94000244140625,360.50439453125,360.5199890136719,360.5199890136719,80248
2022-10-10 15:02:00-04:00,360.510009765625,360.5299072265625,360.2300109863281,360.3599853515625,360.3599853515625,128439
2022-10-10 15:03:00-04:00,360.3299865722656,360.3500061035156,360.04998779296875,360.1600036621094,360.1600036621094,97480
2022-10-10 15:04:00-04:00,360.1700134277344,360.3999938964844,360.1300048828125,360.32000732421875,360.32000732421875,84260
2022-10-10 15:05:00-04:00,360.29998779296875,360.3900146484375,360.1099853515625,360.3299865722656,360.3299865722656,86404
2022-10-10 15:06:00-04:00,360.32000732421875,360.7200012207031,360.2799987792969,360.4905090332031,360.4905090332031,101130
2022-10-10 15:07:00-04:00,360.510009765625,360.5199890136719,360.2372131347656,360.260009765625,360.260009765625,74783
2022-10-10 15:08:00-04:00,360.25,360.4599914550781,360.2250061035156,360.3999938964844,360.3999938964844,71011
2022-10-10 15:09:00-04:00,360.3900146484375,360.70001220703125,360.3900146484375,360.70001220703125,360.70001220703125,69510
2022-10-10 15:10:00-04:00,360.69000244140625,360.69000244140625,360.4104919433594,360.69000244140625,360.69000244140625,71911
2022-10-10 15:11:00-04:00,360.67999267578125,360.7699890136719,360.5179138183594,360.67999267578125,360.67999267578125,106621
2022-10-10 15:12:00-04:00,360.6700134277344,361.1700134277344,360.57000732421875,360.8399963378906,360.8399963378906,182234
2022-10-10 15:13:00-04:00,360.8500061035156,360.9849853515625,360.6400146484375,360.9700012207031,360.9700012207031,105812
2022-10-10 15:14:00-04:00,360.9800109863281,361.1700134277344,360.95001220703125,361.1400146484375,361.1400146484375,126582
2022-10-10 15:15:00-04:00,361.1499938964844,361.44000244140625,361.0,361.3900146484375,361.3900146484375,199852
2022-10-10 15:16:00-04:00,361.3999938964844,361.6099853515625,361.3699951171875,361.5799865722656,361.5799865722656,188376
2022-10-10 15:17:00-04:00,361.57000732421875,361.79998779296875,361.30999755859375,361.7699890136719,361.7699890136719,270049
2022-10-10 15:18:00-04:00,361.7799987792969,361.8500061035156,361.3800048828125,361.45001220703125,361.45001220703125,157964
2022-10-10 15:19:00-04:00,361.4599914550781,361.7347106933594,361.2300109863281,361.7298889160156,361.7298889160156,165034
2022-10-10 15:20:00-04:00,361.7298889160156,361.82000732421875,361.5799865722656,361.74951171875,361.74951171875,168044
2022-10-10 15:21:00-04:00,361.7449951171875,361.74951171875,361.4501037597656,361.6000061035156,361.6000061035156,117068
2022-10-10 15:22:00-04:00,361.5799865722656,361.6199951171875,361.2799987792969,361.6050109863281,361.6050109863281,137183
2022-10-10 15:23:00-04:00,361.5899963378906,361.8599853515625,361.3599853515625,361.70989990234375,361.70989990234375,142899
2022-10-10 15:24:00-04:00,361.7200012207031,361.9750061035156,361.54998779296875,361.6000061035156,361.6000061035156,257654
2022-10-10 15:25:00-04:00,361.6099853515625,361.6099853515625,361.2799987792969,361.3200988769531,361.3200988769531,153264
2022-10-10 15:26:00-04:00,361.32000732421875,361.32501220703125,360.8500061035156,360.947998046875,360.947998046875,211031
2022-10-10 15:27:00-04:00,360.92999267578125,361.0299987792969,360.7699890136719,360.8800048828125,360.8800048828125,212098
2022-10-10 15:28:00-04:00,360.8699951171875,360.8699951171875,360.5799865722656,360.69891357421875,360.69891357421875,126793
2022-10-10 15:29:00-04:00,360.6600036621094,360.8800048828125,360.6099853515625,360.7583923339844,360.7583923339844,79147
2022-10-10 15:30:00-04:00,360.80999755859375,361.0400085449219,360.5799865722656,360.69000244140625,360.69000244140625,155690
2022-10-10 15:31:00-04:00,360.68011474609375,360.82000732421875,360.6000061035156,360.7300109863281,360.7300109863281,97640
2022-10-10 15:32:00-04:00,360.7300109863281,361.14990234375,360.57000732421875,361.05999755859375,361.05999755859375,165146
2022-10-10 15:33:00-04:00,361.04998779296875,361.260009765625,360.95001220703125,361.2099914550781,361.2099914550781,152957
2022-10-10 15:34:00-04:00,361.2349853515625,361.239990234375,361.0199890136719,361.0899963378906,361.0899963378906,119665
2022-10-10 15:35:00-04:00,361.05499267578125,361.260009765625,360.9100036621094,361.2384033203125,361.2384033203125,154751
2022-10-10 15:36:00-04:00,361.0899963378906,361.25,360.9200134277344,361.0899963378906,361.0899963378906,106817
2022-10-10 15:37:00-04:00,361.05999755859375,361.2900085449219,360.94000244140625,361.1600036621094,361.1600036621094,159653
2022-10-10 15:38:00-04:00,361.1499938964844,361.52899169921875,361.1199951171875,361.489990234375,361.489990234375,213747
2022-10-10 15:39:00-04:00,361.4800109863281,361.7300109863281,361.2699890136719,361.31500244140625,361.31500244140625,175105
2022-10-10 15:40:00-04:00,361.32000732421875,361.45001220703125,360.9100036621094,361.0799865722656,361.0799865722656,336686
2022-10-10 15:41:00-04:00,361.07000732421875,361.0899963378906,360.8500061035156,360.9700012207031,360.9700012207031,140133
2022-10-10 15:42:00-04:00,360.989990234375,361.127685546875,360.760009765625,360.989990234375,360.989990234375,128031
2022-10-10 15:43:00-04:00,360.9700012207031,361.0450134277344,360.7699890136719,360.8500061035156,360.8500061035156,120459
2022-10-10 15:44:00-04:00,360.8699951171875,360.9679870605469,360.7099914550781,360.95001220703125,360.95001220703125,141696
2022-10-10 15:45:00-04:00,360.9200134277344,361.2550048828125,360.702392578125,361.1300048828125,361.1300048828125,249821
2022-10-10 15:46:00-04:00,361.1400146484375,361.57000732421875,361.04998779296875,361.5350036621094,361.5350036621094,305531
2022-10-10 15:47:00-04:00,361.54998779296875,361.57000732421875,360.9200134277344,360.9599914550781,360.9599914550781,323907
2022-10-10 15:48:00-04:00,360.9599914550781,361.3399963378906,360.8800048828125,361.2799987792969,361.2799987792969,229597
2022-10-10 15:49:00-04:00,361.2900085449219,361.4200134277344,361.2099914550781,361.2699890136719,361.2699890136719,293427
2022-10-10 15:50:00-04:00,361.260009765625,361.6199951171875,360.54998779296875,360.5849914550781,360.5849914550781,693355
2022-10-10 15:51:00-04:00,360.5899963378906,361.0199890136719,360.5799865722656,360.75,360.75,244572
2022-10-10 15:52:00-04:00,360.7200012207031,361.04998779296875,360.6499938964844,360.94000244140625,360.94000244140625,247270
2022-10-10 15:53:00-04:00,360.94000244140625,361.3399963378906,360.90899658203125,361.2650146484375,361.2650146484375,251044
2022-10-10 15:54:00-04:00,361.2699890136719,361.3699951171875,361.0400085449219,361.260009765625,361.260009765625,354659
2022-10-10 15:55:00-04:00,361.25,361.260009765625,360.69000244140625,360.739990234375,360.739990234375,366246
2022-10-10 15:56:00-04:00,360.7200012207031,360.864990234375,360.5899963378906,360.6400146484375,360.6400146484375,382813
2022-10-10 15:57:00-04:00,360.6300048828125,360.6499938964844,360.2200012207031,360.25,360.25,393923
2022-10-10 15:58:00-04:00,360.2449951171875,360.30999755859375,360.17999267578125,360.17999267578125,360.17999267578125,374202
2022-10-10 15:59:00-04:00,360.19500732421875,360.5177917480469,360.0299987792969,360.0799865722656,360.0799865722656,1605078
2022-10-11 09:30:00-04:00,358.2349853515625,358.5,358.1700134277344,358.2554931640625,358.2554931640625,3908427
2022-10-11 09:31:00-04:00,358.2550048828125,358.4800109863281,357.6600036621094,358.3460998535156,358.3460998535156,405417
2022-10-11 09:32:00-04:00,358.32000732421875,358.8999938964844,358.2699890136719,358.4440002441406,358.4440002441406,350822
2022-10-11 09:33:00-04:00,358.1098937988281,358.1098937988281,358.0,358.0400085449219,358.0400085449219,244335
2022-10-11 09:34:00-04:00,358.0400085449219,358.25,357.760009765625,357.8399963378906,357.8399963378906,283265
2022-10-11 09:35:00-04:00,357.82000732421875,357.8399963378906,357.2300109863281,357.239013671875,357.239013671875,422182
2022-10-11 09:36:00-04:00,357.2200012207031,357.86370849609375,357.2099914550781,357.79998779296875,357.79998779296875,315735
2022-10-11 09:37:00-04:00,357.79998779296875,357.8900146484375,357.54998779296875,357.5799865722656,357.5799865722656,200980
2022-10-11 09:38:00-04:00,357.5400085449219,357.8500061035156,357.3999938964844,357.6300048828125,357.6300048828125,181740
2022-10-11 09:39:00-04:00,357.6199951171875,357.7099914550781,357.2699890136719,357.42999267578125,357.42999267578125,152648
2022-10-11 09:40:00-04:00,357.3999938964844,357.8299865722656,357.25,357.3999938964844,357.3999938964844,309620
2022-10-11 09:41:00-04:00,357.3999938964844,357.67999267578125,357.0899963378906,357.6600036621094,357.6600036621094,409883
2022-10-11 09:42:00-04:00,357.6549987792969,357.6600036621094,357.30999755859375,357.4801025390625,357.4801025390625,131743
2022-10-11 09:43:00-04:00,357.45001220703125,357.6300048828125,357.3500061035156,357.3905029296875,357.3905029296875,186150
2022-10-11 09:44:00-04:00,357.3905029296875,357.6499938964844,357.2699890136719,357.5801086425781,357.5801086425781,158120
2022-10-11 09:45:00-04:00,357.58990478515625,358.1300048828125,357.4100036621094,357.6700134277344,357.6700134277344,280288
2022-10-11 09:46:00-04:00,357.8599853515625,357.8599853515625,357.8599853515625,357.8599853515625,357.8599853515625,150975
2022-10-11 09:47:00-04:00,357.8599853515625,357.9100036621094,357.5,357.55999755859375,357.55999755859375,122258
2022-10-11 09:48:00-04:00,356.80999755859375,357.010009765625,356.80999755859375,357.0086975097656,357.0086975097656,537232
2022-10-11 09:49:00-04:00,357.010009765625,357.31939697265625,356.92999267578125,357.2301940917969,357.2301940917969,200108
2022-10-11 09:50:00-04:00,357.239990234375,357.5,357.239990234375,357.364990234375,357.364990234375,168266
2022-10-11 09:51:00-04:00,357.3900146484375,357.45001220703125,357.1000061035156,357.3999938964844,357.3999938964844,159264
2022-10-11 09:52:00-04:00,357.4100036621094,357.6000061035156,357.2900085449219,357.3299865722656,357.3299865722656,174324
2022-10-11 09:53:00-04:00,357.3218078613281,357.50689697265625,357.19000244140625,357.2900085449219,357.2900085449219,163306
2022-10-11 09:54:00-04:00,357.29998779296875,357.3999938964844,356.82000732421875,356.92999267578125,356.92999267578125,160597
2022-10-11 09:55:00-04:00,356.96099853515625,357.010009765625,356.7699890136719,356.96099853515625,356.96099853515625,126915
2022-10-11 09:56:00-04:00,356.94000244140625,357.1700134277344,356.5299987792969,356.9849853515625,356.9849853515625,323926
2022-10-11 09:57:00-04:00,356.9800109863281,357.010009765625,356.67498779296875,356.8699951171875,356.8699951171875,197200
2022-10-11 09:58:00-04:00,356.8399963378906,356.8999938964844,356.5,356.5799865722656,356.5799865722656,212627
2022-10-11 09:59:00-04:00,356.55999755859375,356.67999267578125,356.510009765625,356.5899963378906,356.5899963378906,135479
2022-10-11 10:00:00-04:00,356.5899963378906,356.6000061035156,356.25,356.3999938964844,356.3999938964844,334037
2022-10-11 10:01:00-04:00,356.3999938964844,356.42999267578125,355.9599914550781,356.2398986816406,356.2398986816406,431904
2022-10-11 10:02:00-04:00,356.2300109863281,356.28851318359375,355.9505920410156,356.05999755859375,356.05999755859375,257736
2022-10-11 10:03:00-04:00,356.05999755859375,356.05999755859375,355.8299865722656,355.8699951171875,355.8699951171875,295133
2022-10-11 10:04:00-04:00,355.864990234375,356.1600036621094,355.80999755859375,356.1499938964844,356.1499938964844,230324
2022-10-11 10:05:00-04:00,356.04010009765625,356.1099853515625,355.9750061035156,356.0150146484375,356.0150146484375,430087
2022-10-11 10:06:00-04:00,356.010009765625,356.135009765625,356.0,356.1000061035156,356.1000061035156,58638
2022-10-11 10:07:00-04:00,356.44000244140625,356.57000732421875,356.1400146484375,356.1499938964844,356.1499938964844,583735
2022-10-11 10:08:00-04:00,356.1400146484375,356.3399963378906,356.05999755859375,356.2799987792969,356.2799987792969,196953
2022-10-11 10:09:00-04:00,356.2799987792969,356.45001220703125,356.1700134277344,356.2200012207031,356.2200012207031,705030
2022-10-11 10:10:00-04:00,356.2300109863281,356.2900085449219,356.1300048828125,356.19000244140625,356.19000244140625,204745
2022-10-11 10:11:00-04:00,356.18011474609375,356.3399963378906,356.04010009765625,356.05999755859375,356.05999755859375,234036
2022-10-11 10:12:00-04:00,356.04010009765625,356.3699951171875,355.9599914550781,356.0899963378906,356.0899963378906,350047
2022-10-11 10:13:00-04:00,356.0899963378906,356.55999755859375,356.0804138183594,356.55999755859375,356.55999755859375,255948
2022-10-11 10:14:00-04:00,356.57000732421875,356.94000244140625,356.1700134277344,356.8599853515625,356.8599853515625,439497
2022-10-11 10:15:00-04:00,356.8699951171875,356.8999938964844,356.57000732421875,356.7069091796875,356.7069091796875,154183
2022-10-11 10:16:00-04:00,356.7200012207031,357.05999755859375,356.5799865722656,356.9800109863281,356.9800109863281,144911
2022-10-11 10:17:00-04:00,357.0,357.45001220703125,356.9100036621094,357.3500061035156,357.3500061035156,301576
2022-10-11 10:18:00-04:00,357.3599853515625,357.3949890136719,357.19000244140625,357.25,357.25,233970
2022-10-11 10:19:00-04:00,357.2449951171875,357.4200134277344,356.8699951171875,356.9150085449219,356.9150085449219,233834
2022-10-11 10:20:00-04:00,356.9200134277344,356.9200134277344,356.6600036621094,356.739990234375,356.739990234375,306028
2022-10-11 10:21:00-04:00,356.7200012207031,356.8299865722656,356.6199951171875,356.67498779296875,356.67498779296875,102250
2022-10-11 10:22:00-04:00,356.82000732421875,356.8399963378906,356.6000061035156,356.6300048828125,356.6300048828125,135994
2022-10-11 10:23:00-04:00,356.6199951171875,356.80999755859375,356.5050048828125,356.57000732421875,356.57000732421875,179262
2022-10-11 10:24:00-04:00,356.5799865722656,356.739990234375,356.5299987792969,356.5400085449219,356.5400085449219,93162
2022-10-11 10:25:00-04:00,356.5400085449219,357.0199890136719,356.4599914550781,356.9491882324219,356.9491882324219,151559
2022-10-11 10:26:00-04:00,356.92999267578125,357.1499938964844,356.9100036621094,357.010009765625,357.010009765625,147620
2022-10-11 10:27:00-04:00,357.0,357.20001220703125,356.8900146484375,356.95001220703125,356.95001220703125,105076
2022-10-11 10:28:00-04:00,356.9200134277344,357.0199890136719,356.75,356.79998779296875,356.79998779296875,99317
2022-10-11 10:29:00-04:00,356.7900085449219,357.0899963378906,356.7200012207031,356.7699890136719,356.7699890136719,127433
2022-10-11 10:30:00-04:00,356.7239990234375,356.760009765625,356.2699890136719,356.3399963378906,356.3399963378906,216564
2022-10-11 10:31:00-04:00,356.3399963378906,356.5299987792969,356.260009765625,356.3905029296875,356.3905029296875,165301
2022-10-11 10:32:00-04:00,356.3999938964844,357.010009765625,356.3999938964844,356.8500061035156,356.8500061035156,199883
2022-10-11 10:33:00-04:00,356.875,357.5799865722656,356.7799987792969,357.2101135253906,357.2101135253906,273472
2022-10-11 10:34:00-04:00,357.2300109863281,357.6000061035156,357.1499938964844,357.3699951171875,357.3699951171875,213458
2022-10-11 10:35:00-04:00,357.3900146484375,357.44000244140625,357.20001220703125,357.260009765625,357.260009765625,109594
2022-10-11 10:36:00-04:00,357.2699890136719,357.67999267578125,357.1300048828125,357.5400085449219,357.5400085449219,172715
2022-10-11 10:37:00-04:00,357.5400085449219,357.5400085449219,357.260009765625,357.45001220703125,357.45001220703125,188901
2022-10-11 10:38:00-04:00,357.45001220703125,357.489990234375,357.2200012207031,357.4599914550781,357.4599914550781,127075
2022-10-11 10:39:00-04:00,357.44000244140625,357.8949890136719,357.3699951171875,357.7200012207031,357.7200012207031,208360
2022-10-11 10:40:00-04:00,358.19000244140625,358.42999267578125,358.1600036621094,358.3912048339844,358.3912048339844,501100
2022-10-11 10:41:00-04:00,358.4100036621094,358.57000732421875,358.2699890136719,358.38751220703125,358.38751220703125,185324
2022-10-11 10:42:00-04:00,358.4200134277344,358.5400085449219,358.239990234375,358.2500915527344,358.2500915527344,170011
2022-10-11 10:43:00-04:00,358.010009765625,358.36859130859375,358.0,358.010009765625,358.010009765625,176006
2022-10-11 10:44:00-04:00,358.0,358.2900085449219,357.8800048828125,358.239990234375,358.239990234375,236124
2022-10-11 10:45:00-04:00,358.2699890136719,358.4599914550781,358.0,358.0050048828125,358.0050048828125,160706
2022-10-11 10:46:00-04:00,357.989990234375,358.04998779296875,357.8599853515625,357.9800109863281,357.9800109863281,128330
2022-10-11 10:47:00-04:00,357.95001220703125,358.1099853515625,357.8599853515625,358.0199890136719,358.0199890136719,160022
2022-10-11 10:48:00-04:00,358.04998779296875,358.1600036621094,357.8699951171875,357.8999938964844,357.8999938964844,117342
2022-10-11 10:49:00-04:00,357.9200134277344,358.05999755859375,357.7699890136719,357.8900146484375,357.8900146484375,196985
2022-10-11 10:50:00-04:00,357.885498046875,358.2300109863281,357.8500061035156,358.1199951171875,358.1199951171875,142007
2022-10-11 10:51:00-04:00,358.07989501953125,358.07989501953125,357.8500061035156,358.0,358.0,93101
2022-10-11 10:52:00-04:00,358.0199890136719,358.3399963378906,357.9588928222656,358.239990234375,358.239990234375,135517
2022-10-11 10:53:00-04:00,358.2099914550781,358.3500061035156,358.0799865722656,358.2200012207031,358.2200012207031,88975
2022-10-11 10:54:00-04:00,358.2149963378906,358.3599853515625,358.0400085449219,358.1000061035156,358.1000061035156,110589
2022-10-11 10:55:00-04:00,358.5393981933594,358.6499938964844,358.05010986328125,358.5393981933594,358.5393981933594,172879
2022-10-11 10:56:00-04:00,358.5299987792969,358.639892578125,358.30999755859375,358.3800048828125,358.3800048828125,103993
2022-10-11 10:57:00-04:00,358.3399963378906,358.3399963378906,357.7799987792969,357.7950134277344,357.7950134277344,280401
2022-10-11 10:58:00-04:00,357.7792053222656,357.875,357.54998779296875,357.7300109863281,357.7300109863281,247425
2022-10-11 10:59:00-04:00,357.5199890136719,357.580810546875,357.4800109863281,357.510009765625,357.510009765625,208379
2022-10-11 11:00:00-04:00,357.5299987792969,357.6300048828125,357.45001220703125,357.57000732421875,357.57000732421875,47855
2022-10-11 11:01:00-04:00,357.6499938964844,357.7699890136719,357.5299987792969,357.739990234375,357.739990234375,232028
2022-10-11 11:02:00-04:00,357.7349853515625,358.6300048828125,357.6824951171875,358.57000732421875,358.57000732421875,309121
2022-10-11 11:03:00-04:00,358.6000061035156,359.3399963378906,358.57000732421875,359.2976989746094,359.2976989746094,402874
2022-10-11 11:04:00-04:00,359.2986145019531,359.4700012207031,359.1300048828125,359.2099914550781,359.2099914550781,242209
2022-10-11 11:05:00-04:00,359.2099914550781,359.2500915527344,359.0400085449219,359.1499938964844,359.1499938964844,211691
2022-10-11 11:06:00-04:00,358.4800109863281,359.19000244140625,358.4599914550781,358.4800109863281,358.4800109863281,251015
2022-10-11 11:07:00-04:00,358.4599914550781,358.57989501953125,358.3699951171875,358.5065002441406,358.5065002441406,160650
2022-10-11 11:08:00-04:00,358.5199890136719,358.6700134277344,358.30999755859375,358.4700012207031,358.4700012207031,109776
2022-10-11 11:09:00-04:00,358.489990234375,358.69000244140625,358.40008544921875,358.6499938964844,358.6499938964844,127703
2022-10-11 11:10:00-04:00,358.6549987792969,358.82000732421875,358.4800109863281,358.5,358.5,159629
2022-10-11 11:11:00-04:00,358.510009765625,358.798095703125,358.30999755859375,358.7336120605469,358.7336120605469,103914
2022-10-11 11:12:00-04:00,358.739990234375,358.8800048828125,358.6449890136719,358.70001220703125,358.70001220703125,108283
2022-10-11 11:13:00-04:00,358.69000244140625,358.7650146484375,358.57000732421875,358.7218933105469,358.7218933105469,22815
2022-10-11 11:14:00-04:00,358.8599853515625,358.8999938964844,358.79998779296875,358.8800048828125,358.8800048828125,148811
2022-10-11 11:15:00-04:00,358.8299865722656,359.4200134277344,358.80999755859375,359.20001220703125,359.20001220703125,143524
2022-10-11 11:16:00-04:00,359.2699890136719,359.3581848144531,359.07000732421875,359.2699890136719,359.2699890136719,275808
2022-10-11 11:17:00-04:00,359.260009765625,359.54998779296875,359.19500732421875,359.5398864746094,359.5398864746094,214563
2022-10-11 11:18:00-04:00,359.5299987792969,359.5400085449219,359.239990234375,359.3599853515625,359.3599853515625,382277
2022-10-11 11:19:00-04:00,359.3800048828125,359.4800109863281,359.18109130859375,359.20001220703125,359.20001220703125,94285
2022-10-11 11:20:00-04:00,359.3900146484375,359.489990234375,359.29998779296875,359.3800048828125,359.3800048828125,219352
2022-10-11 11:21:00-04:00,359.3799133300781,359.3999938964844,359.1400146484375,359.20001220703125,359.20001220703125,65766
2022-10-11 11:22:00-04:00,358.8999938964844,359.1600036621094,358.8949890136719,359.1199951171875,359.1199951171875,227303
2022-10-11 11:23:00-04:00,359.1000061035156,359.29998779296875,359.0692138671875,359.2749938964844,359.2749938964844,183157
2022-10-11 11:24:00-04:00,359.2300109863281,359.260009765625,359.0799865722656,359.1199951171875,359.1199951171875,81977
2022-10-11 11:25:00-04:00,359.1300048828125,359.30499267578125,359.03021240234375,359.2099914550781,359.2099914550781,83119
2022-10-11 11:26:00-04:00,359.19000244140625,359.25,358.9200134277344,358.9200134277344,358.9200134277344,145716
2022-10-11 11:27:00-04:00,358.9100036621094,358.92999267578125,358.6700134277344,358.8699951171875,358.8699951171875,169127
2022-10-11 11:28:00-04:00,358.8800048828125,359.489990234375,358.75,359.4898986816406,359.4898986816406,145840
2022-10-11 11:29:00-04:00,359.4800109863281,359.55999755859375,359.17999267578125,359.3500061035156,359.3500061035156,160532
2022-10-11 11:30:00-04:00,359.3500061035156,359.83929443359375,359.3500061035156,359.6400146484375,359.6400146484375,280475
2022-10-11 11:31:00-04:00,359.6700134277344,359.7200012207031,359.19000244140625,359.3299865722656,359.3299865722656,172367
2022-10-11 11:32:00-04:00,359.3299865722656,359.7261962890625,359.2900085449219,359.6499938964844,359.6499938964844,164737
2022-10-11 11:33:00-04:00,359.6600036621094,359.8500061035156,359.5299987792969,359.7900085449219,359.7900085449219,270443
2022-10-11 11:34:00-04:00,359.7799987792969,359.8800048828125,359.69500732421875,359.80999755859375,359.80999755859375,156281
2022-10-11 11:35:00-04:00,359.80120849609375,359.9800109863281,359.6300048828125,359.8800048828125,359.8800048828125,178572
2022-10-11 11:36:00-04:00,359.8699951171875,360.1499938964844,359.8299865722656,360.0799865722656,360.0799865722656,345686
2022-10-11 11:37:00-04:00,360.07000732421875,360.3299865722656,360.010009765625,360.1600036621094,360.1600036621094,218256
2022-10-11 11:38:00-04:00,360.1700134277344,360.1972961425781,359.70001220703125,359.7099914550781,359.7099914550781,265805
2022-10-11 11:39:00-04:00,359.70001220703125,359.80999755859375,359.6700134277344,359.79400634765625,359.79400634765625,118566
2022-10-11 11:40:00-04:00,359.7900085449219,359.989990234375,359.6228942871094,359.9696044921875,359.9696044921875,99808
2022-10-11 11:41:00-04:00,359.96990966796875,359.9847106933594,359.67999267578125,359.74798583984375,359.74798583984375,120081
2022-10-11 11:42:00-04:00,359.739990234375,360.07501220703125,359.6600036621094,360.04998779296875,360.04998779296875,132281
2022-10-11 11:43:00-04:00,360.0199890136719,360.44000244140625,359.9599914550781,360.42999267578125,360.42999267578125,177994
2022-10-11 11:44:00-04:00,360.3999938964844,360.81500244140625,360.3900146484375,360.79998779296875,360.79998779296875,337364
2022-10-11 11:45:00-04:00,360.79998779296875,360.8999938964844,360.6099853515625,360.6099853515625,360.6099853515625,345274
2022-10-11 11:46:00-04:00,360.6199951171875,361.2799987792969,360.5899963378906,361.03009033203125,361.03009033203125,372985
2022-10-11 11:47:00-04:00,361.0400085449219,361.20001220703125,360.9800109863281,361.19500732421875,361.19500732421875,101583
2022-10-11 11:48:00-04:00,361.239990234375,361.3399963378906,361.19000244140625,361.25,361.25,347460
2022-10-11 11:49:00-04:00,361.25,361.489990234375,361.25,361.4200134277344,361.4200134277344,119548
2022-10-11 11:50:00-04:00,361.2684020996094,361.4089050292969,361.23089599609375,361.3500061035156,361.3500061035156,213320
2022-10-11 11:51:00-04:00,361.3599853515625,361.4599914550781,361.25,361.42999267578125,361.42999267578125,128223
2022-10-11 11:52:00-04:00,361.2200012207031,361.2799987792969,361.1000061035156,361.1000061035156,361.1000061035156,167414
2022-10-11 11:53:00-04:00,361.1000061035156,361.1099853515625,360.82000732421875,360.82000732421875,360.82000732421875,231163
2022-10-11 11:54:00-04:00,360.8399963378906,360.8500061035156,360.69000244140625,360.70001220703125,360.70001220703125,137367
2022-10-11 11:55:00-04:00,360.70001220703125,361.0400085449219,360.6549987792969,361.0400085449219,361.0400085449219,116422
2022-10-11 11:56:00-04:00,361.0400085449219,361.04998779296875,360.739990234375,360.8100891113281,360.8100891113281,123747
2022-10-11 11:57:00-04:00,360.82000732421875,360.8999938964844,360.70001220703125,360.70001220703125,360.70001220703125,73032
2022-10-11 11:58:00-04:00,360.70001220703125,360.7200012207031,360.489990234375,360.5299987792969,360.5299987792969,172524
2022-10-11 11:59:00-04:00,360.5299987792969,360.80999755859375,360.5299987792969,360.7590026855469,360.7590026855469,76275
2022-10-11 12:00:00-04:00,360.760009765625,360.79998779296875,360.489990234375,360.5299987792969,360.5299987792969,131872
2022-10-11 12:01:00-04:00,360.5249938964844,360.6600036621094,360.2200012207031,360.32000732421875,360.32000732421875,149745
2022-10-11 12:02:00-04:00,360.29998779296875,360.30999755859375,360.17999267578125,360.239990234375,360.239990234375,106682
2022-10-11 12:03:00-04:00,360.239990234375,360.2854919433594,359.98388671875,360.0150146484375,360.0150146484375,189224
2022-10-11 12:04:00-04:00,360.0,360.1400146484375,359.9700012207031,360.0299987792969,360.0299987792969,101770
2022-10-11 12:05:00-04:00,360.0199890136719,360.0799865722656,359.8599853515625,359.8653869628906,359.8653869628906,179517
2022-10-11 12:06:00-04:00,359.8653869628906,360.0199890136719,359.80999755859375,360.010009765625,360.010009765625,138288
2022-10-11 12:07:00-04:00,360.0043029785156,360.01519775390625,359.7699890136719,359.8200988769531,359.8200988769531,139711
2022-10-11 12:08:00-04:00,359.8200988769531,359.8800048828125,359.4849853515625,359.82501220703125,359.82501220703125,227257
2022-10-11 12:09:00-04:00,359.82501220703125,359.95001220703125,359.6600036621094,359.7699890136719,359.7699890136719,95493
2022-10-11 12:10:00-04:00,359.760009765625,359.9700012207031,359.70001220703125,359.82000732421875,359.82000732421875,112558
2022-10-11 12:11:00-04:00,359.8399963378906,360.0,359.7950134277344,359.9715881347656,359.9715881347656,110064
2022-10-11 12:12:00-04:00,359.9700012207031,360.1700134277344,359.93341064453125,360.1650085449219,360.1650085449219,202824
2022-10-11 12:13:00-04:00,360.1650085449219,360.2799987792969,360.1099853515625,360.25,360.25,165818
2022-10-11 12:14:00-04:00,360.2511901855469,360.4750061035156,360.2511901855469,360.42230224609375,360.42230224609375,130937
2022-10-11 12:15:00-04:00,360.4599914550781,360.5299987792969,360.32000732421875,360.45001220703125,360.45001220703125,98021
2022-10-11 12:16:00-04:00,360.45050048828125,360.5199890136719,360.260009765625,360.4100036621094,360.4100036621094,84649
2022-10-11 12:17:00-04:00,360.4049987792969,360.7799987792969,360.3900146484375,360.67999267578125,360.67999267578125,99856
2022-10-11 12:18:00-04:00,360.69000244140625,360.9800109863281,360.69000244140625,360.9750061035156,360.9750061035156,167583
2022-10-11 12:19:00-04:00,360.9800109863281,361.2799987792969,360.9700012207031,361.2550048828125,361.2550048828125,139509
2022-10-11 12:20:00-04:00,361.2699890136719,361.739990234375,361.06500244140625,361.6698913574219,361.6698913574219,285758
2022-10-11 12:21:00-04:00,361.6650085449219,361.7200012207031,361.489990234375,361.5050048828125,361.5050048828125,191579
2022-10-11 12:22:00-04:00,361.5050048828125,361.57989501953125,361.3999938964844,361.510009765625,361.510009765625,158642
2022-10-11 12:23:00-04:00,361.5299987792969,361.5552062988281,361.19000244140625,361.44989013671875,361.44989013671875,121749
2022-10-11 12:24:00-04:00,361.4700012207031,361.69000244140625,361.3905944824219,361.5201110839844,361.5201110839844,98735
2022-10-11 12:25:00-04:00,361.5400085449219,361.57501220703125,361.3500061035156,361.4700012207031,361.4700012207031,49060
2022-10-11 12:26:00-04:00,361.4700012207031,361.5400085449219,361.2699890136719,361.3500061035156,361.3500061035156,70715
2022-10-11 12:27:00-04:00,361.3399963378906,361.3599853515625,361.05999755859375,361.1700134277344,361.1700134277344,138148
2022-10-11 12:28:00-04:00,361.1700134277344,361.4277038574219,361.1700134277344,361.4200134277344,361.4200134277344,46079
2022-10-11 12:29:00-04:00,361.4150085449219,361.42999267578125,361.20001220703125,361.260009765625,361.260009765625,58089
2022-10-11 12:30:00-04:00,361.260009765625,361.29998779296875,361.239990234375,361.2799987792969,361.2799987792969,52827
2022-10-11 12:31:00-04:00,361.4800109863281,361.82000732421875,361.4800109863281,361.68890380859375,361.68890380859375,228756
2022-10-11 12:32:00-04:00,361.79998779296875,361.79998779296875,361.75,361.7799987792969,361.7799987792969,126733
2022-10-11 12:33:00-04:00,361.7699890136719,361.8299865722656,361.4800109863281,361.5799865722656,361.5799865722656,149845
2022-10-11 12:34:00-04:00,361.5799865722656,361.67999267578125,361.3999938964844,361.6236877441406,361.6236877441406,95045
2022-10-11 12:35:00-04:00,361.625,361.6549987792969,361.42999267578125,361.5,361.5,99375
2022-10-11 12:36:00-04:00,361.489990234375,361.489990234375,361.310791015625,361.4200134277344,361.4200134277344,127939
2022-10-11 12:37:00-04:00,361.4200134277344,361.6300048828125,361.4100036621094,361.6000061035156,361.6000061035156,147774
2022-10-11 12:38:00-04:00,361.5799865722656,361.5799865722656,361.4100036621094,361.5199890136719,361.5199890136719,58792
2022-10-11 12:39:00-04:00,361.4800109863281,361.8599853515625,361.4700012207031,361.82501220703125,361.82501220703125,99752
2022-10-11 12:40:00-04:00,361.82501220703125,362.45001220703125,361.7200012207031,362.3699951171875,362.3699951171875,284983
2022-10-11 12:41:00-04:00,362.3699951171875,362.44000244140625,362.2099914550781,362.4200134277344,362.4200134277344,230983
2022-10-11 12:42:00-04:00,362.4200134277344,362.44000244140625,362.0899963378906,362.239990234375,362.239990234375,191785
2022-10-11 12:43:00-04:00,362.239990234375,362.3999938964844,362.239990234375,362.364990234375,362.364990234375,133642
2022-10-11 12:44:00-04:00,362.36199951171875,362.6400146484375,362.2699890136719,362.6199951171875,362.6199951171875,162606
2022-10-11 12:45:00-04:00,362.6199951171875,362.6499938964844,362.4800109863281,362.5899963378906,362.5899963378906,153584
2022-10-11 12:46:00-04:00,362.6199951171875,363.0299987792969,362.5400085449219,362.8900146484375,362.8900146484375,248106
2022-10-11 12:47:00-04:00,362.8999938964844,362.8999938964844,362.6416015625,362.6700134277344,362.6700134277344,154542
2022-10-11 12:48:00-04:00,362.68798828125,362.8599853515625,362.6199951171875,362.79998779296875,362.79998779296875,133789
2022-10-11 12:49:00-04:00,362.82000732421875,362.8500061035156,362.760009765625,362.7900085449219,362.7900085449219,37570
2022-10-11 12:50:00-04:00,362.75,362.8299865722656,362.2799987792969,362.3500061035156,362.3500061035156,419266
2022-10-11 12:51:00-04:00,362.3500061035156,362.44000244140625,362.3500061035156,362.4150085449219,362.4150085449219,38402
2022-10-11 12:52:00-04:00,362.17999267578125,362.3999938964844,362.17999267578125,362.2950134277344,362.2950134277344,268991
2022-10-11 12:53:00-04:00,362.2950134277344,362.5199890136719,362.19000244140625,362.2300109863281,362.2300109863281,267057
2022-10-11 12:54:00-04:00,362.1034851074219,362.1600036621094,362.0199890136719,362.1199951171875,362.1199951171875,154847
2022-10-11 12:55:00-04:00,362.1199951171875,362.1600036621094,361.9407043457031,362.0899963378906,362.0899963378906,89289
2022-10-11 12:56:00-04:00,362.0899963378906,362.2149963378906,362.0,362.15008544921875,362.15008544921875,86748
2022-10-11 12:57:00-04:00,362.1600036621094,362.4100036621094,362.1600036621094,362.2510070800781,362.2510070800781,105454
2022-10-11 12:58:00-04:00,362.260009765625,362.2749938964844,362.010009765625,362.0199890136719,362.0199890136719,96501
2022-10-11 12:59:00-04:00,362.0299987792969,362.18011474609375,362.0199890136719,362.1499938964844,362.1499938964844,108889
2022-10-11 13:00:00-04:00,362.1600036621094,362.2200012207031,362.0805969238281,362.1199951171875,362.1199951171875,44969
2022-10-11 13:01:00-04:00,362.1199951171875,362.3399963378906,362.0799865722656,362.2298889160156,362.2298889160156,106521
2022-10-11 13:02:00-04:00,362.239990234375,362.28900146484375,362.1199951171875,362.19000244140625,362.19000244140625,128212
2022-10-11 13:03:00-04:00,362.17999267578125,362.2900085449219,362.05999755859375,362.2699890136719,362.2699890136719,101933
2022-10-11 13:04:00-04:00,362.29998779296875,362.3399963378906,362.0199890136719,362.0199890136719,362.0199890136719,133582
2022-10-11 13:05:00-04:00,362.0199890136719,362.2699890136719,362.0,362.1000061035156,362.1000061035156,123550
2022-10-11 13:06:00-04:00,362.1099853515625,362.1600036621094,361.69000244140625,361.8699951171875,361.8699951171875,300506
2022-10-11 13:07:00-04:00,361.8699951171875,362.1300048828125,361.8699951171875,362.1199951171875,362.1199951171875,97595
2022-10-11 13:08:00-04:00,362.1499938964844,362.3399963378906,362.0610046386719,362.1600036621094,362.1600036621094,140832
2022-10-11 13:09:00-04:00,362.17010498046875,362.29998779296875,362.09320068359375,362.2492980957031,362.2492980957031,102428
2022-10-11 13:10:00-04:00,362.25,362.3800048828125,362.1499938964844,362.30499267578125,362.30499267578125,98819
2022-10-11 13:11:00-04:00,362.29998779296875,362.3299865722656,361.8900146484375,362.07000732421875,362.07000732421875,166781
2022-10-11 13:12:00-04:00,362.0899963378906,362.2300109863281,361.9599914550781,362.2101135253906,362.2101135253906,139446
2022-10-11 13:13:00-04:00,362.239990234375,362.239990234375,361.8999938964844,362.04998779296875,362.04998779296875,107777
2022-10-11 13:14:00-04:00,362.0400085449219,362.0799865722656,361.8299865722656,361.93499755859375,361.93499755859375,158622
2022-10-11 13:15:00-04:00,361.94000244140625,362.0799865722656,361.8299865722656,361.8800048828125,361.8800048828125,94268
2022-10-11 13:16:00-04:00,361.8900146484375,361.8900146484375,361.3399963378906,361.6300048828125,361.6300048828125,400285
2022-10-11 13:17:00-04:00,361.6300048828125,361.8900146484375,361.6199951171875,361.8299865722656,361.8299865722656,122172
2022-10-11 13:18:00-04:00,361.8299865722656,362.1835021972656,361.69000244140625,362.1300048828125,362.1300048828125,146550
2022-10-11 13:19:00-04:00,362.1300048828125,362.2099914550781,361.7900085449219,361.8800048828125,361.8800048828125,121615
2022-10-11 13:20:00-04:00,361.8599853515625,362.0700988769531,361.7300109863281,362.0700988769531,362.0700988769531,87932
2022-10-11 13:21:00-04:00,362.07000732421875,362.0700988769531,361.92999267578125,361.989990234375,361.989990234375,38703
2022-10-11 13:22:00-04:00,362.0,362.07000732421875,361.8999938964844,362.010009765625,362.010009765625,71283
2022-10-11 13:23:00-04:00,362.010009765625,362.1400146484375,361.9599914550781,362.0299987792969,362.0299987792969,70212
2022-10-11 13:24:00-04:00,362.0199890136719,362.2099914550781,361.7799987792969,362.2085876464844,362.2085876464844,135588
2022-10-11 13:25:00-04:00,362.2099914550781,362.2690124511719,361.7300109863281,361.7699890136719,361.7699890136719,120572
2022-10-11 13:26:00-04:00,361.760009765625,361.7799987792969,361.55999755859375,361.6099853515625,361.6099853515625,113311
2022-10-11 13:27:00-04:00,361.6099853515625,361.7349853515625,361.5199890136719,361.69000244140625,361.69000244140625,65928
2022-10-11 13:28:00-04:00,361.6965026855469,361.6965026855469,361.4200134277344,361.4501037597656,361.4501037597656,90563
2022-10-11 13:29:00-04:00,361.45001220703125,361.4599914550781,361.1199951171875,361.4100036621094,361.4100036621094,268408
2022-10-11 13:30:00-04:00,361.3999938964844,361.62640380859375,361.3399963378906,361.5,361.5,91661
2022-10-11 13:31:00-04:00,361.5,361.5400085449219,361.17999267578125,361.2099914550781,361.2099914550781,120084
2022-10-11 13:32:00-04:00,361.1700134277344,361.3299865722656,360.8699951171875,361.0849914550781,361.0849914550781,217437
2022-10-11 13:33:00-04:00,361.0899963378906,361.3800048828125,361.0,361.3673095703125,361.3673095703125,120119
2022-10-11 13:34:00-04:00,361.3599853515625,361.6199951171875,361.3399963378906,361.5799865722656,361.5799865722656,80070
2022-10-11 13:35:00-04:00,361.6000061035156,361.6000061035156,361.3299865722656,361.52178955078125,361.52178955078125,86702
2022-10-11 13:36:00-04:00,361.52178955078125,361.69000244140625,361.510009765625,361.5799865722656,361.5799865722656,81082
2022-10-11 13:37:00-04:00,361.6000061035156,361.6499938964844,361.5199890136719,361.6325988769531,361.6325988769531,23011
2022-10-11 13:38:00-04:00,361.35009765625,361.43499755859375,361.25,361.3399963378906,361.3399963378906,104124
2022-10-11 13:39:00-04:00,361.3299865722656,361.6099853515625,361.2099914550781,361.52191162109375,361.52191162109375,80436
2022-10-11 13:40:00-04:00,361.5299987792969,361.71990966796875,361.4700012207031,361.69000244140625,361.69000244140625,80178
2022-10-11 13:41:00-04:00,361.70001220703125,361.70001220703125,361.42999267578125,361.42999267578125,361.42999267578125,49639
2022-10-11 13:42:00-04:00,361.44000244140625,361.6499938964844,361.3399963378906,361.6199951171875,361.6199951171875,43452
2022-10-11 13:43:00-04:00,361.6300048828125,361.82000732421875,361.6300048828125,361.7799987792969,361.7799987792969,44440
2022-10-11 13:44:00-04:00,361.7200012207031,361.7799987792969,361.6199951171875,361.6300048828125,361.6300048828125,83335
2022-10-11 13:45:00-04:00,361.6300048828125,361.95001220703125,361.6199951171875,361.8901062011719,361.8901062011719,85115
2022-10-11 13:46:00-04:00,361.9100036621094,362.1300048828125,361.8800048828125,361.9700012207031,361.9700012207031,68572
2022-10-11 13:47:00-04:00,362.1199951171875,362.1199951171875,361.760009765625,361.8699951171875,361.8699951171875,185599
2022-10-11 13:48:00-04:00,361.8699951171875,362.05999755859375,361.7349853515625,361.75,361.75,68446
2022-10-11 13:49:00-04:00,361.739990234375,361.8500061035156,361.5400085449219,361.6300048828125,361.6300048828125,65266
2022-10-11 13:50:00-04:00,361.6099853515625,361.7449951171875,361.3299865722656,361.6300048828125,361.6300048828125,120131
2022-10-11 13:51:00-04:00,361.6300048828125,361.8999938964844,361.6300048828125,361.8800048828125,361.8800048828125,64234
2022-10-11 13:52:00-04:00,361.8800048828125,362.1499938964844,361.80999755859375,361.95001220703125,361.95001220703125,102912
2022-10-11 13:53:00-04:00,361.9601135253906,362.010009765625,361.67999267578125,361.75,361.75,96707
2022-10-11 13:54:00-04:00,361.7398986816406,361.7950134277344,361.6199951171875,361.6400146484375,361.6400146484375,72385
2022-10-11 13:55:00-04:00,361.6300048828125,361.7300109863281,361.5,361.6400146484375,361.6400146484375,70601
2022-10-11 13:56:00-04:00,361.6400146484375,361.80999755859375,361.510009765625,361.7690124511719,361.7690124511719,56320
2022-10-11 13:57:00-04:00,361.739990234375,361.9200134277344,361.6199951171875,361.658203125,361.658203125,143143
2022-10-11 13:58:00-04:00,361.6499938964844,361.8900146484375,361.6099853515625,361.8349914550781,361.8349914550781,53859
2022-10-11 13:59:00-04:00,361.8900146484375,361.95001220703125,361.7099914550781,361.8900146484375,361.8900146484375,80534
2022-10-11 14:00:00-04:00,361.8800048828125,362.0400085449219,361.5899963378906,361.5899963378906,361.5899963378906,160763
2022-10-11 14:01:00-04:00,361.5899963378906,361.79998779296875,361.55010986328125,361.58880615234375,361.58880615234375,79217
2022-10-11 14:02:00-04:00,361.5799865722656,362.0,361.5799865722656,361.93499755859375,361.93499755859375,112021
2022-10-11 14:03:00-04:00,361.9200134277344,362.05999755859375,361.8500061035156,361.8500061035156,361.8500061035156,66164
2022-10-11 14:04:00-04:00,361.8699951171875,362.0,361.79998779296875,361.8611145019531,361.8611145019531,48013
2022-10-11 14:05:00-04:00,361.8699951171875,362.1000061035156,361.7699890136719,362.0199890136719,362.0199890136719,83486
2022-10-11 14:06:00-04:00,362.0199890136719,362.1300048828125,361.8900146484375,361.9100036621094,361.9100036621094,107792
2022-10-11 14:07:00-04:00,361.8999938964844,361.9700012207031,361.5201110839844,361.7200012207031,361.7200012207031,99733
2022-10-11 14:08:00-04:00,361.7300109863281,361.7799987792969,361.1199951171875,361.1700134277344,361.1700134277344,152435
2022-10-11 14:09:00-04:00,361.1700134277344,361.55999755859375,361.1700134277344,361.510009765625,361.510009765625,123607
2022-10-11 14:10:00-04:00,361.1505126953125,361.1700134277344,361.0199890136719,361.1000061035156,361.1000061035156,197573
2022-10-11 14:11:00-04:00,361.10528564453125,361.1700134277344,360.6400146484375,360.739990234375,360.739990234375,247782
2022-10-11 14:12:00-04:00,360.739990234375,361.0,360.70001220703125,360.9599914550781,360.9599914550781,161142
2022-10-11 14:13:00-04:00,361.0631103515625,361.0631103515625,360.760009765625,361.0631103515625,361.0631103515625,132877
2022-10-11 14:14:00-04:00,361.0400085449219,361.2099914550781,361.0299987792969,361.1000061035156,361.1000061035156,96770
2022-10-11 14:15:00-04:00,361.0799865722656,361.13970947265625,360.8691101074219,360.9111022949219,360.9111022949219,83602
2022-10-11 14:16:00-04:00,360.8999938964844,360.989990234375,360.6499938964844,360.760009765625,360.760009765625,190512
2022-10-11 14:17:00-04:00,360.7598876953125,360.9100036621094,360.69000244140625,360.7799987792969,360.7799987792969,135782
2022-10-11 14:18:00-04:00,360.739990234375,360.8299865722656,360.6549987792969,360.7950134277344,360.7950134277344,97316
2022-10-11 14:19:00-04:00,360.80999755859375,360.8399963378906,360.510009765625,360.5201110839844,360.5201110839844,140009
2022-10-11 14:20:00-04:00,360.5199890136719,360.8699951171875,360.44000244140625,360.7699890136719,360.7699890136719,185455
2022-10-11 14:21:00-04:00,360.7799987792969,360.8800048828125,360.6400146484375,360.8299865722656,360.8299865722656,89020
2022-10-11 14:22:00-04:00,360.82501220703125,360.9049987792969,360.75,360.7900085449219,360.7900085449219,88582
2022-10-11 14:23:00-04:00,360.7900085449219,361.0799865722656,360.739990234375,361.0199890136719,361.0199890136719,85198
2022-10-11 14:24:00-04:00,361.0,361.1300048828125,360.9200134277344,361.1123046875,361.1123046875,59699
2022-10-11 14:25:00-04:00,361.1099853515625,361.2799987792969,361.1000061035156,361.25,361.25,96451
2022-10-11 14:26:00-04:00,361.25,361.3800048828125,361.1000061035156,361.1700134277344,361.1700134277344,165008
2022-10-11 14:27:00-04:00,361.18170166015625,361.3800048828125,361.17999267578125,361.20001220703125,361.20001220703125,121970
2022-10-11 14:28:00-04:00,361.20001220703125,361.4700012207031,361.1499938964844,361.1650085449219,361.1650085449219,194176
2022-10-11 14:29:00-04:00,361.1700134277344,361.2589111328125,360.94000244140625,361.2589111328125,361.2589111328125,72136
2022-10-11 14:30:00-04:00,361.25,361.5799865722656,361.2347106933594,361.510009765625,361.510009765625,170858
2022-10-11 14:31:00-04:00,361.5104064941406,361.6199951171875,361.32000732421875,361.55999755859375,361.55999755859375,134859
2022-10-11 14:32:00-04:00,361.55841064453125,361.6700134277344,361.5299987792969,361.6199951171875,361.6199951171875,144077
2022-10-11 14:33:00-04:00,361.625,361.739990234375,361.4750061035156,361.5199890136719,361.5199890136719,105209
2022-10-11 14:34:00-04:00,361.7300109863281,361.80999755859375,361.6199951171875,361.6700134277344,361.6700134277344,171205
2022-10-11 14:35:00-04:00,361.6499938964844,361.6700134277344,361.07000732421875,361.2799987792969,361.2799987792969,190647
2022-10-11 14:36:00-04:00,361.2799987792969,361.5899963378906,361.2099914550781,361.49169921875,361.49169921875,130567
2022-10-11 14:37:00-04:00,361.4901123046875,361.54901123046875,361.4200134277344,361.4200134277344,361.4200134277344,29555
2022-10-11 14:38:00-04:00,361.4100036621094,361.45001220703125,361.2200012207031,361.32000732421875,361.32000732421875,114126
2022-10-11 14:39:00-04:00,361.32000732421875,361.4599914550781,361.2699890136719,361.3900146484375,361.3900146484375,57332
2022-10-11 14:40:00-04:00,361.3999938964844,361.6400146484375,361.3800048828125,361.5400085449219,361.5400085449219,36237
2022-10-11 14:41:00-04:00,361.6747131347656,361.6747131347656,361.45001220703125,361.5799865722656,361.5799865722656,100313
2022-10-11 14:42:00-04:00,361.5804138183594,361.6000061035156,361.30999755859375,361.3800048828125,361.3800048828125,48223
2022-10-11 14:43:00-04:00,361.30999755859375,361.3399963378906,361.19000244140625,361.25,361.25,99914
2022-10-11 14:44:00-04:00,361.2650146484375,361.2699890136719,361.2099914550781,361.260009765625,361.260009765625,18362
2022-10-11 14:45:00-04:00,360.5400085449219,360.6400146484375,359.8900146484375,360.0799865722656,360.0799865722656,936725
2022-10-11 14:46:00-04:00,359.9100036621094,359.9198913574219,359.67999267578125,359.7099914550781,359.7099914550781,520952
2022-10-11 14:47:00-04:00,359.7099914550781,359.75,359.3999938964844,359.5849914550781,359.5849914550781,405601
2022-10-11 14:48:00-04:00,359.5801086425781,359.6099853515625,359.04998779296875,359.1600036621094,359.1600036621094,351515
2022-10-11 14:49:00-04:00,359.260009765625,359.2799987792969,359.260009765625,359.2799987792969,359.2799987792969,325922
2022-10-11 14:50:00-04:00,359.260009765625,359.44000244140625,358.9200134277344,358.94000244140625,358.94000244140625,350315
2022-10-11 14:51:00-04:00,358.94000244140625,359.1400146484375,358.82000732421875,359.125,359.125,117123
2022-10-11 14:52:00-04:00,359.0199890136719,359.0199890136719,358.4100036621094,358.42999267578125,358.42999267578125,709780
2022-10-11 14:53:00-04:00,358.69000244140625,358.69000244140625,358.57000732421875,358.6000061035156,358.6000061035156,233402
2022-10-11 14:54:00-04:00,358.5799865722656,358.6099853515625,358.1499938964844,358.2250061035156,358.2250061035156,280782
2022-10-11 14:55:00-04:00,358.2099914550781,358.260009765625,357.7900085449219,357.8900146484375,357.8900146484375,470155
2022-10-11 14:56:00-04:00,357.8800048828125,357.8900146484375,357.5799865722656,357.7900085449219,357.7900085449219,300410
2022-10-11 14:57:00-04:00,357.8500061035156,357.8800048828125,357.4700012207031,357.55999755859375,357.55999755859375,331103
2022-10-11 14:58:00-04:00,357.55999755859375,357.7699890136719,357.3399963378906,357.3800048828125,357.3800048828125,291766
2022-10-11 14:59:00-04:00,357.3699951171875,357.45001220703125,357.1600036621094,357.32000732421875,357.32000732421875,301852
2022-10-11 15:00:00-04:00,357.29998779296875,357.5400085449219,356.8999938964844,357.5299987792969,357.5299987792969,606161
2022-10-11 15:01:00-04:00,357.4800109863281,357.6000061035156,357.07000732421875,357.32000732421875,357.32000732421875,272586
2022-10-11 15:02:00-04:00,357.260009765625,357.2699890136719,356.7099914550781,356.7900085449219,356.7900085449219,315361
2022-10-11 15:03:00-04:00,356.7799987792969,356.9200134277344,356.6600036621094,356.80999755859375,356.80999755859375,370165
2022-10-11 15:04:00-04:00,356.7900085449219,357.07000732421875,356.67999267578125,356.9800109863281,356.9800109863281,386254
2022-10-11 15:05:00-04:00,356.9700012207031,357.4200134277344,356.8800048828125,357.2900085449219,357.2900085449219,419411
2022-10-11 15:06:00-04:00,357.29998779296875,357.29998779296875,356.8006896972656,356.8403015136719,356.8403015136719,321164
2022-10-11 15:07:00-04:00,357.05999755859375,357.239990234375,356.8349914550781,357.05999755859375,357.05999755859375,297114
2022-10-11 15:08:00-04:00,357.07000732421875,357.20001220703125,356.9100036621094,356.989990234375,356.989990234375,247970
2022-10-11 15:09:00-04:00,356.989990234375,357.0299987792969,356.5606994628906,356.739990234375,356.739990234375,337697
2022-10-11 15:10:00-04:00,356.7099914550781,356.9100036621094,356.30999755859375,356.34991455078125,356.34991455078125,306914
2022-10-11 15:11:00-04:00,356.3500061035156,356.4100036621094,356.0,356.0779113769531,356.0779113769531,439728
2022-10-11 15:12:00-04:00,356.05999755859375,356.3999938964844,356.0400085449219,356.3599853515625,356.3599853515625,529819
2022-10-11 15:13:00-04:00,356.3599853515625,356.4100036621094,356.0299987792969,356.1412048339844,356.1412048339844,222489
2022-10-11 15:14:00-04:00,356.1499938964844,356.5899963378906,356.0199890136719,356.47650146484375,356.47650146484375,304435
2022-10-11 15:15:00-04:00,356.5,356.5199890136719,355.7099914550781,355.75,355.75,523544
2022-10-11 15:16:00-04:00,355.760009765625,356.5400085449219,355.75,356.44000244140625,356.44000244140625,430749
2022-10-11 15:17:00-04:00,356.4700012207031,357.0400085449219,356.44989013671875,356.989990234375,356.989990234375,491609
2022-10-11 15:18:00-04:00,357.0,357.0150146484375,356.5,356.79998779296875,356.79998779296875,379701
2022-10-11 15:19:00-04:00,356.79998779296875,356.90008544921875,356.57000732421875,356.70001220703125,356.70001220703125,248454
2022-10-11 15:20:00-04:00,356.7099914550781,357.1499938964844,356.7099914550781,356.7799987792969,356.7799987792969,293323
2022-10-11 15:21:00-04:00,356.79998779296875,357.30999755859375,356.75,357.0400085449219,357.0400085449219,308509
2022-10-11 15:22:00-04:00,357.0299987792969,357.510009765625,356.95001220703125,357.1600036621094,357.1600036621094,418614
2022-10-11 15:23:00-04:00,357.1700134277344,357.3450012207031,356.9849853515625,357.2200012207031,357.2200012207031,285444
2022-10-11 15:24:00-04:00,357.239990234375,357.260009765625,357.0,357.1824951171875,357.1824951171875,191588
2022-10-11 15:25:00-04:00,357.1929931640625,357.4599914550781,356.80999755859375,357.010009765625,357.010009765625,314347
2022-10-11 15:26:00-04:00,357.0299987792969,357.1700134277344,356.8599853515625,357.1549987792969,357.1549987792969,145551
2022-10-11 15:27:00-04:00,357.1700134277344,357.20001220703125,356.7900085449219,356.9800109863281,356.9800109863281,185233
2022-10-11 15:28:00-04:00,356.95001220703125,356.9700012207031,356.44000244140625,356.5400085449219,356.5400085449219,286088
2022-10-11 15:29:00-04:00,357.1099853515625,357.3218994140625,356.510009765625,357.1199951171875,357.1199951171875,332341
2022-10-11 15:30:00-04:00,357.1000061035156,357.25,356.8800048828125,356.9800109863281,356.9800109863281,249385
2022-10-11 15:31:00-04:00,356.9700012207031,357.29998779296875,356.6499938964844,356.70001220703125,356.70001220703125,249899
2022-10-11 15:32:00-04:00,356.7200012207031,356.87200927734375,356.4200134277344,356.5199890136719,356.5199890136719,243514
2022-10-11 15:33:00-04:00,356.510009765625,357.25,356.510009765625,357.25,357.25,234726
2022-10-11 15:34:00-04:00,357.2200012207031,357.3599853515625,356.95001220703125,357.010009765625,357.010009765625,257680
2022-10-11 15:35:00-04:00,357.010009765625,357.4100036621094,356.9407043457031,357.18499755859375,357.18499755859375,182531
2022-10-11 15:36:00-04:00,357.17999267578125,357.8999938964844,357.1099853515625,357.8800048828125,357.8800048828125,389058
2022-10-11 15:37:00-04:00,357.8800048828125,357.95001220703125,357.5799865722656,357.6300048828125,357.6300048828125,429073
2022-10-11 15:38:00-04:00,357.6700134277344,357.8598937988281,357.4700012207031,357.6700134277344,357.6700134277344,204240
2022-10-11 15:39:00-04:00,357.6400146484375,358.0299987792969,357.6000061035156,357.9599914550781,357.9599914550781,271990
2022-10-11 15:40:00-04:00,357.9601135253906,357.9800109863281,357.3918151855469,357.5,357.5,243096
2022-10-11 15:41:00-04:00,357.5199890136719,357.6199951171875,357.1300048828125,357.489990234375,357.489990234375,228278
2022-10-11 15:42:00-04:00,357.489990234375,357.5899963378906,357.2099914550781,357.31500244140625,357.31500244140625,264219
2022-10-11 15:43:00-04:00,357.3299865722656,357.5899963378906,357.32000732421875,357.4800109863281,357.4800109863281,138660
2022-10-11 15:44:00-04:00,357.4700012207031,357.79998779296875,357.4599914550781,357.77130126953125,357.77130126953125,478197
2022-10-11 15:45:00-04:00,357.7799987792969,357.8800048828125,357.4100036621094,357.6700134277344,357.6700134277344,335351
2022-10-11 15:46:00-04:00,357.6700134277344,357.8699951171875,357.5299987792969,357.6600036621094,357.6600036621094,287652
2022-10-11 15:47:00-04:00,357.6549987792969,357.8699951171875,357.0799865722656,357.6600036621094,357.6600036621094,707913
2022-10-11 15:48:00-04:00,357.6700134277344,357.94000244140625,357.6000061035156,357.92999267578125,357.92999267578125,244003
2022-10-11 15:49:00-04:00,357.92999267578125,358.1700134277344,357.9200134277344,358.02178955078125,358.02178955078125,382023
2022-10-11 15:50:00-04:00,358.04998779296875,358.0799865722656,356.8900146484375,357.4599914550781,357.4599914550781,1107576
2022-10-11 15:51:00-04:00,357.4599914550781,357.489990234375,357.1000061035156,357.260009765625,357.260009765625,397263
2022-10-11 15:52:00-04:00,357.4700012207031,357.489990234375,357.2300109863281,357.4794006347656,357.4794006347656,678838
2022-10-11 15:53:00-04:00,357.4800109863281,357.6700134277344,357.4200134277344,357.54998779296875,357.54998779296875,389792
2022-10-11 15:54:00-04:00,357.57000732421875,357.8599853515625,357.3999938964844,357.7799072265625,357.7799072265625,927347
2022-10-11 15:55:00-04:00,357.7799072265625,358.17999267578125,357.7749938964844,358.1400146484375,358.1400146484375,565418
2022-10-11 15:56:00-04:00,358.1449890136719,358.239990234375,357.79998779296875,358.0299987792969,358.0299987792969,536850
2022-10-11 15:57:00-04:00,358.0299987792969,358.1600036621094,357.70001220703125,357.8399963378906,357.8399963378906,454775
2022-10-11 15:58:00-04:00,357.8299865722656,357.8299865722656,357.6300048828125,357.67999267578125,357.67999267578125,634380
2022-10-11 15:59:00-04:00,357.68499755859375,357.8800048828125,357.489990234375,357.7300109863281,357.7300109863281,2203868
2022-10-12 09:30:00-04:00,358.1700134277344,358.3599853515625,357.2300109863281,357.45001220703125,357.45001220703125,4282398
2022-10-12 09:31:00-04:00,357.4700012207031,357.4800109863281,356.8999938964844,356.9100036621094,356.9100036621094,441229
2022-10-12 09:32:00-04:00,356.9399108886719,357.0,356.6700134277344,356.75,356.75,538296
2022-10-12 09:33:00-04:00,356.7200012207031,356.75,356.29998779296875,356.60009765625,356.60009765625,456880
2022-10-12 09:34:00-04:00,356.5899963378906,357.1099853515625,356.5299987792969,356.8999938964844,356.8999938964844,669128
2022-10-12 09:35:00-04:00,356.9200134277344,358.2699890136719,356.8599853515625,357.9700012207031,357.9700012207031,554278
2022-10-12 09:36:00-04:00,357.94000244140625,358.5,357.9200134277344,358.2300109863281,358.2300109863281,498312
2022-10-12 09:37:00-04:00,358.25,358.9100036621094,358.2300109863281,358.8699951171875,358.8699951171875,319132
2022-10-12 09:38:00-04:00,358.8800048828125,359.1400146484375,358.75,358.9200134277344,358.9200134277344,310703
2022-10-12 09:39:00-04:00,358.7349853515625,359.0,358.69000244140625,358.7749938964844,358.7749938964844,386833
2022-10-12 09:40:00-04:00,358.7699890136719,358.79998779296875,358.2699890136719,358.45001220703125,358.45001220703125,289908
2022-10-12 09:41:00-04:00,358.44000244140625,358.75,358.0299987792969,358.20001220703125,358.20001220703125,439875
2022-10-12 09:42:00-04:00,358.2200012207031,358.92999267578125,358.1700134277344,358.8699951171875,358.8699951171875,323271
2022-10-12 09:43:00-04:00,358.8699951171875,359.0299987792969,358.6650085449219,358.7799987792969,358.7799987792969,434888
2022-10-12 09:44:00-04:00,358.760009765625,359.489990234375,358.489990234375,359.3900146484375,359.3900146484375,368547
2022-10-12 09:45:00-04:00,359.010009765625,359.8179016113281,358.8999938964844,359.010009765625,359.010009765625,439470
2022-10-12 09:46:00-04:00,359.0199890136719,359.04998779296875,358.54901123046875,358.69000244140625,358.69000244140625,186639
2022-10-12 09:47:00-04:00,358.7200012207031,358.739990234375,358.4800109863281,358.5,358.5,167406
2022-10-12 09:48:00-04:00,358.5299987792969,358.92999267578125,358.510009765625,358.5899963378906,358.5899963378906,101518
2022-10-12 09:49:00-04:00,358.5950012207031,358.6600036621094,358.42999267578125,358.54998779296875,358.54998779296875,151601
2022-10-12 09:50:00-04:00,358.54998779296875,358.7947082519531,358.20001220703125,358.5799865722656,358.5799865722656,287307
2022-10-12 09:51:00-04:00,358.57000732421875,358.948486328125,358.42999267578125,358.6000061035156,358.6000061035156,189822
2022-10-12 09:52:00-04:00,358.5799865722656,358.8999938964844,358.4814147949219,358.7900085449219,358.7900085449219,150298
2022-10-12 09:53:00-04:00,358.79998779296875,358.8800048828125,358.6000061035156,358.6300048828125,358.6300048828125,158584
2022-10-12 09:54:00-04:00,358.6300048828125,358.6300048828125,358.1099853515625,358.32989501953125,358.32989501953125,205003
2022-10-12 09:55:00-04:00,358.30999755859375,358.5199890136719,358.25,358.31500244140625,358.31500244140625,161157
2022-10-12 09:56:00-04:00,358.31500244140625,358.7900085449219,358.2799987792969,358.5799865722656,358.5799865722656,193917
2022-10-12 09:57:00-04:00,358.62890625,358.8500061035156,358.41448974609375,358.5950012207031,358.5950012207031,122870
2022-10-12 09:58:00-04:00,358.5849914550781,358.6600036621094,358.3299865722656,358.6199951171875,358.6199951171875,251501
2022-10-12 09:59:00-04:00,358.635009765625,359.2200012207031,358.5799865722656,358.8279113769531,358.8279113769531,266723
2022-10-12 10:00:00-04:00,358.82000732421875,359.30999755859375,358.57000732421875,358.7900085449219,358.7900085449219,383695
2022-10-12 10:01:00-04:00,358.7900085449219,359.16839599609375,358.67059326171875,358.92999267578125,358.92999267578125,176794
2022-10-12 10:02:00-04:00,359.0400085449219,359.3800048828125,358.9800109863281,359.19500732421875,359.19500732421875,127208
2022-10-12 10:03:00-04:00,359.0799865722656,359.1499938964844,359.05999755859375,359.1099853515625,359.1099853515625,223687
2022-10-12 10:04:00-04:00,359.1300048828125,359.2200012207031,358.8599853515625,358.9599914550781,358.9599914550781,231560
2022-10-12 10:05:00-04:00,358.94000244140625,359.0950012207031,358.510009765625,358.6199035644531,358.6199035644531,151699
2022-10-12 10:06:00-04:00,358.6300048828125,358.65728759765625,357.8599853515625,357.8804016113281,357.8804016113281,233683
2022-10-12 10:07:00-04:00,357.9100036621094,358.1400146484375,357.8699951171875,358.0899963378906,358.0899963378906,159264
2022-10-12 10:08:00-04:00,358.1099853515625,358.45001220703125,358.0400085449219,358.3699951171875,358.3699951171875,144070
2022-10-12 10:09:00-04:00,358.3699951171875,358.4200134277344,358.0700988769531,358.31988525390625,358.31988525390625,96204
2022-10-12 10:10:00-04:00,358.33990478515625,358.3800048828125,358.0,358.1000061035156,358.1000061035156,127258
2022-10-12 10:11:00-04:00,358.10211181640625,358.260009765625,357.8299865722656,357.9200134277344,357.9200134277344,145056
2022-10-12 10:12:00-04:00,358.1520080566406,358.19000244140625,358.07000732421875,358.1499938964844,358.1499938964844,279475
2022-10-12 10:13:00-04:00,358.1499938964844,358.4100036621094,358.0924072265625,358.25,358.25,111021
2022-10-12 10:14:00-04:00,358.260009765625,358.260009765625,357.8699951171875,357.8699951171875,357.8699951171875,110200
2022-10-12 10:15:00-04:00,357.8599853515625,358.1499938964844,357.6199951171875,357.9599914550781,357.9599914550781,138220
2022-10-12 10:16:00-04:00,357.95001220703125,358.010009765625,357.6000061035156,357.6300048828125,357.6300048828125,136551
2022-10-12 10:17:00-04:00,357.6400146484375,357.9898986816406,357.590087890625,357.8699951171875,357.8699951171875,155441
2022-10-12 10:18:00-04:00,357.8699951171875,358.20001220703125,357.8399963378906,358.1000061035156,358.1000061035156,150390
2022-10-12 10:19:00-04:00,358.1499938964844,358.44000244140625,358.010009765625,358.19000244140625,358.19000244140625,87894
2022-10-12 10:20:00-04:00,358.1899108886719,358.19000244140625,357.8203125,357.8599853515625,357.8599853515625,115096
2022-10-12 10:21:00-04:00,357.8500061035156,357.8699951171875,357.1499938964844,357.285888671875,357.285888671875,316475
2022-10-12 10:22:00-04:00,357.2699890136719,357.3800048828125,357.0,357.17999267578125,357.17999267578125,201669
2022-10-12 10:23:00-04:00,357.20001220703125,357.4200134277344,357.20001220703125,357.4100036621094,357.4100036621094,145726
2022-10-12 10:24:00-04:00,357.4100036621094,357.739990234375,357.30999755859375,357.6000061035156,357.6000061035156,164500
2022-10-12 10:25:00-04:00,357.55999755859375,358.05999755859375,357.44000244140625,357.95001220703125,357.95001220703125,237679
2022-10-12 10:26:00-04:00,357.9549865722656,358.32000732421875,357.8900146484375,358.18499755859375,358.18499755859375,201179
2022-10-12 10:27:00-04:00,358.20001220703125,358.6600036621094,358.1568908691406,358.6099853515625,358.6099853515625,176452
2022-10-12 10:28:00-04:00,358.6199951171875,358.80999755859375,358.45001220703125,358.5101013183594,358.5101013183594,175818
2022-10-12 10:29:00-04:00,358.5101013183594,358.54998779296875,358.2799987792969,358.3999938964844,358.3999938964844,93829
2022-10-12 10:30:00-04:00,358.4100036621094,358.4599914550781,358.1199035644531,358.42999267578125,358.42999267578125,139666
2022-10-12 10:31:00-04:00,358.3800964355469,358.5888977050781,358.239990234375,358.54998779296875,358.54998779296875,178199
2022-10-12 10:32:00-04:00,358.54998779296875,358.6099853515625,358.3599853515625,358.6000061035156,358.6000061035156,194837
2022-10-12 10:33:00-04:00,358.5906982421875,359.19000244140625,358.5906982421875,358.9599914550781,358.9599914550781,306709
2022-10-12 10:34:00-04:00,358.9800109863281,359.0799865722656,358.6000061035156,358.739990234375,358.739990234375,197975
2022-10-12 10:35:00-04:00,358.7300109863281,358.739990234375,358.30999755859375,358.4200134277344,358.4200134277344,114736
2022-10-12 10:36:00-04:00,358.4700012207031,358.4700012207031,358.1099853515625,358.31500244140625,358.31500244140625,214794
2022-10-12 10:37:00-04:00,358.30999755859375,358.3599853515625,357.95001220703125,357.989990234375,357.989990234375,66125
2022-10-12 10:38:00-04:00,358.06988525390625,358.20001220703125,357.9601135253906,358.1300048828125,358.1300048828125,136339
2022-10-12 10:39:00-04:00,358.1199951171875,358.2900085449219,357.79998779296875,357.8599853515625,357.8599853515625,115716
2022-10-12 10:40:00-04:00,357.84820556640625,357.8900146484375,357.6099853515625,357.8288879394531,357.8288879394531,117291
2022-10-12 10:41:00-04:00,357.79998779296875,357.8900146484375,357.57000732421875,357.6600036621094,357.6600036621094,69687
2022-10-12 10:42:00-04:00,357.6499938964844,357.8599853515625,357.6199951171875,357.6400146484375,357.6400146484375,137297
2022-10-12 10:43:00-04:00,357.6099853515625,357.6499938964844,357.45001220703125,357.5899963378906,357.5899963378906,174859
2022-10-12 10:44:00-04:00,357.5899963378906,357.67999267578125,357.3999938964844,357.42999267578125,357.42999267578125,107416
2022-10-12 10:45:00-04:00,357.44000244140625,357.4800109863281,357.0899963378906,357.1499938964844,357.1499938964844,205772
2022-10-12 10:46:00-04:00,357.1499938964844,357.6499938964844,357.13409423828125,357.510009765625,357.510009765625,142815
2022-10-12 10:47:00-04:00,357.4800109863281,357.6600036621094,357.45001220703125,357.614990234375,357.614990234375,111361
2022-10-12 10:48:00-04:00,357.6300048828125,357.9200134277344,357.6099853515625,357.8399963378906,357.8399963378906,204120
2022-10-12 10:49:00-04:00,357.8599853515625,357.9100036621094,357.7200012207031,357.7850036621094,357.7850036621094,106161
2022-10-12 10:50:00-04:00,357.7699890136719,358.010009765625,357.7300109863281,357.8299865722656,357.8299865722656,75363
2022-10-12 10:51:00-04:00,358.0199890136719,358.1000061035156,357.9549865722656,357.9750061035156,357.9750061035156,114227
2022-10-12 10:52:00-04:00,357.989990234375,357.989990234375,357.6449890136719,357.8399963378906,357.8399963378906,126177
2022-10-12 10:53:00-04:00,357.8800048828125,358.1499938964844,357.8699951171875,358.0,358.0,96465
2022-10-12 10:54:00-04:00,358.0,358.3299865722656,357.8544006347656,358.2300109863281,358.2300109863281,99310
2022-10-12 10:55:00-04:00,358.2200927734375,358.239990234375,357.9599914550781,358.1099853515625,358.1099853515625,122897
2022-10-12 10:56:00-04:00,358.1199951171875,358.38800048828125,358.05010986328125,358.1600036621094,358.1600036621094,155575
2022-10-12 10:57:00-04:00,358.1600036621094,358.19000244140625,357.95001220703125,357.989990234375,357.989990234375,116356
2022-10-12 10:59:00-04:00,357.8500061035156,357.95001220703125,357.79998779296875,357.8299865722656,357.8299865722656,163782
2022-10-12 11:00:00-04:00,357.8800048828125,358.2099914550781,357.760009765625,358.2099914550781,358.2099914550781,88501
2022-10-12 11:01:00-04:00,358.2185974121094,358.3599853515625,358.1900939941406,358.2900085449219,358.2900085449219,125860
2022-10-12 11:02:00-04:00,358.3399963378906,358.489990234375,358.260009765625,358.4100036621094,358.4100036621094,180326
2022-10-12 11:03:00-04:00,358.4100036621094,358.71990966796875,358.3500061035156,358.6199951171875,358.6199951171875,162580
2022-10-12 11:04:00-04:00,358.6400146484375,358.69000244140625,358.2300109863281,358.3800048828125,358.3800048828125,108136
2022-10-12 11:05:00-04:00,358.3599853515625,358.4849853515625,358.25,358.4800109863281,358.4800109863281,67368
2022-10-12 11:06:00-04:00,358.4800109863281,358.739990234375,358.4599914550781,358.5299987792969,358.5299987792969,115981
2022-10-12 11:07:00-04:00,358.5199890136719,358.5400085449219,358.2507019042969,358.30999755859375,358.30999755859375,126438
2022-10-12 11:08:00-04:00,358.30999755859375,358.57000732421875,358.2200012207031,358.5199890136719,358.5199890136719,121065
2022-10-12 11:09:00-04:00,358.5400085449219,358.5400085449219,358.5400085449219,358.5400085449219,358.5400085449219,81857
2022-10-12 11:10:00-04:00,358.5400085449219,358.92999267578125,358.4700012207031,358.8208923339844,358.8208923339844,146915
2022-10-12 11:11:00-04:00,358.8500061035156,358.9100036621094,358.625,358.739990234375,358.739990234375,88879
2022-10-12 11:12:00-04:00,358.7349853515625,358.80999755859375,358.55999755859375,358.69000244140625,358.69000244140625,101787
2022-10-12 11:13:00-04:00,358.6600036621094,358.739990234375,358.55010986328125,358.6000061035156,358.6000061035156,68236
2022-10-12 11:14:00-04:00,358.5899963378906,358.80010986328125,358.4989013671875,358.80010986328125,358.80010986328125,89957
2022-10-12 11:15:00-04:00,358.80999755859375,358.94000244140625,358.70001220703125,358.8599853515625,358.8599853515625,96585
2022-10-12 11:16:00-04:00,358.8299865722656,358.9700012207031,358.7449951171875,358.7799987792969,358.7799987792969,103720
2022-10-12 11:17:00-04:00,358.7699890136719,358.8299865722656,358.57000732421875,358.6199951171875,358.6199951171875,149522
2022-10-12 11:18:00-04:00,358.6300048828125,359.05999755859375,358.5849914550781,359.0210876464844,359.0210876464844,162164
2022-10-12 11:19:00-04:00,359.0400085449219,359.1700134277344,358.92010498046875,358.9800109863281,358.9800109863281,137174
2022-10-12 11:20:00-04:00,358.92498779296875,358.95001220703125,358.6400146484375,358.7300109863281,358.7300109863281,116422
2022-10-12 11:21:00-04:00,358.7349853515625,358.95001220703125,358.5799865722656,358.94000244140625,358.94000244140625,129451
2022-10-12 11:22:00-04:00,358.95001220703125,359.20001220703125,358.95001220703125,359.0400085449219,359.0400085449219,144268
2022-10-12 11:23:00-04:00,359.04998779296875,359.1199035644531,358.77099609375,358.7900085449219,358.7900085449219,71882
2022-10-12 11:24:00-04:00,358.67999267578125,358.67999267578125,358.67999267578125,358.67999267578125,358.67999267578125,243298
2022-10-12 11:25:00-04:00,358.67999267578125,358.7799987792969,358.6000061035156,358.69000244140625,358.69000244140625,94390
2022-10-12 11:26:00-04:00,358.67498779296875,358.67999267578125,358.44000244140625,358.5400085449219,358.5400085449219,141408
2022-10-12 11:27:00-04:00,358.5199890136719,358.67999267578125,358.3999938964844,358.44000244140625,358.44000244140625,112609
2022-10-12 11:28:00-04:00,358.4453125,358.54998779296875,358.29998779296875,358.54998779296875,358.54998779296875,105662
2022-10-12 11:29:00-04:00,358.55999755859375,358.7799987792969,358.5400085449219,358.739990234375,358.739990234375,106472
2022-10-12 11:30:00-04:00,358.79998779296875,358.8599853515625,358.5325012207031,358.55999755859375,358.55999755859375,96700
2022-10-12 11:31:00-04:00,358.54998779296875,358.5799865722656,358.3699951171875,358.3900146484375,358.3900146484375,64640
2022-10-12 11:32:00-04:00,358.3900146484375,358.489990234375,358.25,358.32611083984375,358.32611083984375,370330
2022-10-12 11:33:00-04:00,358.3299865722656,358.3450012207031,358.1300048828125,358.2200012207031,358.2200012207031,184540
2022-10-12 11:34:00-04:00,358.239990234375,358.45001220703125,358.19000244140625,358.29998779296875,358.29998779296875,105466
2022-10-12 11:35:00-04:00,358.29998779296875,358.54998779296875,358.2250061035156,358.3999938964844,358.3999938964844,131373
2022-10-12 11:36:00-04:00,358.42999267578125,358.5899963378906,358.2699890136719,358.57000732421875,358.57000732421875,68638
2022-10-12 11:37:00-04:00,358.56109619140625,358.9599914550781,358.54998779296875,358.80999755859375,358.80999755859375,116528
2022-10-12 11:38:00-04:00,358.760009765625,358.95001220703125,358.760009765625,358.82501220703125,358.82501220703125,99831
2022-10-12 11:39:00-04:00,358.3599853515625,358.8500061035156,358.2799987792969,358.3699951171875,358.3699951171875,110482
2022-10-12 11:40:00-04:00,358.3699951171875,358.5400085449219,358.2699890136719,358.30999755859375,358.30999755859375,94974
2022-10-12 11:41:00-04:00,358.30999755859375,358.80999755859375,358.30999755859375,358.80999755859375,358.80999755859375,224316
2022-10-12 11:42:00-04:00,358.7900085449219,359.2900085449219,358.67999267578125,359.260009765625,359.260009765625,243422
2022-10-12 11:43:00-04:00,359.2699890136719,359.3800048828125,359.0899963378906,359.1499938964844,359.1499938964844,176080
2022-10-12 11:44:00-04:00,359.1499938964844,359.2799987792969,358.8999938964844,358.9599914550781,358.9599914550781,221633
2022-10-12 11:45:00-04:00,358.94000244140625,358.9800109863281,358.8500061035156,358.9200134277344,358.9200134277344,104726
2022-10-12 11:46:00-04:00,358.9200134277344,358.9599914550781,358.5899963378906,358.739990234375,358.739990234375,198940
2022-10-12 11:47:00-04:00,358.760009765625,358.8699951171875,358.6300048828125,358.7200012207031,358.7200012207031,90116
2022-10-12 11:48:00-04:00,358.70001220703125,358.8799133300781,358.6499938964844,358.875,358.875,95932
2022-10-12 11:49:00-04:00,358.8599853515625,358.8926086425781,358.7300109863281,358.82000732421875,358.82000732421875,56802
2022-10-12 11:50:00-04:00,358.82000732421875,358.9200134277344,358.7300109863281,358.8900146484375,358.8900146484375,77219
2022-10-12 11:51:00-04:00,358.8999938964844,359.0400085449219,358.8900146484375,358.9700012207031,358.9700012207031,85543
2022-10-12 11:52:00-04:00,358.9800109863281,359.260009765625,358.8999938964844,359.1300048828125,359.1300048828125,120292
2022-10-12 11:53:00-04:00,359.1300048828125,359.239990234375,359.0199890136719,359.1513977050781,359.1513977050781,134023
2022-10-12 11:54:00-04:00,359.1499938964844,359.29998779296875,359.0400085449219,359.2300109863281,359.2300109863281,65761
2022-10-12 11:55:00-04:00,359.2250061035156,359.2898864746094,359.07000732421875,359.2898864746094,359.2898864746094,85572
2022-10-12 11:56:00-04:00,359.2749938964844,359.45001220703125,358.9800109863281,359.07000732421875,359.07000732421875,129078
2022-10-12 11:57:00-04:00,359.010009765625,359.1700134277344,358.9815979003906,359.010009765625,359.010009765625,123298
2022-10-12 11:58:00-04:00,359.02191162109375,359.2998962402344,358.989990234375,359.2349853515625,359.2349853515625,68549
2022-10-12 11:59:00-04:00,359.2799987792969,359.3537902832031,359.1499938964844,359.19000244140625,359.19000244140625,122154
2022-10-12 12:00:00-04:00,359.2200012207031,359.4599914550781,359.07000732421875,359.07000732421875,359.07000732421875,131463
2022-10-12 12:01:00-04:00,359.0799865722656,359.1199951171875,359.0111083984375,359.0799865722656,359.0799865722656,68654
2022-10-12 12:02:00-04:00,359.1499938964844,359.2235107421875,359.1437072753906,359.20001220703125,359.20001220703125,62860
2022-10-12 12:03:00-04:00,359.19000244140625,359.3399963378906,359.19000244140625,359.2850036621094,359.2850036621094,22118
2022-10-12 12:04:00-04:00,359.0400085449219,359.2485046386719,359.0198974609375,359.1300048828125,359.1300048828125,128211
2022-10-12 12:05:00-04:00,359.1319885253906,359.32000732421875,359.0799865722656,359.2099914550781,359.2099914550781,62868
2022-10-12 12:06:00-04:00,359.20001220703125,359.42999267578125,359.1700134277344,359.30999755859375,359.30999755859375,99594
2022-10-12 12:07:00-04:00,359.30999755859375,359.79998779296875,359.30999755859375,359.760009765625,359.760009765625,261946
2022-10-12 12:08:00-04:00,359.7550048828125,359.79998779296875,358.7099914550781,358.8500061035156,358.8500061035156,278514
2022-10-12 12:09:00-04:00,358.8399963378906,359.010009765625,358.80999755859375,358.8399963378906,358.8399963378906,150592
2022-10-12 12:10:00-04:00,358.84710693359375,358.92999267578125,358.2300109863281,358.2349853515625,358.2349853515625,257105
2022-10-12 12:11:00-04:00,358.25,358.4800109863281,358.2200012207031,358.2699890136719,358.2699890136719,126395
2022-10-12 12:12:00-04:00,358.2699890136719,358.45001220703125,358.260009765625,358.4100036621094,358.4100036621094,78629
2022-10-12 12:13:00-04:00,358.42999267578125,358.4599914550781,358.2900085449219,358.2900085449219,358.2900085449219,75142
2022-10-12 12:14:00-04:00,358.29998779296875,358.5799865722656,358.25,358.54998779296875,358.54998779296875,67047
2022-10-12 12:15:00-04:00,358.57501220703125,358.6700134277344,358.489990234375,358.6700134277344,358.6700134277344,71003
2022-10-12 12:16:00-04:00,358.6700134277344,358.69500732421875,358.489990234375,358.6300048828125,358.6300048828125,62005
2022-10-12 12:17:00-04:00,358.6300048828125,358.7699890136719,358.5799865722656,358.6400146484375,358.6400146484375,65164
2022-10-12 12:18:00-04:00,358.6499938964844,358.80999755859375,358.5849914550781,358.7799987792969,358.7799987792969,129837
2022-10-12 12:19:00-04:00,358.7749938964844,358.8399963378906,358.67999267578125,358.7799987792969,358.7799987792969,66099
2022-10-12 12:20:00-04:00,358.79998779296875,358.8999938964844,358.6050109863281,358.6700134277344,358.6700134277344,65378
2022-10-12 12:21:00-04:00,358.70001220703125,358.80999755859375,358.6600036621094,358.7300109863281,358.7300109863281,50844
2022-10-12 12:22:00-04:00,358.7200012207031,358.9200134277344,358.6199951171875,358.71209716796875,358.71209716796875,83277
2022-10-12 12:23:00-04:00,358.7149963378906,358.82000732421875,358.6841125488281,358.697998046875,358.697998046875,27425
2022-10-12 12:24:00-04:00,358.70001220703125,358.70001220703125,358.489990234375,358.57501220703125,358.57501220703125,84796
2022-10-12 12:25:00-04:00,358.57000732421875,358.8399963378906,358.501708984375,358.6050109863281,358.6050109863281,88919
2022-10-12 12:26:00-04:00,358.3699951171875,358.6300048828125,358.3699951171875,358.3699951171875,358.3699951171875,54037
2022-10-12 12:27:00-04:00,358.3599853515625,358.4100036621094,358.2300109863281,358.2616882324219,358.2616882324219,81964
2022-10-12 12:28:00-04:00,358.2699890136719,358.2799987792969,358.0899963378906,358.0899963378906,358.0899963378906,173526
2022-10-12 12:29:00-04:00,358.0899963378906,358.2499084472656,358.0899963378906,358.19000244140625,358.19000244140625,106108
2022-10-12 12:30:00-04:00,358.1600036621094,358.3299865722656,358.1600036621094,358.20001220703125,358.20001220703125,81068
2022-10-12 12:31:00-04:00,358.2300109863281,358.2401123046875,357.989990234375,358.1199951171875,358.1199951171875,117903
2022-10-12 12:32:00-04:00,358.1300048828125,358.1361999511719,357.9100036621094,358.0,358.0,77847
2022-10-12 12:33:00-04:00,358.0,358.2799987792969,357.989990234375,358.19000244140625,358.19000244140625,86094
2022-10-12 12:34:00-04:00,358.20001220703125,358.29010009765625,358.17999267578125,358.2900085449219,358.2900085449219,69609
2022-10-12 12:35:00-04:00,358.2900085449219,358.3699951171875,358.1099853515625,358.11138916015625,358.11138916015625,136456
2022-10-12 12:36:00-04:00,358.1000061035156,358.1600036621094,357.7149963378906,357.7149963378906,357.7149963378906,98547
2022-10-12 12:37:00-04:00,357.7099914550781,357.8999938964844,357.6449890136719,357.6600036621094,357.6600036621094,99112
2022-10-12 12:38:00-04:00,357.6600036621094,357.7851867675781,357.6376953125,357.7699890136719,357.7699890136719,68168
2022-10-12 12:39:00-04:00,357.7699890136719,357.7900085449219,357.7099914550781,357.77880859375,357.77880859375,42820
2022-10-12 12:40:00-04:00,357.67999267578125,357.7701110839844,357.6199951171875,357.67999267578125,357.67999267578125,74353
2022-10-12 12:41:00-04:00,357.67999267578125,357.7900085449219,357.66009521484375,357.760009765625,357.760009765625,67585
2022-10-12 12:42:00-04:00,357.7699890136719,357.7799987792969,357.70001220703125,357.7685852050781,357.7685852050781,67585
2022-10-12 12:43:00-04:00,357.7699890136719,357.7799987792969,357.6600036621094,357.6700134277344,357.6700134277344,72619
2022-10-12 12:44:00-04:00,357.6600036621094,357.7900085449219,357.6600036621094,357.739990234375,357.739990234375,84869
2022-10-12 12:45:00-04:00,357.739990234375,358.0899963378906,357.7250061035156,358.07000732421875,358.07000732421875,224093
2022-10-12 12:46:00-04:00,358.1600036621094,358.1700134277344,358.0,358.1600036621094,358.1600036621094,168181
2022-10-12 12:47:00-04:00,358.1700134277344,358.2449951171875,358.0600891113281,358.17999267578125,358.17999267578125,99462
2022-10-12 12:48:00-04:00,358.17999267578125,358.2699890136719,358.17999267578125,358.2300109863281,358.2300109863281,72679
2022-10-12 12:49:00-04:00,358.1000061035156,358.17999267578125,358.05999755859375,358.17999267578125,358.17999267578125,113565
2022-10-12 12:50:00-04:00,358.1918029785156,358.29998779296875,358.1549987792969,358.2550048828125,358.2550048828125,74987
2022-10-12 12:51:00-04:00,358.2699890136719,358.4100036621094,358.2699890136719,358.3399963378906,358.3399963378906,92688
2022-10-12 12:52:00-04:00,358.3299865722656,358.4100036621094,358.3002014160156,358.4100036621094,358.4100036621094,43585
2022-10-12 12:53:00-04:00,358.4049987792969,358.4599914550781,358.2799987792969,358.45001220703125,358.45001220703125,108054
2022-10-12 12:54:00-04:00,358.45001220703125,358.4599914550781,358.31500244140625,358.3999938964844,358.3999938964844,72316
2022-10-12 12:55:00-04:00,358.4200134277344,358.46990966796875,358.3500061035156,358.4613952636719,358.4613952636719,54946
2022-10-12 12:56:00-04:00,358.4949951171875,358.6300048828125,358.4100036621094,358.5931091308594,358.5931091308594,102123
2022-10-12 12:57:00-04:00,358.614990234375,358.6499938964844,358.4800109863281,358.6000061035156,358.6000061035156,81335
2022-10-12 12:58:00-04:00,358.5809020996094,358.7099914550781,358.5299987792969,358.67999267578125,358.67999267578125,130136
2022-10-12 12:59:00-04:00,358.6700134277344,358.7300109863281,358.54998779296875,358.5799865722656,358.5799865722656,69863
2022-10-12 13:00:00-04:00,358.5799865722656,358.82000732421875,358.5400085449219,358.7200012207031,358.7200012207031,152673
2022-10-12 13:01:00-04:00,358.7300109863281,358.80999755859375,358.69000244140625,358.7200012207031,358.7200012207031,61206
2022-10-12 13:02:00-04:00,358.7049865722656,358.79998779296875,358.6499938964844,358.6650085449219,358.6650085449219,107483
2022-10-12 13:03:00-04:00,358.4800109863281,358.5899963378906,358.42999267578125,358.54998779296875,358.54998779296875,242932
2022-10-12 13:04:00-04:00,358.57000732421875,358.57000732421875,358.2300109863281,358.31988525390625,358.31988525390625,88800
2022-10-12 13:05:00-04:00,358.32000732421875,358.5,358.25048828125,358.4599914550781,358.4599914550781,70580
2022-10-12 13:06:00-04:00,358.45001220703125,358.7200012207031,358.44000244140625,358.69000244140625,358.69000244140625,83681
2022-10-12 13:07:00-04:00,358.69000244140625,358.7200012207031,358.3299865722656,358.45001220703125,358.45001220703125,131267
2022-10-12 13:08:00-04:00,358.42999267578125,358.57000732421875,358.3599853515625,358.56500244140625,358.56500244140625,83247
2022-10-12 13:09:00-04:00,358.57000732421875,358.7200012207031,358.55999755859375,358.6199951171875,358.6199951171875,64545
2022-10-12 13:10:00-04:00,358.6199951171875,358.7099914550781,358.489990234375,358.55999755859375,358.55999755859375,91998
2022-10-12 13:11:00-04:00,358.53009033203125,358.67999267578125,358.489990234375,358.625,358.625,113869
2022-10-12 13:12:00-04:00,358.68011474609375,358.70989990234375,358.57000732421875,358.6300048828125,358.6300048828125,37143
2022-10-12 13:13:00-04:00,358.635009765625,358.69000244140625,358.5249938964844,358.5299987792969,358.5299987792969,17864
2022-10-12 13:14:00-04:00,358.5350036621094,358.67999267578125,358.510009765625,358.6700134277344,358.6700134277344,120319
2022-10-12 13:15:00-04:00,358.6650085449219,358.6650085449219,358.30999755859375,358.3800048828125,358.3800048828125,79334
2022-10-12 13:16:00-04:00,358.3800048828125,358.3999938964844,358.2001037597656,358.29998779296875,358.29998779296875,120522
2022-10-12 13:17:00-04:00,358.29998779296875,358.4100036621094,358.2900085449219,358.3399963378906,358.3399963378906,45758
2022-10-12 13:18:00-04:00,358.3100891113281,358.3999938964844,358.20001220703125,358.20001220703125,358.20001220703125,49737
2022-10-12 13:19:00-04:00,358.2099914550781,358.25,358.0899963378906,358.0899963378906,358.0899963378906,65695
2022-10-12 13:20:00-04:00,358.0968017578125,358.19000244140625,358.07000732421875,358.1199951171875,358.1199951171875,44549
2022-10-12 13:21:00-04:00,358.1099853515625,358.1400146484375,358.0299987792969,358.05999755859375,358.05999755859375,52673
2022-10-12 13:22:00-04:00,358.05999755859375,358.17498779296875,358.04998779296875,358.1650085449219,358.1650085449219,83550
2022-10-12 13:23:00-04:00,358.17999267578125,358.17999267578125,358.0,358.07000732421875,358.07000732421875,472923
2022-10-12 13:24:00-04:00,358.0400085449219,358.1000061035156,357.9599914550781,357.99139404296875,357.99139404296875,61452
2022-10-12 13:25:00-04:00,357.9949951171875,358.05999755859375,357.94000244140625,358.0299987792969,358.0299987792969,95057
2022-10-12 13:26:00-04:00,358.0199890136719,358.17999267578125,357.98291015625,358.1099853515625,358.1099853515625,62823
2022-10-12 13:27:00-04:00,358.1050109863281,358.30999755859375,358.1050109863281,358.2049865722656,358.2049865722656,85608
2022-10-12 13:28:00-04:00,358.2300109863281,358.3471984863281,358.2300109863281,358.25,358.25,49256
2022-10-12 13:29:00-04:00,358.2650146484375,358.3599853515625,358.2650146484375,358.3450012207031,358.3450012207031,21326
2022-10-12 13:30:00-04:00,358.32000732421875,358.3500061035156,358.05999755859375,358.0799865722656,358.0799865722656,117714
2022-10-12 13:31:00-04:00,358.05999755859375,358.07000732421875,357.6741027832031,357.67999267578125,357.67999267578125,180223
2022-10-12 13:32:00-04:00,357.69000244140625,357.909912109375,357.5799865722656,357.760009765625,357.760009765625,161707
2022-10-12 13:33:00-04:00,357.75,357.8800048828125,357.67999267578125,357.8699951171875,357.8699951171875,58214
2022-10-12 13:34:00-04:00,357.7601013183594,357.7699890136719,357.6199951171875,357.6300048828125,357.6300048828125,140838
2022-10-12 13:35:00-04:00,357.625,357.7099914550781,357.5199890136719,357.55999755859375,357.55999755859375,157040
2022-10-12 13:36:00-04:00,357.54998779296875,357.6449890136719,357.44000244140625,357.45001220703125,357.45001220703125,86353
2022-10-12 13:37:00-04:00,357.4700012207031,357.6000061035156,357.32000732421875,357.5950012207031,357.5950012207031,103116
2022-10-12 13:38:00-04:00,357.5899963378906,357.6050109863281,357.4800109863281,357.5400085449219,357.5400085449219,57349
2022-10-12 13:39:00-04:00,357.5249938964844,357.69000244140625,357.5199890136719,357.6700134277344,357.6700134277344,79359
2022-10-12 13:40:00-04:00,357.6650085449219,357.7699890136719,357.6650085449219,357.75,357.75,37820
2022-10-12 13:41:00-04:00,357.7300109863281,357.7474060058594,357.4599914550781,357.5199890136719,357.5199890136719,151887
2022-10-12 13:42:00-04:00,357.52880859375,357.57000732421875,357.4100036621094,357.5199890136719,357.5199890136719,48462
2022-10-12 13:43:00-04:00,357.510009765625,357.5350036621094,357.41290283203125,357.510009765625,357.510009765625,318315
2022-10-12 13:44:00-04:00,357.5,357.6300048828125,357.4220886230469,357.625,357.625,39314
2022-10-12 13:45:00-04:00,357.625,357.6700134277344,357.45001220703125,357.4700012207031,357.4700012207031,71631
2022-10-12 13:46:00-04:00,357.4700012207031,357.6683044433594,357.45001220703125,357.6499938964844,357.6499938964844,78709
2022-10-12 13:47:00-04:00,357.6698913574219,357.7900085449219,357.5350036621094,357.78009033203125,357.78009033203125,73447
2022-10-12 13:48:00-04:00,357.7699890136719,357.8999938964844,357.7633972167969,357.889892578125,357.889892578125,29570
2022-10-12 13:49:00-04:00,357.75,357.95001220703125,357.7403869628906,357.79998779296875,357.79998779296875,136347
2022-10-12 13:50:00-04:00,357.80999755859375,357.875,357.6700134277344,357.868896484375,357.868896484375,65275
2022-10-12 13:51:00-04:00,357.8692932128906,357.8800048828125,357.5899963378906,357.6400146484375,357.6400146484375,60838
2022-10-12 13:52:00-04:00,357.6549987792969,357.6600036621094,357.510009765625,357.5199890136719,357.5199890136719,63877
2022-10-12 13:53:00-04:00,357.510009765625,357.5871887207031,357.4505920410156,357.510009765625,357.510009765625,79788
2022-10-12 13:54:00-04:00,357.5249938964844,357.7799987792969,357.510009765625,357.614990234375,357.614990234375,187554
2022-10-12 13:55:00-04:00,357.6199951171875,357.6199951171875,357.4200134277344,357.45001220703125,357.45001220703125,144314
2022-10-12 13:56:00-04:00,357.45001220703125,357.54998779296875,357.4400939941406,357.5400085449219,357.5400085449219,82573
2022-10-12 13:57:00-04:00,357.5249938964844,357.55999755859375,357.3599853515625,357.3999938964844,357.3999938964844,110939
2022-10-12 13:58:00-04:00,357.4100036621094,357.50390625,357.3900146484375,357.42999267578125,357.42999267578125,292677
2022-10-12 13:59:00-04:00,357.44000244140625,357.7300109863281,357.3699951171875,357.659912109375,357.659912109375,267878
2022-10-12 14:00:00-04:00,357.6099853515625,358.3699951171875,357.1700134277344,357.239990234375,357.239990234375,585956
2022-10-12 14:01:00-04:00,357.239990234375,358.44000244140625,357.239990234375,357.7650146484375,357.7650146484375,357231
2022-10-12 14:02:00-04:00,357.75,358.6400146484375,357.54010009765625,358.4599914550781,358.4599914550781,496150
2022-10-12 14:03:00-04:00,358.4700012207031,358.489990234375,357.1099853515625,357.510009765625,357.510009765625,396477
2022-10-12 14:04:00-04:00,357.5198974609375,357.8399963378906,357.3900146484375,357.5,357.5,190308
2022-10-12 14:05:00-04:00,357.5,357.8999938964844,357.2900085449219,357.8099060058594,357.8099060058594,238151
2022-10-12 14:06:00-04:00,357.80999755859375,358.19000244140625,357.6099853515625,357.69000244140625,357.69000244140625,181307
2022-10-12 14:07:00-04:00,357.8800048828125,358.0050048828125,357.5400085449219,357.8800048828125,357.8800048828125,158547
2022-10-12 14:08:00-04:00,357.8699951171875,358.3699951171875,357.6400146484375,358.1824035644531,358.1824035644531,289624
2022-10-12 14:09:00-04:00,358.1824035644531,358.79998779296875,358.1400146484375,358.2655029296875,358.2655029296875,424747
2022-10-12 14:10:00-04:00,358.2799987792969,358.79998779296875,357.7799987792969,358.6318054199219,358.6318054199219,270445
2022-10-12 14:11:00-04:00,358.67999267578125,359.1000061035156,358.3699951171875,358.52490234375,358.52490234375,259536
2022-10-12 14:12:00-04:00,358.55499267578125,358.8999938964844,358.2799987792969,358.8299865722656,358.8299865722656,155625
2022-10-12 14:13:00-04:00,358.80999755859375,358.9200134277344,358.3299865722656,358.5165100097656,358.5165100097656,159472
2022-10-12 14:14:00-04:00,358.55999755859375,359.1300048828125,358.5299987792969,358.91009521484375,358.91009521484375,248885
2022-10-12 14:15:00-04:00,358.91009521484375,359.07000732421875,358.6700134277344,358.7200012207031,358.7200012207031,118372
2022-10-12 14:16:00-04:00,358.55999755859375,358.7099914550781,358.3299865722656,358.4100036621094,358.4100036621094,244552
2022-10-12 14:17:00-04:00,358.3999938964844,358.6499938964844,358.3800048828125,358.4599914550781,358.4599914550781,103852
2022-10-12 14:18:00-04:00,358.4700012207031,358.6799011230469,358.2699890136719,358.5899963378906,358.5899963378906,98884
2022-10-12 14:19:00-04:00,358.55999755859375,358.7300109863281,358.510009765625,358.6400146484375,358.6400146484375,89873
2022-10-12 14:20:00-04:00,358.6499938964844,358.7099914550781,358.1199951171875,358.2499084472656,358.2499084472656,145041
2022-10-12 14:21:00-04:00,358.25,358.3341064453125,357.8500061035156,358.0,358.0,153180
2022-10-12 14:22:00-04:00,357.989990234375,358.4599914550781,357.8299865722656,358.375,358.375,138408
2022-10-12 14:23:00-04:00,358.38031005859375,358.6000061035156,358.17999267578125,358.55999755859375,358.55999755859375,96638
2022-10-12 14:24:00-04:00,358.5899963378906,358.5899963378906,358.2300109863281,358.3764953613281,358.3764953613281,83668
2022-10-12 14:25:00-04:00,358.32000732421875,358.44000244140625,358.1199951171875,358.4100036621094,358.4100036621094,73453
2022-10-12 14:26:00-04:00,358.3349914550781,358.8800048828125,358.3299865722656,358.8599853515625,358.8599853515625,159617
2022-10-12 14:27:00-04:00,358.8699951171875,359.19000244140625,358.801513671875,358.9200134277344,358.9200134277344,219748
2022-10-12 14:28:00-04:00,358.95001220703125,359.2699890136719,358.80999755859375,359.2204895019531,359.2204895019531,224619
2022-10-12 14:29:00-04:00,359.05511474609375,359.2300109863281,358.9700012207031,359.05511474609375,359.05511474609375,147047
2022-10-12 14:30:00-04:00,359.0456848144531,359.3999938964844,358.9700012207031,359.0299987792969,359.0299987792969,133619
2022-10-12 14:31:00-04:00,358.7300109863281,359.0299987792969,358.6400146484375,358.7300109863281,358.7300109863281,145864
2022-10-12 14:32:00-04:00,358.7088928222656,358.7699890136719,358.5,358.7300109863281,358.7300109863281,179078
2022-10-12 14:33:00-04:00,358.7200012207031,359.0199890136719,358.67999267578125,358.80999755859375,358.80999755859375,146197
2022-10-12 14:34:00-04:00,358.82000732421875,358.989990234375,358.82000732421875,358.95001220703125,358.95001220703125,128393
2022-10-12 14:35:00-04:00,358.95001220703125,359.2200012207031,358.8599853515625,359.1099853515625,359.1099853515625,115641
2022-10-12 14:36:00-04:00,359.1000061035156,359.25,358.8599853515625,358.91009521484375,358.91009521484375,95932
2022-10-12 14:37:00-04:00,358.94000244140625,359.1400146484375,358.80999755859375,359.1300048828125,359.1300048828125,78526
2022-10-12 14:38:00-04:00,359.1300048828125,359.20001220703125,358.8949890136719,358.9700012207031,358.9700012207031,90457
2022-10-12 14:39:00-04:00,358.9599914550781,358.9700012207031,358.7200012207031,358.92498779296875,358.92498779296875,107410
2022-10-12 14:40:00-04:00,358.9100036621094,359.0899963378906,358.75,358.7900085449219,358.7900085449219,91676
2022-10-12 14:41:00-04:00,358.80999755859375,358.8111877441406,358.6600036621094,358.68011474609375,358.68011474609375,82473
2022-10-12 14:42:00-04:00,358.67999267578125,358.92999267578125,358.5309143066406,358.8081970214844,358.8081970214844,118091
2022-10-12 14:43:00-04:00,358.7900085449219,358.80999755859375,358.5150146484375,358.6199951171875,358.6199951171875,104924
2022-10-12 14:44:00-04:00,358.6300048828125,358.75,358.556396484375,358.58990478515625,358.58990478515625,70427
2022-10-12 14:45:00-04:00,358.5799865722656,358.7698974609375,358.4100036621094,358.6549987792969,358.6549987792969,107993
2022-10-12 14:46:00-04:00,358.4700012207031,358.4700012207031,358.4700012207031,358.4700012207031,358.4700012207031,86874
2022-10-12 14:47:00-04:00,358.4599914550781,358.5899963378906,358.42999267578125,358.55999755859375,358.55999755859375,35813
2022-10-12 14:48:00-04:00,358.4898986816406,358.4898986816406,358.20001220703125,358.239990234375,358.239990234375,153853
2022-10-12 14:49:00-04:00,358.2200012207031,358.239990234375,358.0,358.1300048828125,358.1300048828125,117732
2022-10-12 14:50:00-04:00,358.139892578125,358.260009765625,357.95001220703125,358.07000732421875,358.07000732421875,121115
2022-10-12 14:51:00-04:00,358.04998779296875,358.07000732421875,357.8399963378906,358.010009765625,358.010009765625,143904
2022-10-12 14:52:00-04:00,358.010009765625,358.0299987792969,357.79998779296875,357.92999267578125,357.92999267578125,142176
2022-10-12 14:53:00-04:00,357.9100036621094,357.9100036621094,357.69000244140625,357.840087890625,357.840087890625,304237
2022-10-12 14:54:00-04:00,357.80999755859375,357.8598937988281,357.6300048828125,357.80999755859375,357.80999755859375,394450
2022-10-12 14:55:00-04:00,357.80999755859375,357.92999267578125,357.6600036621094,357.8699951171875,357.8699951171875,107178
2022-10-12 14:56:00-04:00,357.9100036621094,358.0398864746094,357.5899963378906,357.59521484375,357.59521484375,204626
2022-10-12 14:57:00-04:00,357.6000061035156,357.67999267578125,357.45001220703125,357.6400146484375,357.6400146484375,124952
2022-10-12 14:58:00-04:00,357.6000061035156,357.7699890136719,357.5199890136719,357.7300109863281,357.7300109863281,127071
2022-10-12 14:59:00-04:00,357.7099914550781,357.82000732421875,357.5899963378906,357.71990966796875,357.71990966796875,69867
2022-10-12 15:00:00-04:00,357.6199951171875,357.6700134277344,357.5,357.5400085449219,357.5400085449219,181993
2022-10-12 15:01:00-04:00,357.5199890136719,357.5199890136719,357.375,357.4700012207031,357.4700012207031,68806
2022-10-12 15:02:00-04:00,357.82000732421875,357.82000732421875,357.42999267578125,357.44000244140625,357.44000244140625,307872
2022-10-12 15:03:00-04:00,357.4150085449219,357.48980712890625,357.1600036621094,357.27960205078125,357.27960205078125,305372
2022-10-12 15:04:00-04:00,357.260009765625,357.3594055175781,357.1462097167969,357.3399963378906,357.3399963378906,221371
2022-10-12 15:05:00-04:00,357.3399963378906,357.6000061035156,357.17999267578125,357.5299987792969,357.5299987792969,224174
2022-10-12 15:06:00-04:00,357.5400085449219,357.69000244140625,357.42010498046875,357.5400085449219,357.5400085449219,199791
2022-10-12 15:07:00-04:00,357.5299987792969,357.67999267578125,357.510009765625,357.5899963378906,357.5899963378906,113433
2022-10-12 15:08:00-04:00,357.6000061035156,357.8299865722656,357.5602111816406,357.6700134277344,357.6700134277344,242473
2022-10-12 15:09:00-04:00,357.69000244140625,357.71051025390625,357.44000244140625,357.54998779296875,357.54998779296875,101944
2022-10-12 15:10:00-04:00,357.7250061035156,357.8500061035156,357.6199951171875,357.7799987792969,357.7799987792969,166828
2022-10-12 15:11:00-04:00,357.7900085449219,357.79998779296875,357.6600036621094,357.75,357.75,34817
2022-10-12 15:12:00-04:00,357.7200012207031,357.7398986816406,357.6000061035156,357.6300048828125,357.6300048828125,131656
2022-10-12 15:13:00-04:00,357.6600036621094,357.739990234375,357.6499938964844,357.70001220703125,357.70001220703125,0
2022-10-12 15:14:00-04:00,357.54998779296875,357.7710876464844,357.54998779296875,357.7300109863281,357.7300109863281,139445
2022-10-12 15:15:00-04:00,357.70001220703125,357.8500061035156,357.54998779296875,357.5799865722656,357.5799865722656,98814
2022-10-12 15:16:00-04:00,357.5899963378906,357.6200866699219,357.25,357.3599853515625,357.3599853515625,113960
2022-10-12 15:17:00-04:00,357.75,357.7699890136719,357.7300109863281,357.7301940917969,357.7301940917969,121497
2022-10-12 15:18:00-04:00,357.739990234375,358.0299987792969,357.7300109863281,357.989990234375,357.989990234375,157044
2022-10-12 15:19:00-04:00,357.9700012207031,358.0400085449219,357.92999267578125,358.0299987792969,358.0299987792969,450351
2022-10-12 15:20:00-04:00,358.0299987792969,358.1099853515625,358.0,358.0199890136719,358.0199890136719,69976
2022-10-12 15:21:00-04:00,357.8949890136719,358.0299987792969,357.8800048828125,357.9639892578125,357.9639892578125,388693
2022-10-12 15:22:00-04:00,357.9800109863281,358.1700134277344,357.8999938964844,358.1499938964844,358.1499938964844,142156
2022-10-12 15:23:00-04:00,358.1400146484375,358.1700134277344,357.7099914550781,357.8399963378906,357.8399963378906,401406
2022-10-12 15:24:00-04:00,357.8399963378906,357.84991455078125,357.6700134277344,357.7300109863281,357.7300109863281,112184
2022-10-12 15:25:00-04:00,357.7301025390625,357.8800048828125,357.6499938964844,357.82000732421875,357.82000732421875,80657
2022-10-12 15:26:00-04:00,357.82000732421875,357.8497009277344,357.5700988769531,357.8497009277344,357.8497009277344,116904
2022-10-12 15:27:00-04:00,357.8497009277344,358.0,357.82000732421875,357.9200134277344,357.9200134277344,76702
2022-10-12 15:28:00-04:00,357.9200134277344,357.95001220703125,357.7749938964844,357.94000244140625,357.94000244140625,58484
2022-10-12 15:29:00-04:00,357.92999267578125,357.92999267578125,357.6000061035156,357.6000061035156,357.6000061035156,78096
2022-10-12 15:30:00-04:00,357.5899963378906,357.760009765625,357.57000732421875,357.6300048828125,357.6300048828125,152675
2022-10-12 15:31:00-04:00,357.6499938964844,357.80999755859375,357.5299987792969,357.79998779296875,357.79998779296875,88533
2022-10-12 15:32:00-04:00,357.7900085449219,357.79998779296875,357.57000732421875,357.57501220703125,357.57501220703125,184607
2022-10-12 15:33:00-04:00,357.5799865722656,357.9200134277344,357.55999755859375,357.9096984863281,357.9096984863281,345336
2022-10-12 15:34:00-04:00,357.8999938964844,358.1199951171875,357.8900146484375,358.0400085449219,358.0400085449219,168457
2022-10-12 15:35:00-04:00,358.05999755859375,358.1700134277344,357.989990234375,358.1000061035156,358.1000061035156,169249
2022-10-12 15:36:00-04:00,358.1199951171875,358.25,358.0400085449219,358.2099914550781,358.2099914550781,146491
2022-10-12 15:37:00-04:00,358.2099914550781,358.2799987792969,358.1700134277344,358.239990234375,358.239990234375,210922
2022-10-12 15:38:00-04:00,358.239990234375,358.2699890136719,358.0400085449219,358.1300048828125,358.1300048828125,103385
2022-10-12 15:39:00-04:00,357.92999267578125,358.0299987792969,357.9100036621094,358.010009765625,358.010009765625,251394
2022-10-12 15:40:00-04:00,358.010009765625,358.1000061035156,357.7699890136719,357.8800048828125,357.8800048828125,142886
2022-10-12 15:41:00-04:00,357.885009765625,358.04998779296875,357.8500061035156,358.04998779296875,358.04998779296875,415319
2022-10-12 15:42:00-04:00,358.05999755859375,358.0799865722656,357.8500061035156,358.0299987792969,358.0299987792969,100884
2022-10-12 15:43:00-04:00,358.0299987792969,358.0899963378906,357.95001220703125,358.0400085449219,358.0400085449219,118469
2022-10-12 15:44:00-04:00,358.0400085449219,358.1099853515625,357.9599914550781,358.05841064453125,358.05841064453125,90026
2022-10-12 15:45:00-04:00,358.05499267578125,358.05499267578125,357.7900085449219,357.8500061035156,357.8500061035156,161816
2022-10-12 15:46:00-04:00,357.8500061035156,358.04998779296875,357.7200012207031,357.8999938964844,357.8999938964844,304149
2022-10-12 15:47:00-04:00,357.9100036621094,358.010009765625,357.8299865722656,357.8299865722656,357.8299865722656,252862
2022-10-12 15:48:00-04:00,357.8399963378906,357.8399963378906,357.67999267578125,357.69000244140625,357.69000244140625,172822
2022-10-12 15:49:00-04:00,357.70001220703125,357.7099914550781,357.4700012207031,357.5199890136719,357.5199890136719,317617
2022-10-12 15:50:00-04:00,357.5400085449219,357.54998779296875,357.19000244140625,357.29998779296875,357.29998779296875,582435
2022-10-12 15:51:00-04:00,357.2900085449219,357.67999267578125,357.2101135253906,357.42498779296875,357.42498779296875,492037
2022-10-12 15:52:00-04:00,357.42498779296875,357.5799865722656,357.3399963378906,357.42999267578125,357.42999267578125,340234
2022-10-12 15:53:00-04:00,357.4599914550781,357.54998779296875,357.29998779296875,357.3699951171875,357.3699951171875,333153
2022-10-12 15:54:00-04:00,357.3599853515625,357.3999938964844,357.2099914550781,357.3900146484375,357.3900146484375,329509
2022-10-12 15:55:00-04:00,357.3900146484375,357.3999938964844,356.95001220703125,357.1300048828125,357.1300048828125,697460
2022-10-12 15:56:00-04:00,357.1300048828125,357.1400146484375,356.79998779296875,356.940185546875,356.940185546875,1297637
2022-10-12 15:57:00-04:00,356.94000244140625,357.2699890136719,356.82000732421875,356.9800109863281,356.9800109863281,622406
2022-10-12 15:58:00-04:00,356.989990234375,357.04998779296875,356.7300109863281,356.7950134277344,356.7950134277344,689629
2022-10-12 15:59:00-04:00,356.79998779296875,356.989990234375,356.5,356.54998779296875,356.54998779296875,1874663
2022-10-12 16:00:00-04:00,356.55999755859375,356.55999755859375,356.55999755859375,356.55999755859375,356.55999755859375,0
