Date,Open,High,Low,Close,signal
1993-01-29,25.352046756283148,25.352046756283148,25.225917170431,25.334028244018555,0.0
1993-02-01,25.35203557903484,25.51420211791992,25.35203557903484,25.51420211791992,0.0
1993-02-02,25.496201384143145,25.58629396853941,25.442145833505386,25.56827545166016,0.0
1993-02-03,25.6043060919896,25.85656526530969,25.5862875796096,25.838546752929688,0.0
1993-02-04,25.92864629295137,26.00072036186854,25.6403500172827,25.946664810180664,0.0
1993-02-05,25.928634643554688,25.98269017095612,25.7844865704842,25.928634643554688,0.0
1993-02-08,25.928634643554688,26.018727189223743,25.892597625287067,25.928634643554688,0.0
1993-02-09,25.838541870437524,25.838541870437524,25.69439379863592,25.748449325561523,0.0
1993-02-10,25.74845546613116,25.80251100594809,25.67638141304192,25.78449249267578,0.0
1993-02-11,25.820517673943403,26.01872122901205,25.820517673943403,25.91061019897461,0.0
1993-02-12,25.87456886168536,25.87456886168536,25.71240234375,25.71240234375,0.0
1993-02-16,25.64034753082297,25.64034753082297,25.02771800443648,25.06375503540039,0.0
1993-02-17,25.063743375874253,25.099780390073928,24.955632333275226,25.04572486877441,0.0
1993-02-18,25.33401497222264,25.33401497222264,24.685348870515654,25.027700424194336,0.0
1993-02-19,25.027718623365185,25.11781120300293,24.991681591510087,25.11781120300293,0.0
1993-02-22,25.189882487037337,25.243938028855013,25.11780843128044,25.20790100097656,0.0
1993-02-23,25.27998441824415,25.29800293885587,25.0637621709035,25.189891815185547,0.0
1993-02-24,25.20788754447032,25.51420211791992,25.20788754447032,25.51420211791992,0.0
1993-02-25,25.496201384143145,25.58629396853941,25.442145833505386,25.56827545166016,0.0
1993-02-26,25.622329505206327,25.622329505206327,25.47818137859476,25.604310989379883,0.0
1993-03-01,25.69440657535572,25.69440657535572,25.496202878070363,25.53223991394043,0.0
1993-03-02,25.550240098849788,25.91061019897461,25.514203088837306,25.91061019897461,0.0
1993-03-03,25.946659922930014,26.036752492106853,25.91062289525928,26.018733978271484,0.0
1993-03-04,26.05475972157003,26.05475972157003,25.874574661254883,25.874574661254883,0.0
1993-03-05,25.91061463435935,26.01872568290327,25.78448507772477,25.80250358581543,0.0
1993-03-08,25.85656022764946,26.37909698486328,25.85656022764946,26.37909698486328,0.0
1993-03-09,26.325051848246183,26.343070364227188,26.234959268341168,26.28901481628418,0.0
1993-03-10,26.289015434672176,26.34307098388672,26.18090433624309,26.34307098388672,0.0
1993-03-11,26.361090586836283,26.433164655426403,26.234960966803573,26.27099800109864,0.0
1993-03-12,26.054766974181494,26.072785485228646,25.838544841615672,26.00071144104004,0.0
1993-03-15,25.98268871175832,26.1268367767334,25.98268871175832,26.1268367767334,0.0
1993-03-16,26.1268367767334,26.198910809220937,26.1268367767334,26.1268367767334,0.0
1993-03-17,26.09079973801898,26.09079973801898,25.92863316506168,25.96467018127441,0.0
1993-03-18,26.072781252367744,26.234947825464708,26.072781252367744,26.1268367767334,0.0
1993-03-19,26.232126294201567,26.232126294201567,26.087297439575195,26.087297439575195,0.0
1993-03-22,25.8338432032498,25.99677564111192,25.815739599042896,25.94246482849121,0.0
1993-03-23,26.014885911702446,26.032989520548444,25.960575085164443,25.996782302856445,0.0
1993-03-24,25.960575085164443,26.10540395593245,25.83384982324244,25.996782302856445,0.0
1993-03-25,26.01488488009232,26.214024569501515,25.9786776638361,26.159713745117188,0.0
1993-03-26,26.14161403924123,26.15971765007173,25.99678515259724,26.01488876342773,0.0
1993-03-29,26.03299040606017,26.2502337196017,26.03299040606017,26.12350845336914,0.0
1993-03-30,26.159725156255483,26.195932388305664,26.123517924205306,26.195932388305664,0.0
1993-03-31,26.268328686472785,26.340743100494763,26.177810668945312,26.177810668945312,0.0
1993-04-01,26.21402268737327,26.21402268737327,26.032986619090305,26.087297439575195,0.0
1993-04-02,25.870042788737383,25.870042788737383,25.544178009033203,25.544178009033203,0.0
1993-04-05,25.74334533594559,25.74334533594559,25.59851638890792,25.67093086242676,0.0
1993-04-06,25.72523412610045,25.72523412610045,25.5260943826894,25.598508834838867,0.0
1993-04-07,25.63471884858533,25.68902969360352,25.580408003567136,25.68902969360352,0.0
1993-04-08,25.7976552509639,25.7976552509639,25.544204602884253,25.6528263092041,0.0
1993-04-12,25.906267098444737,26.03299237425823,25.87005987678374,26.01488876342773,0.0
1993-04-13,25.99679177602132,26.15972431500753,25.97868816057841,26.06920623779297,0.0
1993-04-14,26.087281215174308,26.10538481074348,26.014866832897628,26.0329704284668,0.0
1993-04-15,26.014866832897628,26.087281215174308,25.92434885505177,26.0329704284668,0.0
1993-04-16,26.05107402403597,26.087281215174308,25.99676323732845,26.0329704284668,0.0
1993-04-19,26.03299147323523,26.105405914050905,25.9062662018078,25.92436981201172,0.0
1993-04-20,25.88815788135194,25.92436509517201,25.63470738461143,25.79763984680176,0.0
1993-04-21,25.851949718561062,25.851949718561062,25.70712086859714,25.7795352935791,0.0
1993-04-22,25.67092531944916,25.888168693097523,25.45368194580078,25.45368194580078,0.0
1993-04-23,25.39936354637146,25.471777982711792,25.308845500946045,25.34505271911621,0.0
1993-04-26,25.36315162444475,25.453669653083026,25.07349393280227,25.14590835571289,0.0
1993-04-27,25.109705763325053,25.41746711730957,25.109705763325053,25.41746711730957,0.0
1993-04-28,25.38126088209785,25.43557171137481,25.32695005282089,25.363157272338867,0.0
1993-04-29,25.417466137200787,25.47177696228028,25.27263727032215,25.47177696228028,0.0
1993-04-30,25.56230836628683,25.65282645540257,25.507997512817383,25.507997512817383,0.0
1993-05-03,25.5442055337688,25.67093086242676,25.435583823490543,25.67093086242676,0.0
1993-05-04,25.72522162452853,25.85194685420601,25.68901441604925,25.76142883300781,0.0
1993-05-05,25.761423108288685,25.92435551023851,25.761423108288685,25.83383750915528,0.0
1993-05-06,25.79764847011003,25.81575208307151,25.725234018264107,25.743337631225582,0.0
1993-05-07,25.761444153627767,25.761444153627767,25.652822463591388,25.68902969360352,0.0
1993-05-10,25.725234018264107,25.88816653491743,25.725234018264107,25.743337631225582,0.0
1993-05-11,25.74332615507751,25.851947784423828,25.670911735513297,25.851947784423828,0.0
1993-05-12,25.743326165732963,25.833844190225697,25.743326165732963,25.81574058532715,0.0
1993-05-13,25.707137308872024,25.707137308872024,25.489893894994232,25.507997512817383,0.0
1993-05-14,25.50797367231412,25.580388075926088,25.471766470508143,25.489870071411133,0.0
1993-05-17,25.562296857246675,25.580400466918945,25.45367519921305,25.580400466918945,0.0
1993-05-18,25.598508861855137,25.61661247491161,25.471783570459817,25.562301635742188,0.0
1993-05-19,25.5622928415546,26.087297439575195,25.399360380099928,26.087297439575195,0.0
1993-05-20,26.08729931260476,26.159713745117188,26.032988488220425,26.159713745117188,0.0
1993-05-21,26.177820354866583,26.21402757527441,25.9062662018078,25.92436981201172,0.0
1993-05-24,25.97865964175929,26.12348840631265,25.97865964175929,26.0329704284668,0.0
1993-05-25,26.141608260060085,26.141608260060085,26.087297439575195,26.087297439575195,0.0
1993-05-26,26.159721182338828,26.43127538146345,26.14161756906385,26.41317176818848,0.0
1993-05-27,26.44936852278047,26.44936852278047,26.28643606781468,26.322643280029297,0.0
1993-05-28,26.304554084456207,26.304554084456207,26.069207076130034,26.195932388305664,0.0
1993-06-01,26.28642370079088,26.539874067051944,26.250216505610723,26.44935607910156,0.0
1993-06-02,26.37696454163853,26.50368983456336,26.26834286198868,26.41317176818848,0.0
1993-06-03,26.35885049224392,26.35885049224392,26.268332461707367,26.322643280029297,0.0
1993-06-04,26.25022602542011,26.25022602542011,26.123500796331875,26.23212242126465,0.0
1993-06-07,26.286445723346063,26.286445723346063,26.141616821289062,26.141616821289062,0.0
1993-06-08,26.0691977446934,26.0691977446934,25.906265258789062,25.906265258789062,0.0
1993-06-09,25.996782302856445,26.10540395593245,25.960575085164443,25.996782302856445,0.0
1993-06-10,25.978681541766736,26.03299237425823,25.92437070927524,26.01488876342773,0.0
1993-06-11,26.105404843907344,26.159715672292727,26.01488679659837,26.12350845336914,0.0
1993-06-14,26.15971186688838,26.17781547371668,26.087297439575195,26.087297439575195,0.0
1993-06-15,26.12348840631265,26.14159200188182,26.0329704284668,26.0329704284668,0.0
1993-06-16,26.032986619090305,26.087297439575195,25.96057219177712,26.087297439575195,0.0
1993-06-17,26.141603461934324,26.177810668945312,26.08729265141784,26.177810668945312,0.0
1993-06-18,26.1628008424566,26.1628008424566,25.96224975585937,25.96224975585937,0.0
1993-06-21,26.03515962361454,26.03515962361454,25.98046391011955,26.01692771911621,0.0
1993-06-22,26.0533957868731,26.0533957868731,25.9987000644374,26.03516387939453,0.0
1993-06-23,26.03517930532934,26.03517930532934,25.79816436767578,25.79816436767578,0.0
1993-06-24,25.87108686279552,26.14456558227539,25.87108686279552,26.14456558227539,0.0
1993-06-25,26.126325607299805,26.19925324332856,26.108093698292617,26.126325607299805,0.0
1993-06-28,26.253955912145766,26.41804313659668,26.217492084490008,26.41804313659668,0.0
1993-06-29,26.38158775996236,26.38158775996236,26.253964322284585,26.290428161621094,0.0
1993-06-30,26.3268920009576,26.38158775996236,26.253964322284585,26.290428161621094,0.0
1993-07-01,26.32687113712825,26.32687113712825,26.18101589537132,26.217479705810547,0.0
1993-07-02,26.1263262061806,26.144558115605708,25.98047093077973,26.07163047790528,0.0
1993-07-06,26.03517930532934,26.10810697845352,25.761700531113696,25.79816436767578,0.0
1993-07-07,25.77992464943281,25.907548038786445,25.77992464943281,25.87108421325684,0.0
1993-07-08,25.889330528339027,26.217505140670088,25.852866682524468,26.16280937194824,0.0
1993-07-09,26.16279584156961,26.2357234954834,26.10810010113428,26.2357234954834,0.0
1993-07-12,26.19924780059093,26.235711611030165,26.16278399015169,26.217479705810547,0.0
1993-07-13,26.23571690006561,26.30864453564606,26.053397811114497,26.19925308227539,0.0
1993-07-14,26.21750048294808,26.363355840294105,26.199268563279823,26.290428161621094,0.0
1993-07-15,26.27218219363922,26.27218219363922,26.12632691428522,26.18102264404297,0.0
1993-07-16,26.19925471923871,26.21748662927297,26.071631348998853,26.108095169067383,0.0
1993-07-19,26.10809664189774,26.10809664189774,26.01693708658385,26.08986473083496,0.0
1993-07-20,26.07164975741184,26.16280937194824,25.94402629706088,26.16280937194824,0.0
1993-07-21,26.1263336676434,26.14456558227539,26.053406009115434,26.14456558227539,0.0
1993-07-22,26.10810509156645,26.144568925493218,25.96224975585937,25.96224975585937,0.0
1993-07-23,26.01693708658385,26.08986473083496,25.99870517552107,26.08986473083496,0.0
1993-07-26,26.16279584156961,26.290419235918733,26.16279584156961,26.2357234954834,0.0
1993-07-27,26.253943516249784,26.2721754214694,26.12632017971245,26.217479705810547,0.0
1993-07-28,26.16280937194824,26.217505140670088,26.126345526133683,26.16280937194824,0.0
1993-07-29,26.21749330442644,26.38158053651256,26.18102947507397,26.308652877807617,0.0
1993-07-30,26.308664755206493,26.308664755206493,26.126345526133683,26.16280937194824,0.0
1993-08-02,26.199259668526505,26.326883062875627,26.199259668526505,26.2357234954834,0.0
1993-08-03,26.290431128607857,26.36335881551107,26.16280767652724,26.25396728515625,0.0
1993-08-04,26.25396728515625,26.30866305033366,26.18103959825304,26.25396728515625,0.0
1993-08-05,26.253948808960725,26.253948808960725,26.162789264485166,26.19925308227539,0.0
1993-08-06,26.27218732244029,26.290419235918733,26.199259668526505,26.2357234954834,0.0
1993-08-09,26.30865649873829,26.45451183622264,26.25396074718167,26.38158416748047,0.0
1993-08-10,26.363340377807617,26.381572286782585,26.32687655985768,26.363340377807617,0.0
1993-08-11,26.345108468832645,26.436268013707497,26.345108468832645,26.363340377807617,0.0
1993-08-12,26.43628351896712,26.43628351896712,26.199268563279823,26.290428161621094,0.0
1993-08-13,26.308660932525044,26.345124773041363,26.308660932525044,26.326892852783203,0.0
1993-08-16,26.34511866845376,26.545669744822607,26.34511866845376,26.47274208068848,0.0
1993-08-17,26.45451040405399,26.56390190124512,26.45451040405399,26.56390190124512,0.0
1993-08-18,26.655038262064547,26.764429663960843,26.63680636174849,26.70973396301269,0.0
1993-08-19,26.727965863328745,26.727965863328745,26.6732701623806,26.70973396301269,0.0
1993-08-20,26.65506153184753,26.727989196777344,26.63682961561508,26.727989196777344,0.0
1993-08-23,26.61859260710314,26.691520258081503,26.61859260710314,26.67328834533692,0.0
1993-08-24,26.67328764894188,26.96499824523925,26.67328764894188,26.96499824523925,0.0
1993-08-25,26.96500058431883,27.09262398126963,26.9285367566186,26.983232498168945,0.0
1993-08-26,27.0014705657959,27.14732590983801,26.89207905776432,27.0014705657959,0.0
1993-08-27,26.9285367566186,26.983232498168945,26.9285367566186,26.983232498168945,0.0
1993-08-30,27.001474597412354,27.129098042504783,27.001474597412354,27.092634201049805,0.0
1993-08-31,27.074390667396905,27.1655502319336,27.037926841582227,27.1655502319336,0.0
1993-09-01,27.074380286278263,27.183771721778378,27.074380286278263,27.12907600402832,0.0
1993-09-02,27.14732293831844,27.183786770337672,27.019699526251127,27.037931442260746,0.0
1993-09-03,27.019679002684725,27.09260661132895,26.98321519836261,27.05614280700684,0.0
1993-09-07,27.05616138618707,27.09262521554851,26.83737841001844,26.873842239379883,0.0
1993-09-08,26.873838163704352,26.873838163704352,26.600359484969232,26.782678604125977,0.0
1993-09-09,26.673282738613047,26.855601827735484,26.673282738613047,26.83736991882324,0.0
1993-09-10,26.91030698834044,27.092626141377973,26.873843157732928,27.07439422607422,0.0
1993-09-13,27.165561883959764,27.165561883959764,27.092634201049805,27.092634201049805,0.0
1993-09-14,27.019696325869173,27.019696325869173,26.89207292891837,26.983232498168945,0.0
1993-09-15,26.87382378539628,27.07437470916789,26.782664274591,27.05614280700684,0.0
1993-09-16,27.01969163504924,27.037923545734163,26.92853208162465,26.94676399230957,0.0
1993-09-17,26.931214648737264,26.949560162803163,26.85783259247368,26.89452362060547,0.0
1993-09-20,26.931218489656093,26.986255039703074,26.67438125610352,26.67438125610352,0.0
1993-09-21,26.7110563268984,26.747747338336445,26.30745520107988,26.582637786865234,0.0
1993-09-22,26.674363527291447,26.83947306769421,26.637672518313053,26.80278205871582,0.0
1993-09-23,26.876193326374885,26.9679209486492,26.83950227746516,26.949575424194336,0.0
1993-09-24,26.912864040596087,26.93120955118954,26.83948199822228,26.87617301940918,0.0
1993-09-27,27.07798067514032,27.169708251953125,27.07798067514032,27.169708251953125,0.0
1993-09-28,27.18803846852221,27.18803846852221,27.09631094332477,27.11465644836425,0.0
1993-09-29,27.11466150225544,27.188043536091044,26.98624294304313,27.022933959960938,0.0
1993-09-30,27.02293967422174,27.07797621123645,26.912866600192324,26.96790313720703,0.0
1993-10-01,26.931209602949984,27.133010219865824,26.89451858169256,27.0963191986084,0.0
1993-10-04,27.13302230834961,27.13302230834961,27.05964023314109,27.13302230834961,0.0
1993-10-05,27.18804675175196,27.18804675175196,27.004591645464835,27.0963191986084,0.0
1993-10-06,27.11466343163798,27.22473649022379,27.07797241210937,27.07797241210937,0.0
1993-10-07,27.114656388759613,27.114656388759613,26.986237853765488,27.00458335876465,0.0
1993-10-08,27.07797749492174,27.096323008129684,26.839485823218503,27.04128646850586,0.0
1993-10-11,27.0963191986084,27.151355730494537,27.0963191986084,27.0963191986084,0.0
1993-10-12,27.13302230834961,27.15136782715173,27.11467678954748,27.13302230834961,0.0
1993-10-13,27.15136782715173,27.15136782715173,27.09633127074535,27.13302230834961,0.0
1993-10-14,27.243077700860667,27.481569290161133,27.1696956733836,27.481569290161133,0.0
1993-10-15,27.610005692815086,27.683387767746154,27.53662361788401,27.62835121154785,0.0
1993-10-18,27.609996789304937,27.609996789304937,27.518269225220862,27.55496025085449,0.0
1993-10-19,27.51827048104054,27.57330702200262,27.353160858154297,27.353160858154297,0.0
1993-10-20,27.444877598961167,27.444877598961167,27.334804560462658,27.38984107971192,0.0
1993-10-21,27.40819739911637,27.40819739911637,27.31646983084624,27.353160858154297,0.0
1993-10-22,27.38985443500817,27.49992752717833,27.22474479675293,27.22474479675293,0.0
1993-10-25,27.243083965393808,27.334811520832844,27.169701921042577,27.298120498657227,0.0
1993-10-26,27.279773712158203,27.2981192223883,27.188046161007705,27.279773712158203,0.0
1993-10-27,27.243083965393808,27.316466009745035,27.243083965393808,27.298120498657227,0.0
1993-10-28,27.33482167432911,27.573313407058155,27.33482167432911,27.49993133544922,0.0
1993-10-29,27.481585817546986,27.51827685335145,27.46324029964475,27.49993133544922,0.0
1993-11-01,27.46321875749234,27.59163728207647,27.46321875749234,27.573291778564453,0.0
1993-11-02,27.53661473803768,27.59165127648812,27.38985063550317,27.55496025085449,0.0
1993-11-03,27.53661920183507,27.53661920183507,27.077981307067663,27.20639991760254,0.0
1993-11-04,27.20639478973409,27.20639478973409,26.89452108007429,26.912866592407227,-1.0
1993-11-05,26.839485823218503,27.04128646850586,26.72941274397085,27.04128646850586,0.0
1993-11-08,27.05962690234508,27.151354451166583,26.98624486328787,27.07797241210937,0.0
1993-11-09,27.26142879426681,27.27977430489552,27.07797368797969,27.0963191986084,0.0
1993-11-10,27.096319876691343,27.298120498657227,27.02293783234012,27.298120498657227,0.0
1993-11-11,27.298126858199705,27.37150891964648,27.206399281391235,27.22474479675293,0.0
1993-11-12,27.279778803538186,27.44488842642443,27.26143328988416,27.353160858154297,0.0
1993-11-15,27.40820186026145,27.40820186026145,27.2614377271409,27.33481979370117,0.0
1993-11-16,27.38984999086512,27.48157755279032,27.27977691655487,27.46323204040528,0.0
1993-11-17,27.481588405919123,27.481588405919123,27.24309665072757,27.316478729248047,0.0
1993-11-18,27.27978070576986,27.334817250569664,27.16970761617025,27.24308967590332,0.0
1993-11-19,27.151371625110045,27.224753710583315,27.133026103741727,27.18806266784668,0.0
1993-11-22,27.11466150225544,27.13300701071434,26.93120641766643,27.022933959960938,0.0
1993-11-23,27.169708251953125,27.188053767315687,27.02294412905264,27.169708251953125,0.0
1993-11-24,27.243082691698003,27.2981192223883,27.206391671237803,27.279773712158203,0.0
1993-11-26,27.35315703192065,27.35315703192065,27.27977498756942,27.298120498657227,0.0
1993-11-29,27.37151788152985,27.426554445634807,27.18806266784668,27.18806266784668,0.0
1993-11-30,27.169708886021144,27.33481852813741,27.15136337023045,27.20639991760254,0.0
1993-12-01,27.35316276550293,27.3715082804362,27.24308967590332,27.24308967590332,0.0
1993-12-02,27.29813320961793,27.334824248878167,27.24309665072757,27.316478729248047,0.0
1993-12-03,27.29811229897184,27.42653083801269,27.29811229897184,27.42653083801269,0.0
1993-12-06,27.463241565704344,27.554969159444173,27.463241565704344,27.51827812194824,0.0
1993-12-07,27.51827685335145,27.53662237125369,27.46324029964475,27.49993133544922,0.0
1993-12-08,27.49993133544922,27.49993133544922,27.46324029964475,27.49993133544922,0.0
1993-12-09,27.49991157511312,27.53660258455289,27.371493042073894,27.408184051513672,0.0
1993-12-10,27.426542912770405,27.426542912770405,27.29812431719221,27.353160858154297,0.0
1993-12-13,27.35316845321655,27.51827812194824,27.31647741572062,27.51827812194824,0.0
1993-12-14,27.536624964809484,27.536624964809484,27.316478729248047,27.316478729248047,0.0
1993-12-15,27.3531557530786,27.3715012633087,27.279773712158203,27.279773712158203,0.0
1993-12-16,27.389851250533447,27.389851250533447,27.334814710847176,27.371505737304688,0.0
1993-12-17,27.42958852908756,27.5404151494071,27.41111742570096,27.521944046020508,0.0
1993-12-20,27.50345703743738,27.57734140825655,27.484985944732585,27.55887031555176,0.0
1993-12-21,27.52193742096625,27.52193742096625,27.429581926265016,27.466524124145508,0.0
1993-12-22,27.54039568700389,27.669693319337245,27.484982416003884,27.651222229003903,0.0
1993-12-23,27.63275146484375,27.688164736497846,27.595809283741016,27.63275146484375,0.0
1993-12-27,27.63276404522835,27.780532836914062,27.63276404522835,27.780532836914062,0.0
1993-12-28,27.76207214993361,27.854427679374503,27.74360104404543,27.835956573486328,0.0
1993-12-29,27.854418808439643,27.87288990844524,27.780534408417257,27.79900550842285,0.0
1993-12-30,27.78053834392199,27.78053834392199,27.63276952294368,27.688182830810547,0.0
1993-12-31,27.74359118066963,27.78053337931233,27.521937988813413,27.54040908813477,0.0
1994-01-03,27.54040851990649,27.57735071778698,27.429581926265016,27.466524124145508,0.0
1994-01-04,27.50346241648853,27.57734680175781,27.46652022385389,27.57734680175781,0.0
1994-01-05,27.61428037429238,27.651222555395115,27.503453830984185,27.63275146484375,0.0
1994-01-06,27.66969364594648,27.688164736497846,27.595809283741016,27.63275146484375,0.0
1994-01-07,27.688178908389272,27.81747660842845,27.61429450836689,27.79900550842285,0.0
1994-01-10,27.835947388657125,28.13148498535156,27.76206298948352,28.13148498535156,0.0
1994-01-11,28.11300916420786,28.11300916420786,27.98371148736853,28.076066970825195,0.0
1994-01-12,28.094539736757184,28.094539736757184,27.89135766108044,27.98371315002441,0.0
1994-01-13,27.909841537475582,27.96525485621313,27.87289932498389,27.909841537475582,0.0
1994-01-14,28.00219120536105,28.07607561487388,28.00219120536105,28.02066230773925,0.0
1994-01-17,28.02066230773925,28.057604512495672,27.96524900060464,28.02066230773925,0.0
1994-01-18,28.057594299316406,28.09453649062558,28.002181012352647,28.057594299316406,0.0
1994-01-19,28.020655345602005,28.0575975411796,27.92829985665803,27.98371315002441,0.0
1994-01-20,28.02065210800724,28.076065394971,28.002181012352647,28.057594299316406,0.0
1994-01-21,28.09454514294627,28.09454514294627,27.98371853488731,28.00218963623047,0.0
1994-01-24,27.98370334170512,28.11300098090772,27.89134788513184,27.89134788513184,0.0
1994-01-25,27.90981897644649,27.92829006776115,27.835934611187863,27.89134788513184,0.0
1994-01-26,27.891348482280616,27.983703940831216,27.85440629886038,27.965232849121094,0.0
1994-01-27,28.02064346518192,28.260767634626458,27.983701285267376,28.22382545471192,0.0
1994-01-28,28.33466978795224,28.390083092622284,28.297727584838867,28.297727584838867,0.0
1994-01-31,28.40854669250765,28.55631546594072,28.371604499149385,28.50090217590332,0.0
1994-02-01,28.463964567898927,28.463964567898927,28.31619577066129,28.353137969970703,0.0
1994-02-02,28.44549963003609,28.537855148315423,28.427028526380223,28.53785514831543,0.0
1994-02-03,28.48242509690621,28.48242509690621,28.31618526171026,28.408540725708008,0.0
1994-02-04,28.40854859241072,28.445490788239603,27.76206016540528,27.76206016540528,0.0
1994-02-07,27.68816588067061,27.965232250390464,27.68816588067061,27.89134788513184,0.0
1994-02-08,27.94678374996728,27.94678374996728,27.7990149000005,27.909841537475582,0.0
1994-02-09,27.928306795848226,28.039133410117465,27.89136459109181,28.02066230773925,0.0
1994-02-10,28.00218602444264,28.020657123403343,27.780532836914062,27.780532836914062,0.0
1994-02-11,27.79901938694372,27.94678826076136,27.669721622353283,27.87290382385254,0.0
1994-02-14,27.817486006246348,28.002197068704824,27.780543793754653,27.909841537475582,0.0
1994-02-15,27.965238821043474,28.076065394971,27.9282966297343,28.057594299316406,0.0
1994-02-16,28.094542556129426,28.094542556129426,27.98371595827487,28.03912925720215,0.0
1994-02-17,28.16844157148782,28.186912680715025,27.79901938694372,27.87290382385254,0.0
1994-02-18,27.891355018615723,27.90982611465454,27.632759674072265,27.70664405822754,0.0
1994-02-22,27.78053107434767,27.98371315002441,27.78053107434767,27.98371315002441,0.0
1994-02-23,28.02066817495067,28.03913928119652,27.817486006246348,27.909841537475582,0.0
1994-02-24,27.81747557795504,27.81747557795504,27.521937988813413,27.54040908813477,0.0
1994-02-25,27.577350849462288,27.66970634460449,27.521937552376965,27.66970634460449,0.0
1994-02-28,27.743590740718258,27.81747513683202,27.66970634460449,27.66970634460449,0.0
1994-03-01,27.66969687178052,27.7251101498949,27.411101573913413,27.55887031555176,0.0
1994-03-02,27.207943353308256,27.595836639404297,27.13405891786139,27.595836639404297,0.0
1994-03-03,27.55888625279369,27.55888625279369,27.448059632474145,27.521944046020508,0.0
1994-03-04,27.52195220395744,27.669721074851164,27.42959665964885,27.595836639404297,0.0
1994-03-07,27.688187528069264,27.78054305684868,27.688187528069264,27.74360084533692,0.0
1994-03-08,27.76204909870331,27.76204909870331,27.595809283741016,27.63275146484375,0.0
1994-03-09,27.669704675833067,27.78053126331972,27.54040699043198,27.76206016540528,0.0
1994-03-10,27.74359118066963,27.74359118066963,27.44805359152801,27.54040908813477,0.0
1994-03-11,27.57735621507681,27.725125036055125,27.429587394098508,27.688182830810547,0.0
1994-03-14,27.79901068024759,27.79901068024759,27.688184059595443,27.72512626647949,0.0
1994-03-15,27.780528442382813,27.83594173049927,27.68817296218872,27.70664405822754,0.0
1994-03-16,27.74357660989913,27.92828750610352,27.651221161796933,27.92828750610352,0.0
1994-03-17,27.835932058001323,27.9652296853444,27.835932058001323,27.92828750610352,0.0
1994-03-18,27.792159536720828,27.95935835746313,27.773581889971684,27.922203063964844,0.0
1994-03-21,27.829318926444127,27.90362952437856,27.773585977993303,27.84789657592773,0.0
1994-03-22,27.847892476968266,27.97793600421228,27.792159536720828,27.922203063964844,0.0
1994-03-23,27.90363883972168,27.977949462463947,27.88506118403611,27.90363883972168,0.0
1994-03-24,27.79215512956892,27.84788806097848,27.43917989730835,27.569223403930664,0.0
1994-03-25,27.58780393795092,27.66211452094876,27.309139251708984,27.309139251708984,0.0
1994-03-28,27.34629440307617,27.3834496943847,27.104785009570744,27.34629440307617,0.0
1994-03-29,27.346302310047427,27.364879961073274,26.80755043029785,26.80755043029785,0.0
1994-03-30,26.82612380391682,26.90043439617144,26.43599319458008,26.43599319458008,0.0
1994-03-31,26.43599670987573,26.566040263613708,25.87866719385587,26.51030731201172,0.0
1994-04-04,25.767195384612712,26.17590360268155,25.767195384612712,26.101593017578125,0.0
1994-04-05,26.361681814473044,26.64034652709961,26.361681814473044,26.64034652709961,0.0
1994-04-06,26.677501822116486,26.696079469624923,26.45457005201523,26.64034652709961,0.0
1994-04-07,26.62175889581049,26.82611294176577,26.47313777147938,26.7703800201416,0.0
1994-04-08,26.714653570001776,26.714653570001776,26.435988894375885,26.56603240966797,0.0
1994-04-11,26.64034257426568,26.788963732281104,26.575320817633923,26.67749786376953,0.0
1994-04-12,26.70536829337914,26.75181241215024,26.584613584574296,26.64034652709961,0.0
1994-04-13,26.63105824467512,26.696080012276347,26.30594940666897,26.501014709472656,0.0
1994-04-14,26.454574360409733,26.649639691016688,26.398841408807748,26.51030731201172,0.0
1994-04-15,26.501018486744723,26.621773215215693,26.46386318567673,26.51030731201172,0.0
1994-04-18,26.53818219300931,26.61249281868102,26.25022851853144,26.33382797241211,0.0
1994-04-19,26.30594800819432,26.473146830280303,26.14803800955756,26.370969772338867,0.0
1994-04-20,26.398832526966952,26.46385428195948,26.203767261989363,26.34309959411621,0.0
1994-04-21,26.454571728583584,26.733236458870632,26.36168348515457,26.696081161499023,0.0
1994-04-22,26.7610934718234,26.779671113941983,26.593894692756123,26.66820526123047,0.0
1994-04-25,26.65893998486303,26.96547135054264,26.65893998486303,26.9468936920166,0.0
1994-04-26,26.90972324566153,26.95616736586461,26.86327912545845,26.91901206970215,0.0
1994-04-28,26.86327413771772,26.900429426981503,26.640342402135,26.72394180297852,0.0
1994-04-29,26.67750687311692,26.844705732349546,26.640351571065224,26.80755043029785,0.0
1994-05-02,26.80753459221076,27.1790873932116,26.714646391960542,26.974733352661133,0.0
1994-05-03,26.98404900906868,26.99333783833169,26.78898359454529,26.9468936920166,0.0
1994-05-04,27.0026173025205,27.0026173025205,26.798263129608408,26.900440216064453,0.0
1994-05-05,26.928281991808248,26.974726079410537,26.86326026916504,26.86326026916504,0.0
1994-05-06,26.73323299232142,26.73323299232142,26.51030123699977,26.60318946838379,0.0
1994-05-09,26.528879770975628,26.6031903585694,26.324525655092764,26.370969772338867,0.0
1994-05-10,26.50101061743983,26.65892060008844,26.482432972422348,26.57532119750977,0.0
1994-05-11,26.54747102121827,26.58462633405413,26.2595173467404,26.33382797241211,0.0
1994-05-12,26.50101103402724,26.52887750199152,26.39883398482489,26.463855743408203,0.0
1994-05-13,26.53816632464628,26.53816632464628,26.333812226241577,26.463855743408203,0.0
1994-05-16,26.519596287242152,26.60319571511788,26.463863335325005,26.47315216064453,0.0
1994-05-17,26.491707568346712,26.86326026916504,26.45455229826488,26.86326026916504,0.0
1994-05-18,26.88183728501922,27.160501804214302,26.76108266003468,27.058324813842773,0.0
1994-05-19,27.00262370368585,27.262710894502224,27.00262370368585,27.188400268554688,0.0
1994-05-20,27.141941282484268,27.160518928810404,27.04905305085359,27.08620834350586,0.0
1994-05-23,27.05833632476712,27.0676251460252,26.95615929092832,27.039758682250977,0.0
1994-05-24,27.114082185038548,27.253414570367628,27.114082185038548,27.15123748779297,0.0
1994-05-25,27.04904873450028,27.24411398979716,26.95616051769224,27.225536346435547,0.0
1994-05-26,27.216255078736808,27.30914332132636,27.188388605959943,27.244121551513672,0.0
1994-05-27,27.19766020190164,27.271970748901367,27.151216110026805,27.271970748901367,0.0
1994-05-31,27.188405779178925,27.290582910566343,27.141961628548284,27.23484992980957,0.0
1994-06-01,27.16980484021742,27.355581283569336,27.08620544070905,27.355581283569336,0.0
1994-06-02,27.374170494598243,27.374170494598243,27.28128223367324,27.327726364135746,0.0
1994-06-03,27.34630906239439,27.578529757557387,27.262709612135712,27.485641479492188,0.0
1994-06-06,27.541363015216778,27.624962430777305,27.457763599656253,27.4763412475586,0.0
1994-06-07,27.42990108559724,27.4763452120544,27.36487930855722,27.439189910888672,0.0
1994-06-08,27.504210668700548,27.504210668700548,27.21625709533692,27.21625709533692,0.0
1994-06-09,27.33699979413065,27.364866256713867,27.28126686896423,27.364866256713867,0.0
1994-06-10,27.392743990648324,27.46705458811363,27.392743990648324,27.41132164001465,0.0
1994-06-13,27.37417190087023,27.45777133999742,27.364883074300543,27.44848251342773,0.0
1994-06-14,27.532079167619017,27.67141155207053,27.532079167619017,27.66212272644043,0.0
1994-06-15,27.671408176100584,27.68069700059743,27.53207580864792,27.5506534576416,0.0
1994-06-16,27.55064372066533,27.62495429037718,27.5227772570234,27.60637664794922,0.0
1994-06-17,27.62058421376616,27.648634908634573,27.414879118064444,27.452280044555664,0.0
1994-06-20,27.255929680224423,27.30268084605672,27.19047804805922,27.2185287475586,0.0
1994-06-21,27.199840539706223,27.199840539706223,26.872582231390748,26.98478507995605,0.0
1994-06-22,27.059569087899224,27.181122093477207,27.031518394304303,27.08761978149414,0.0
1994-06-23,27.134379851818085,27.171780788898467,26.891273760795592,26.928674697875977,0.0
1994-06-24,26.79777905078645,26.79777905078645,26.33026720412234,26.36766815185547,0.0
1994-06-27,26.4705233289706,26.82583236694336,26.33961999919116,26.82583236694336,0.0
1994-06-28,26.835173104147568,26.835173104147568,26.47986419196722,26.69491958618164,0.0
1994-06-29,26.73233015510624,26.938035388898584,26.70427944140728,26.77908134460449,0.0
1994-06-30,26.825824680583043,26.835174915745323,26.517266920227783,26.610769271850582,0.0
1994-07-01,26.74168538579098,26.74168538579098,26.55468059288335,26.66688346862793,0.0
1994-07-05,26.72296726824225,26.84452030340221,26.63881516697767,26.80711936950684,0.0
1994-07-06,26.70426843918332,26.81647124775132,26.610766098709984,26.76972007751465,0.0
1994-07-07,26.76971516551142,26.88191795349121,26.741664468516472,26.88191795349121,0.0
1994-07-08,26.71361986663329,26.919325024864285,26.70426963216825,26.872573852539062,0.0
1994-07-11,26.89128419940032,26.938035388898584,26.64817801400936,26.77908134460449,0.0
1994-07-12,26.78842230321972,26.82582324186296,26.638818548646764,26.81647300720215,0.0
1994-07-13,26.82582309110796,26.947376141015383,26.82582309110796,26.863224029541016,0.0
1994-07-14,26.994124109751592,27.209179480213763,26.97542364275488,27.15307807922364,0.0
1994-07-15,27.134384823666178,27.21853694751628,27.12503458768284,27.16243553161621,0.0
1994-07-18,27.16243918245191,27.274642029332952,27.16243918245191,27.209190368652344,0.0
1994-07-19,27.25593064770554,27.265280881203893,27.15307807922364,27.15307807922364,0.0
1994-07-20,27.171778158678062,27.171778158678062,26.96607302464816,27.031524658203125,0.0
1994-07-21,27.031518394304303,27.10632024389076,26.975417007114466,27.08761978149414,0.0
1994-07-22,27.153080809453204,27.17178127833024,27.078278933945068,27.13438034057617,0.0
1994-07-25,27.14374226860892,27.19984369940866,27.115691553209047,27.17179298400879,0.0
1994-07-26,27.16242872350511,27.181129190784628,27.115677555306306,27.143728256225582,0.0
1994-07-27,27.143728256225582,27.143728256225582,27.031525452548458,27.143728256225582,0.0
1994-07-28,27.143744831603183,27.274648182496207,27.143744831603183,27.199846267700195,0.0
1994-07-29,27.38685042652003,27.55515473095068,27.377500187385,27.47100257873535,0.0
1994-08-01,27.48968585719907,27.62058912318573,27.461635157344787,27.60188865661621,0.0
1994-08-02,27.69539890108637,27.75150031682119,27.54579512579354,27.63929748535156,0.0
1994-08-03,27.629944930658738,27.66734587134321,27.583193754803137,27.648645401000977,0.0
1994-08-04,27.62995005627068,27.6580007669877,27.480346265779872,27.489696502685547,0.0
1994-08-05,27.34944517701966,27.433597316025875,27.32139446401759,27.396196365356445,0.0
1994-08-08,27.42424608437756,27.4896977456768,27.39619537239217,27.461647033691406,0.0
1994-08-09,27.35879236269289,27.50839614868164,27.35879236269289,27.50839614868164,0.0
1994-08-10,27.527090184372884,27.63929299762441,27.48968924662238,27.611242294311523,0.0
1994-08-11,27.545797095178827,27.66735017129469,27.368142599317185,27.50839614868164,0.0
1994-08-12,27.555147355000848,27.73280185101205,27.555147355000848,27.723451614379883,0.0
1994-08-15,27.751500828546067,27.816952481443582,27.714099884033203,27.714099884033203,0.0
1994-08-16,27.732799316610723,27.93850450371977,27.620596487278515,27.91045379638672,0.0
1994-08-17,27.94785747790233,27.966557951290017,27.87305558435157,27.89175605773925,0.0
1994-08-18,27.79825210571289,27.86370375883768,27.77020139723084,27.79825210571289,0.0
1994-08-19,27.80760507830784,27.83565578955025,27.71410270749981,27.77955436706543,0.0
1994-08-22,27.78889438855359,27.78889438855359,27.695392052118347,27.75149345397949,0.0
1994-08-23,27.873052853275983,28.041357097274293,27.835651910165247,27.91045379638672,0.0
1994-08-24,27.938508422871795,28.20966529846192,27.92915818578248,28.20966529846192,0.0
1994-08-25,28.18160453180254,28.247056168074145,28.060051493012416,28.13485336303711,0.0
1994-08-26,28.200319587637527,28.59302960842028,28.200319587637527,28.536928176879883,0.0
1994-08-29,28.611717524294,28.71457010362969,28.508864944958297,28.51821517944336,0.0
1994-08-30,28.50885976101543,28.639763020003365,28.471458829876017,28.5930118560791,0.0
1994-08-31,28.54626588289855,28.65846869671931,28.480814241503104,28.51821517944336,0.0
1994-09-01,28.424713134765625,28.44341360393324,28.32186055434377,28.424713134765625,0.0
1994-09-02,28.55561604419477,28.55561604419477,28.256408541439622,28.30315971374512,0.0
1994-09-06,28.284458833767527,28.3405602397188,28.20030672484061,28.312509536743164,0.0
1994-09-07,28.37795667411867,28.37795667411867,28.25640364717846,28.284454345703125,0.0
1994-09-08,28.340561023511384,28.46211407310084,28.33121078892758,28.424713134765625,0.0
1994-09-09,28.144196373351075,28.200297761470715,28.01329313440526,28.12549591064453,0.0
1994-09-12,28.12549577072566,28.16289669595269,27.994592532431056,28.041343688964844,0.0
1994-09-13,28.09744521658472,28.200297761470715,28.04134382846508,28.12549591064453,0.0
1994-09-14,28.03199617556265,28.190950123189257,28.03199617556265,28.153549194335938,0.0
1994-09-15,28.22836776075304,28.50887489318848,28.22836776075304,28.50887489318848,0.0
1994-09-16,28.29656976336615,28.381233702152816,28.20249872026985,28.30597686767578,0.0
1994-09-19,28.371818775516424,28.494111097824685,28.30596906350428,28.334190368652344,0.0
1994-09-20,28.18368397565864,28.211905288050826,27.797992706298828,27.797992706298828,0.0
1994-09-21,27.88265664347537,27.88265664347537,27.534593790638464,27.797992706298828,0.0
1994-09-22,27.86385052757315,27.86385052757315,27.70392971090578,27.73215103149414,0.0
1994-09-23,27.74156260376808,27.798005254030063,27.591048869736102,27.638084411621094,0.0
1994-09-26,27.74155591699256,27.79799855364972,27.6851132803354,27.779184341430664,0.0
1994-09-27,27.779188284103203,27.854445143660545,27.694524317101195,27.760374069213867,0.0
1994-09-28,27.910888222936183,28.01436640643881,27.892074007753887,27.97673797607422,0.0
1994-09-29,27.97672168980502,27.97672168980502,27.750951239046675,27.83561515808105,0.0
1994-09-30,27.826214018691008,27.95791347652119,27.797992706298828,27.797992706298828,0.0
1994-10-03,27.81681499325921,27.845036313847576,27.68511549718021,27.73215103149414,0.0
1994-10-04,27.873244912171167,27.873244912171167,27.29941165545755,27.318225860595703,0.0
1994-10-05,27.271182675123622,27.327625274658203,27.092447776597464,27.327625274658203,0.0
1994-10-06,27.346447642995507,27.365261848460246,27.19593399927761,27.242969512939453,0.0
1994-10-07,27.242978239928213,27.44052746059068,27.21475692269072,27.365270614624023,0.0
1994-10-10,27.48755538317622,27.70391875545995,27.478148280033448,27.656883239746094,0.0
1994-10-11,27.7791729817122,28.14604996995696,27.7791729817122,28.07079315185547,0.0
1994-10-12,28.10843086242676,28.146059283929336,28.042581124797245,28.10843086242676,0.0
1994-10-13,28.42826797582055,28.49411770309744,28.174276170609712,28.202497482299805,0.0
1994-10-14,28.29657535812697,28.33420378280533,28.10843323473517,28.324796676635746,0.0
1994-10-17,28.296573825525165,28.334202248165493,28.240131191564675,28.26835250854492,0.0
1994-10-18,28.2401258978866,28.2401258978866,28.108426443332828,28.202497482299805,0.0
1994-10-19,28.09901282575184,28.43766848752856,28.089605724035824,28.334190368652344,0.0
1994-10-20,28.33419922201391,28.33419922201391,28.0613931870078,28.14605712890625,0.0
1994-10-21,28.07079911712032,28.1084275341674,27.91087834467024,28.03317070007324,0.0
1994-10-24,28.04257741369773,28.15546266326646,27.7885856021681,27.797992706298828,0.0
1994-10-25,27.703923382736523,27.882658372302565,27.69451627802252,27.826215744018555,0.0
1994-10-26,27.92968940734864,27.95791071695525,27.79798996251776,27.92968940734864,0.0
1994-10-27,28.033156955286056,28.09900665283203,27.967307257740085,28.09900665283203,0.0
1994-10-28,28.15546449379843,28.719890778338325,28.15546449379843,28.691669464111328,0.0
1994-10-31,28.62582613551801,28.654047456059107,28.57879060128285,28.588197708129883,0.0
1994-11-01,28.46590172740663,28.46590172740663,28.25894540288484,28.26835250854492,0.0
1994-11-02,28.18368770543192,28.437679550574327,28.10843086242676,28.10843086242676,0.0
1994-11-03,28.202500927464147,28.30597908296852,28.164872507280737,28.25894355773925,0.0
1994-11-04,28.390633824623457,28.390633824623457,27.89205741882324,27.89205741882324,0.0
1994-11-07,27.957923760891923,28.05199483680341,27.88266690016274,27.97673797607422,0.0
1994-11-08,28.07080378514908,28.287167219149897,28.02376825601847,28.193096160888672,0.0
1994-11-09,28.49413093068773,28.49413093068773,27.99555419271267,28.24013900756836,0.0
1994-11-10,28.25894498521152,28.31538761833777,28.02376734718545,28.04258155822754,0.0
1994-11-11,28.00495382045656,28.03317513770929,27.863847234192924,27.939104080200195,0.0
1994-11-14,28.06139092384934,28.211904586196503,28.06139092384934,28.202497482299805,0.0
1994-11-15,28.17428060005627,28.353015602193523,27.892067438786928,28.10843086242676,0.0
1994-11-16,28.15546196281632,28.202497482299805,28.06139092384934,28.202497482299805,0.0
1994-11-17,28.221316750694875,28.221316750694875,27.901475160853668,28.014360427856445,0.0
1994-11-18,28.02377351402996,28.0708090519857,27.854445577389296,27.97673797607422,0.0
1994-11-21,27.957912224790324,28.042576158176296,27.69451332092285,27.69451332092285,0.0
1994-11-22,27.59103910724322,27.69451726277669,27.09246253967285,27.09246253967285,0.0
1994-11-23,27.11127007468629,27.25237661567182,26.85727830091234,27.242969512939453,0.0
1994-11-25,27.261784791454826,27.41229844109709,27.261784791454826,27.374670028686523,0.0
1994-11-28,27.36526784854436,27.506374420468788,27.299418114979627,27.496967315673828,0.0
1994-11-29,27.4875602722168,27.54400290111252,27.39348922405726,27.4875602722168,0.0
1994-11-30,27.6286670914899,27.66629551109016,27.449932098388672,27.449932098388672,0.0
1994-12-01,27.47815135772272,27.47815135772272,27.12068139825902,27.1771240234375,0.0
1994-12-02,27.1206854341452,27.43111991882324,27.1206854341452,27.43111991882324,0.0
1994-12-05,27.487564275100567,27.581635336959227,27.393493213241907,27.45934295654297,0.0
1994-12-06,27.355860865879286,27.48756033359673,27.30882534169449,27.47815322875977,0.0
1994-12-07,27.308824722684665,27.39348866429822,27.25238209494229,27.28060340881348,0.0
1994-12-08,27.39349040081906,27.431118821699307,26.94194935025611,27.0172061920166,0.0
1994-12-09,27.01721311550028,27.13950551469997,26.904327823931336,27.12069129943848,0.0
1994-12-12,27.064236099353582,27.29941368103028,27.064236099353582,27.29941368103028,0.0
1994-12-13,27.280591224175403,27.412290630085213,27.280591224175403,27.40288352966309,0.0
1994-12-14,27.365263753901413,27.66629106229772,27.365263753901413,27.54399871826172,0.0
1994-12-15,27.58163801796549,27.713337517369144,27.58163801796549,27.6286735534668,0.0
1994-12-16,27.716202206298952,27.820505396264497,27.687755881762893,27.763612747192383,0.0
1994-12-19,27.76361765737911,27.820510316513083,27.67827866867815,27.80154609680176,0.0
1994-12-20,27.82999090898783,27.848955127665167,27.716205596923828,27.716205596923828,0.0
1994-12-21,27.73516407348695,28.07651993900679,27.73516407348695,28.01014518737793,0.0
1994-12-22,28.010157041436344,28.03860337560165,27.896371704775127,27.92481803894043,0.0
1994-12-23,27.90585558385344,28.019640927722367,27.90585558385344,27.953266143798828,0.0
1994-12-27,28.04807637481072,28.161861674505687,28.029112158194888,28.104969024658203,0.0
1994-12-28,28.133431342465467,28.133431342465467,27.89637850001126,27.96275329589844,0.0
1994-12-29,28.067051348788016,28.067051348788016,27.95326600548212,27.9817123413086,0.0
1994-12-30,28.038602136290123,28.06704846919809,27.64983558654785,27.64983558654785,0.0
1995-01-03,27.735166972814568,27.82050594811553,27.7256848644478,27.78257751464844,0.0
1995-01-04,27.905846870463822,27.915328979492184,27.763615235038426,27.915328979492188,0.0
1995-01-05,27.934293197548907,27.981703742690705,27.886882652407103,27.915328979492188,0.0
1995-01-06,27.972223413245413,28.06704450956149,27.85843809766611,27.943777084350582,0.0
1995-01-09,27.934311986373643,27.972240447998047,27.91534775556144,27.972240447998047,0.0
1995-01-10,28.038607467201818,28.15239282046744,28.00067901611328,28.00067901611328,0.0
1995-01-11,28.09549112465176,28.09549112465176,27.80154572307761,28.01963424682617,0.0
1995-01-12,27.99118342935152,28.048076078598168,27.934290780104867,28.029111862182617,0.0
1995-01-13,28.180826646912585,28.360986709594727,28.14289821266371,28.360986709594727,0.0
1995-01-16,28.351507627437105,28.54114981892498,28.351507627437105,28.531667709350582,0.0
1995-01-17,28.474768665225007,28.56010763225365,28.43684023543449,28.5411434173584,0.0
1995-01-18,28.522173603388968,28.56958413132013,28.4463167586991,28.51269149780273,0.0
1995-01-19,28.41787621743703,28.446322539977007,28.3325372498171,28.35150146484375,0.0
1995-01-20,28.31355756239108,28.32303966472276,28.190290232079267,28.247182846069336,0.0
1995-01-23,28.057561251373496,28.3325424194336,28.038597032886592,28.3325424194336,0.0
1995-01-24,28.323065214616093,28.37047576904297,28.304100992845346,28.37047576904297,0.0
1995-01-25,28.22823680814108,28.55062849489848,28.22823680814108,28.446325302124023,0.0
1995-01-26,28.4273780952324,28.512717122202748,28.37048541058551,28.474788665771484,0.0
1995-01-27,28.66442462990731,28.66442462990731,28.474782389550658,28.58856773376465,0.0
1995-01-30,28.531676300679106,28.55064052553832,28.427373063953457,28.465301513671875,0.0
1995-01-31,28.522195533798005,28.626498775444205,28.474784969413367,28.57908821105957,0.0
1995-02-01,28.61699442035765,28.72129758093549,28.52217336528688,28.569583892822266,0.0
1995-02-02,28.560118136253347,28.74027824401856,28.560118136253347,28.740278244018555,0.0
1995-02-03,28.92043011950144,29.195411258342595,28.873019578321923,29.14800071716309,0.0
1995-02-06,29.13851742733633,29.35660590791841,29.110071103782147,29.27126693725586,0.0
1995-02-07,29.31867094851357,29.31867094851357,29.21436778537204,29.30918884277344,0.0
1995-02-08,29.27126041981288,29.413492005914986,29.252296208332595,29.30918884277344,0.0
1995-02-09,29.26177831407273,29.30918884277344,29.204885679631897,29.30918884277344,0.0
1995-02-10,29.271259626471743,29.34711647033692,29.18592067712343,29.34711647033692,0.0
1995-02-13,29.32815539559653,29.41349435407061,29.32815539559653,29.35660171508789,0.0
1995-02-14,29.451423891129032,29.451423891129032,29.280745967741936,29.39453125,0.0
1995-02-15,29.394531188808195,29.593655432345283,29.36608486830289,29.555727005004883,0.0
1995-02-16,29.5178165435791,29.546262881398164,29.43247753012192,29.5178165435791,0.0
1995-02-17,29.489351639782985,29.50831585305616,29.39453057341712,29.40401268005371,0.0
1995-02-21,29.40401335685484,29.451423891129032,29.385049143145164,29.39453125,0.0
1995-02-22,29.422990530834262,29.612632751464844,29.404026308771208,29.612632751464844,0.0
1995-02-23,29.726405113249484,29.830708289085447,29.65054825809606,29.660030364990234,0.0
1995-02-24,29.69796290932869,29.745373450371684,29.62210604365991,29.73589134216309,0.0
1995-02-27,29.65056365787772,29.73590266424833,29.45143930967963,29.49884986877441,0.0
1995-02-28,29.470399199301244,29.745380401611325,29.470399199301244,29.745380401611328,0.0
1995-03-01,29.71692282120157,29.75485124854197,29.527280684499587,29.555727005004883,0.0
1995-03-02,29.54623648250229,29.593647003173828,29.46089754529352,29.593647003173828,0.0
1995-03-03,29.49884049515171,29.6031436920166,29.42298362470452,29.6031436920166,0.0
1995-03-06,29.404010486358565,29.62209892272949,29.366082062641883,29.62209892272949,0.0
1995-03-07,29.517798639112904,29.584173387096776,29.26178175403226,29.39453125,0.0
1995-03-08,29.441951619151936,29.508326389307832,29.33764840890695,29.47039794921875,0.0
1995-03-09,29.460901260375977,29.48934757636604,29.38504441773581,29.460901260375977,0.0
1995-03-10,29.48936397069755,29.972951611374583,29.45143552829151,29.8970947265625,0.0
1995-03-13,29.87813254765102,29.97295366014753,29.84020410265241,29.868650436401367,0.0
1995-03-14,29.953985232868067,30.12466321140293,29.953985232868067,30.08673477172852,0.0
1995-03-15,30.03931494695665,30.08672548191081,29.91604755607583,30.02983283996582,0.0
1995-03-16,30.001428677163183,30.228999564727,30.001428677163183,30.21003532409668,0.0
1995-03-17,30.163764775626145,30.27816590625431,30.14469792052145,30.24003219604492,0.0
1995-03-20,30.27816590625431,30.27816590625431,30.18283163073084,30.24003219604492,0.0
1995-03-21,30.240043847509643,30.430712472021053,30.116109241577227,30.16377639770508,0.0
1995-03-22,30.22096592957641,30.22096592957641,30.097031368981938,30.192365646362305,0.0
1995-03-23,30.15423664997037,30.29723808839893,30.116102933056087,30.2114372253418,0.0
1995-03-24,30.30678507372245,30.640455245971683,30.30678507372245,30.64045524597168,0.0
1995-03-27,30.68813679319511,30.764404296875,30.611869289515223,30.764404296875,0.0
1995-03-28,30.68813679319511,30.764404296875,30.650003041355166,30.764404296875,0.0
1995-03-29,30.73577208734785,31.050375213552098,30.58323723827913,30.754838943481445,0.0
1995-03-30,30.8215951001422,30.8215951001422,30.573725792191784,30.697660446166992,0.0
1995-03-31,30.459340633467274,30.611875672633307,30.230538074718226,30.5737419128418,0.0
1995-04-03,30.56419488245369,30.649995803833004,30.545128011036063,30.649995803833008,0.0
1995-04-04,30.65951296661339,30.850181579589844,30.65951296661339,30.850181579589844,0.0
1995-04-05,30.783447565048085,30.87878187153631,30.76438070375044,30.850181579589844,0.0
1995-04-06,30.92646205601434,30.993196098675284,30.869261448019245,30.96459579467773,0.0
1995-04-07,31.03132562093632,31.03132562093632,30.79298978667413,30.935991287231445,0.0
1995-04-10,30.88832490299709,30.99319267272949,30.869258035773026,30.99319267272949,0.0
1995-04-11,31.06945613813989,31.07898957052349,30.869254058084373,30.88832092285156,0.0
1995-04-12,30.935992071057274,30.99319267272949,30.878791469385057,30.99319267272949,0.0
1995-04-13,31.050386115512048,31.174320723894503,31.03131925268398,31.16478729248047,0.0
1995-04-17,31.27917115901067,31.30777143742488,30.88830068734976,30.98363494873047,0.0
1995-04-18,31.01227712145408,31.01227712145408,30.80254146308581,30.878808975219727,0.0
1995-04-19,30.87878187153631,30.94551588607807,30.68811325855986,30.850181579589844,0.0
1995-04-20,30.935997128744106,30.983664304597333,30.77392873084313,30.897863388061523,0.0
1995-04-21,30.907390651872703,31.059925584145983,30.907390651872703,31.050392150878903,0.0
1995-04-24,31.03131763996593,31.412654876708984,31.03131763996593,31.412654876708984,0.0
1995-04-25,31.364963604630454,31.412630722570626,31.307763063102254,31.32682991027832,0.0
1995-04-26,31.26965832152096,31.37452607808703,31.19339086220017,31.35545921325684,0.0
1995-04-27,31.307799434459387,31.45080095440972,31.28873256513268,31.431734085083008,0.0
1995-04-28,31.42220383568434,31.527071627611686,31.22200168745941,31.47940444946289,0.0
1995-05-01,31.450808715356946,31.51754277446804,31.39360809326172,31.39360809326172,0.0
1995-05-02,31.422204848780776,31.508005772214947,31.355470797220864,31.460338592529297,0.0
1995-05-03,31.565204049752847,31.89887428283692,31.565204049752847,31.89887428283692,0.0
1995-05-04,31.937003306794963,32.14673885089929,31.80353523327403,31.879802703857425,0.0
1995-05-05,32.01325171579144,32.01325171579144,31.77491601213009,31.84165000915528,0.0
1995-05-08,31.813047288856097,32.175317530683046,31.7844470066066,32.07044982910156,0.0
1995-05-09,32.20392698533689,32.242060705864226,31.99419152243653,32.0418586730957,0.0
1995-05-10,32.12767663646772,32.13721007167141,31.927474497190023,32.08000946044922,0.0
1995-05-11,32.12767208124239,32.16580581665039,32.02280430887038,32.16580581665039,0.0
1995-05-12,32.0418625747988,32.261131494531135,32.03232914350609,32.18486404418945,0.0
1995-05-15,32.27067212451179,32.337406158447266,32.203938090576315,32.337406158447266,0.0
1995-05-16,32.327871716015466,32.43273948035524,32.270671117284685,32.35647201538086,0.0
1995-05-17,32.35647477175632,32.36600820569025,32.203939828813446,32.232540130615234,0.0
1995-05-18,32.17533370312236,32.19440056753903,31.765396118164062,31.765396118164062,0.0
1995-05-19,31.71772604841062,31.84166065575337,31.67005889174033,31.784460067749023,0.0
1995-05-22,31.88933773940411,32.18487420275883,31.87027087080058,32.13720703125,0.0
1995-05-23,32.19442615139001,32.432762145996094,32.099091753547576,32.432762145996094,0.0
1995-05-24,32.48993322035846,32.59480096256032,32.213463718189914,32.413665771484375,0.0
1995-05-25,32.31833375834942,32.4708686669434,32.16579884975544,32.44226837158203,0.0
1995-05-26,32.31831894193053,32.32785236934703,31.94651527268708,32.07044982910156,0.0
1995-05-30,32.146744523061166,32.2325454426067,31.95607581295997,32.060943603515625,0.0
1995-05-31,32.00373812552412,32.72827911376953,32.00373812552412,32.72827911376953,0.0
1995-06-01,32.58527072122164,32.89034054658124,32.489936400796765,32.64247131347656,0.0
1995-06-02,32.509016944745,32.89988782296628,32.394615712094875,32.671085357666016,0.0
1995-06-05,32.67105580593206,32.97612548372308,32.64245552363916,32.87125778198242,0.0
1995-06-06,32.84269104026072,32.957092286264526,32.814090728759766,32.814090728759766,0.0
1995-06-07,32.747339065943926,32.766405930028895,32.60433758530662,32.64247131347656,0.0
1995-06-08,32.63292662823786,32.728260915787494,32.566192626953125,32.566192626953125,0.0
1995-06-09,32.49946101113399,32.53759472895286,32.18485783912829,32.375526428222656,0.0
1995-06-12,32.48042271336211,32.69015834579356,32.46135583768652,32.55669021606445,0.0
1995-06-13,32.70921028088584,32.92847925099962,32.680609980436216,32.9094123840332,0.0
1995-06-14,32.861720043391415,32.91892060047304,32.75685235540844,32.88078689575195,0.0
1995-06-15,32.92847320829748,33.09054154777086,32.87127261789511,33.023807525634766,0.0
1995-06-16,32.958840345328575,33.12186050415039,32.958840345328575,33.12186050415039,0.0
1995-06-19,33.21775260027589,33.51502463567096,33.19857375928265,33.495845794677734,0.0
1995-06-20,33.399945035730795,33.51501805910971,33.38076619850097,33.4095344543457,0.0
1995-06-21,33.51502807985292,33.54379634429914,33.39036560058594,33.39036560058594,0.0
1995-06-22,33.53417202999262,33.85062260962938,33.53417202999262,33.831443786621094,0.0
1995-06-23,33.754750029399496,33.77392886464347,33.65885585317961,33.764339447021484,0.0
1995-06-26,33.6684527713768,33.725989289926574,33.36159133911133,33.36159133911133,0.0
1995-06-27,33.35200444893903,33.57256112010798,33.275289085054176,33.29446792602539,0.0
1995-06-28,33.294461995209524,33.60132339608703,33.18897838865788,33.467071533203125,0.0
1995-06-29,33.46707096603516,33.55337573356935,33.179388407587865,33.4095344543457,0.0
1995-06-30,33.476670393924614,33.59174345170952,33.32323965021141,33.39036560058594,0.0
1995-07-03,33.42871369456017,33.515018463134766,33.42871369456017,33.515018463134766,0.0
1995-07-05,33.610910700555536,33.79310964586526,33.53419535516198,33.639678955078125,0.0
1995-07-06,33.64927447764866,34.07120895385742,33.582148538251815,34.07120895385742,0.0
1995-07-07,34.004071862799805,34.2342178652553,33.98489302926185,34.22462844848633,0.0
1995-07-10,34.25340197928244,34.33970674350795,34.18627605155148,34.24381256103516,0.0
1995-07-11,34.2150356655518,34.243803913028444,34.03283676486641,34.08078384399414,0.0
1995-07-12,34.14789637384844,34.56024109276882,34.08077048937303,34.50270462036133,0.0
1995-07-13,34.45478602119807,34.531501381111674,34.387660081273665,34.42601776123047,0.0
1995-07-14,34.243824199743514,34.426023208367184,34.21505593522399,34.397254943847656,0.0
1995-07-17,34.445205142764394,34.62740416774004,34.416436875662974,34.589046478271484,0.0
1995-07-18,34.53149878738711,34.53149878738711,34.2629950478573,34.29176330566406,0.0
1995-07-19,34.15751735308698,34.195875036807465,33.26570120658583,33.917781829833984,0.0
1995-07-20,33.95613373340016,34.10956444216446,33.77393476674255,34.04243850708008,0.0
1995-07-21,34.01367114562472,34.13833359978123,33.86982985236721,34.00408172607422,0.0
1995-07-24,34.052017337931495,34.2917527458302,34.052017337931495,34.253395080566406,0.0
1995-07-25,34.29174586765367,34.560249470644244,34.186262309335945,34.51230239868164,0.0
1995-07-26,34.49313662871636,34.65615673510729,34.47395779267036,34.48354721069336,0.0
1995-07-27,34.64658156351299,34.80001231497056,34.64658156351299,34.771244049072266,0.0
1995-07-28,34.7999916320174,34.7999916320174,34.5218985602818,34.55066680908203,0.0
1995-07-31,34.57945906140769,34.60822733017758,34.38767060294175,34.464385986328125,0.0
1995-08-01,34.51231725239833,34.51231725239833,34.215045278287654,34.40683364868164,0.0
1995-08-02,34.60820170141465,34.85752651278533,34.27257214764643,34.330108642578125,0.0
1995-08-03,34.09037630795833,34.33970114171555,34.03283980786051,34.32052230834961,0.0
1995-08-04,34.387674063901606,34.41644233556689,34.320548096682614,34.35890579223633,0.0
1995-08-07,34.43560028076172,34.54108387950535,34.416421444626515,34.43560028076172,0.0
1995-08-08,34.45477911689692,34.560262715640555,34.33011668201809,34.43560028076172,0.0
1995-08-09,34.55068022109008,34.55068022109008,34.39724950126286,34.42601776123047,0.0
1995-08-10,34.464361935205,34.5410772650552,34.205447696960555,34.34928894042969,0.0
1995-08-11,34.3205404640382,34.35889815106143,34.01367896785233,34.15752029418945,0.0
1995-08-14,34.2438292590923,34.464385986328125,34.16711387570593,34.464385986328125,0.0
1995-08-15,34.45479147288671,34.45479147288671,34.15751940618493,34.397254943847656,0.0
1995-08-16,34.36847492267862,34.49313735961914,34.33011724977384,34.49313735961914,0.0
1995-08-17,34.51231562530254,34.51231562530254,34.31093784588288,34.43560028076172,0.0
1995-08-18,34.60821657034883,34.61780599029074,34.445196431336385,34.47396469116211,0.0
1995-08-21,34.617794808317264,34.7616360609834,34.368469970362625,34.37805938720703,0.0
1995-08-22,34.42601159314536,34.50272693931393,34.25340206426608,34.4451904296875,0.0
1995-08-23,34.47395297527713,34.49313180864307,34.32052230834961,34.32052230834961,0.0
1995-08-24,34.33013752057104,34.42603175945532,34.21506443390991,34.35890579223633,0.0
1995-08-25,34.4164149813476,34.6082033066825,34.4164149813476,34.55066680908203,0.0
1995-08-28,34.646574420982084,34.646574420982084,34.368481241295264,34.42601776123047,0.0
1995-08-29,34.46435532671904,34.52189181307416,34.224619966906026,34.51230239868164,0.0
1995-08-30,34.54109936643579,34.62740416774004,34.50274167696723,34.589046478271484,0.0
1995-08-31,34.57944780175375,34.67534199976195,34.5506795423513,34.61780548095703,0.0
1995-09-01,34.6082238756486,34.82878058086886,34.579455609750305,34.771244049072266,0.0
1995-09-05,34.87671434475424,35.116449802169384,34.81917783497461,35.09727096557617,0.0
1995-09-06,35.12604813982753,35.20276350568028,35.11645871909594,35.164405822753906,0.0
1995-09-07,35.202764962862545,35.221943805119615,35.13563901496278,35.18358612060547,0.0
1995-09-08,35.31783676147461,35.31783676147461,35.08769066256736,35.31783676147461,0.0
1995-09-11,35.37536912799818,35.48085274426491,35.37536912799818,35.413726806640625,0.0
1995-09-12,35.42330957911407,35.57674026489258,35.33700481836365,35.57674026489258,0.0
1995-09-13,35.53839115831658,35.78771608279479,35.528801738144345,35.739768981933594,0.0
1995-09-14,35.86443332305965,36.09457941925041,35.768539116313505,36.06581115722656,0.0
1995-09-15,36.03658121690393,36.142627871100274,35.9112533528537,36.05586242675781,0.0
1995-09-18,35.93055049079244,35.949831709193724,35.74737891598024,35.9209098815918,0.0
1995-09-19,35.988374742687256,36.11370259472448,35.86304689065004,36.09442138671875,0.0
1995-09-20,36.15225711317534,36.2679443359375,36.1233353074848,36.2679443359375,0.0
1995-09-21,36.219752866632014,36.24867468153749,35.82448806292376,35.96909713745117,0.0
1995-09-22,35.679859215551375,36.01728020245878,35.6509374166736,35.97871780395508,0.0
1995-09-25,36.017315973598215,36.017315973598215,35.79558196198345,35.9209098815918,0.0
1995-09-26,36.02694214686451,36.11370759490352,35.82448943477349,35.9112548828125,0.0
1995-09-27,35.757007784384804,35.90161687491211,35.53527384557627,35.8823356628418,0.0
1995-09-28,35.91124855041504,36.15226364135742,35.88232673950195,36.15226364135742,0.0
1995-09-29,36.12333642611553,36.34507027660944,36.03657100635705,36.084774017333984,0.0
1995-10-02,36.08477131201297,36.171536725266535,35.81483447077964,35.9015998840332,0.0
1995-10-03,35.90161168421798,35.998017730631034,35.75700261459842,35.9401741027832,0.0
1995-10-04,35.95944349286892,35.95944349286892,35.85339687667011,35.9015998840332,0.0
1995-10-05,35.9401642540213,36.00764846801758,35.8437582340266,36.00764846801758,0.0
1995-10-06,36.02693471403413,36.14262195421834,36.02693471403413,36.03657531738281,0.0
1995-10-09,35.901599267630814,35.92088047024501,35.67022483626047,35.73770904541016,0.0
1995-10-10,35.371367901636035,35.71842956542969,35.332805494547856,35.71842956542969,0.0
1995-10-11,35.84375467574946,35.84375467574946,35.70878626115546,35.83411407470703,0.0
1995-10-12,35.863050328219,36.07514363661169,35.863050328219,36.05586242675781,0.0
1995-10-13,36.21974231744372,36.3161483390499,36.17153930664063,36.17153930664063,0.0
1995-10-16,36.065492943639605,36.13297715925187,35.998008728027344,35.998008728027344,0.0
1995-10-17,36.03655728814322,36.27757225127954,35.969073098465046,36.23900985717773,0.0
1995-10-18,36.41255027811471,36.46075328351332,36.22937885759996,36.34506607055664,0.0
1995-10-19,36.32580739618481,36.51861953735352,36.27760436089263,36.51861953735352,0.0
1995-10-20,36.48969475491588,36.51861657374409,36.29688262939453,36.29688262939453,0.0
1995-10-23,36.12333580100349,36.28722603548896,36.12333580100349,36.21974182128906,0.0
1995-10-24,36.26794901378482,36.306511426346,36.17154298238189,36.25830841064453,0.0
1995-10-25,36.28722257639704,36.33542558194485,35.959442138671875,35.959442138671875,0.0
1995-10-26,36.017299916321065,36.04622173102904,35.34245757313518,35.631675720214844,0.0
1995-10-27,35.5931006369094,35.9015998840332,35.42921041187488,35.9015998840332,0.0
1995-10-30,35.988356102746984,36.152246285909776,35.988356102746984,36.13296508789063,0.0
1995-10-31,36.22937339422915,36.30649819123655,35.97871780395508,35.97871780395508,0.0
1995-11-01,35.9594450752384,36.2679443359375,35.93052326954786,36.2679443359375,0.0
1995-11-02,36.21009912505959,36.49931716918945,36.21009912505959,36.49931716918945,0.0
1995-11-03,36.54751968383789,36.55716028517892,36.44147306908658,36.54751968383789,0.0
1995-11-06,36.53789031562381,36.53789031562381,36.41256245965993,36.42220306396485,0.0
1995-11-07,36.402911033184445,36.402911033184445,36.17153659865149,36.28722381591797,0.0
1995-11-08,36.335420470918216,36.63427906327652,36.335420470918216,36.61499786376953,0.0
1995-11-09,36.75964060860441,36.75964060860441,36.57646904512067,36.75,0.0
1995-11-10,36.547507195460206,36.77888154858367,36.53786659741339,36.73067855834961,0.0
1995-11-13,36.66322448337573,36.807833572844736,36.59574024162352,36.69214630126953,0.0
1995-11-14,36.6246569819376,36.70178181896195,36.45112609863281,36.45112609863281,0.0
1995-11-15,36.48967485710038,36.8270958927671,36.47039365506229,36.81745529174805,0.0
1995-11-16,36.81746765971184,37.05848276615143,36.807827055454254,37.01992034912109,0.0
1995-11-17,37.07777266338978,37.145256909006974,37.02956963080607,37.13561630249024,0.0
1995-11-20,37.19346586796834,37.20310647602121,36.93316945054088,36.94281005859375,0.0
1995-11-21,36.98135334501728,37.24164962768555,36.97171274195549,37.24164962768555,0.0
1995-11-22,37.2127267287261,37.25128913984396,37.12596130371094,37.12596130371094,0.0
1995-11-24,37.164511291575046,37.222354888916016,37.13558949290456,37.222354888916016,0.0
1995-11-27,37.299497932303694,37.4151851835799,37.23201370239258,37.23201370239258,0.0
1995-11-28,37.20309079869295,37.62727737426758,37.11632536277996,37.62727737426758,0.0
1995-11-29,37.69475432591943,37.69475432591943,37.540504691849165,37.66583251953125,0.0
1995-11-30,37.665828826184026,37.76223483802478,37.54050101079104,37.579063415527344,0.0
1995-12-01,37.62727737426758,37.68512099820957,37.54051193835458,37.62727737426758,0.0
1995-12-04,37.71405084909774,38.09003448486328,37.66584781887138,38.09003448486328,0.0
1995-12-05,38.05145349903025,38.37923394467683,38.02253169500261,38.34067153930664,0.0
1995-12-06,38.43710795515934,38.58171708967838,38.253936384768565,38.427467346191406,0.0
1995-12-07,38.37924432261444,38.4274473423615,38.19607284757559,38.22499465942383,0.0
1995-12-08,38.38888895793318,38.39852956289499,38.10931141404065,38.35032653808594,0.0
1995-12-11,38.42743290028674,38.591323105832366,38.35030809767703,38.514198303222656,0.0
1995-12-12,38.34066637897803,38.47563477960807,38.34066637897803,38.39850997924805,0.0
1995-12-13,38.44671815502905,38.68773318859869,38.44671815502905,38.639530181884766,0.0
1995-12-14,38.67810238830766,38.7455866148077,38.263556425521706,38.359962463378906,0.0
1995-12-15,38.41279754021532,38.41279754021532,38.238193915032525,38.37399673461914,0.0
1995-12-18,38.03449959017567,38.03449959017567,37.62709102532298,37.63679122924805,0.0
1995-12-19,37.65620727072076,38.08301642062074,37.6077062309594,38.034515380859375,0.0
1995-12-20,38.15088831773591,38.189689119482914,37.66587829589844,37.66587829589844,0.0
1995-12-21,37.88899059134387,37.976292412982914,37.714386948065794,37.85988998413086,0.0
1995-12-22,38.06361373188485,38.10241456137709,37.9569114507812,37.99571228027344,0.0
1995-12-26,38.150884448028194,38.19938544529241,38.073282852405455,38.17998504638672,0.0
1995-12-27,38.27700884401586,38.27700884401586,38.09270494942987,38.160606384277344,0.0
1995-12-28,38.082991033656,38.27699506337406,38.02478982474058,38.12179183959961,0.0
1995-12-29,38.16059169938937,38.19939250437096,38.02478888195382,38.170291900634766,0.0
1996-01-02,38.1217958653186,38.57770538330078,38.08299505527756,38.57770538330078,0.0
1996-01-03,38.70380286826054,38.8008048804617,38.490398441418,38.68440246582031,0.0
1996-01-04,38.73290841887269,38.878411455758005,38.00539323444608,38.315799713134766,0.0
1996-01-05,38.06360507773482,38.33521082242814,37.976303231226254,38.23820877075195,0.0
1996-01-08,38.37399349448835,38.43219469796837,38.32549249158834,38.38369369506836,0.0
1996-01-09,38.50011462532607,38.52921524106706,37.636796358343446,37.724098205566406,0.0
1996-01-10,37.67558706819297,37.7531886893427,37.025673491064,37.22937774658203,0.0
1996-01-11,37.28756168882207,37.45246505737305,37.11295812212102,37.45246505737305,0.0
1996-01-12,37.549494206766205,37.55919441193458,37.045083538010886,37.394290924072266,0.0
1996-01-15,37.40399038236978,37.53009304704064,37.16148525800276,37.316688537597656,0.0
1996-01-16,37.500992526626,37.80169888159895,37.1808857616548,37.77259826660156,0.0
1996-01-17,37.685293392199085,37.9471989061217,37.53009012468938,37.656192779541016,0.0
1996-01-18,37.80169563538304,37.81139583954916,37.48158889790096,37.78229522705078,0.0
1996-01-19,37.7823099741003,38.1315174603821,37.74350914229121,38.034515380859375,0.0
1996-01-22,38.005407702004895,38.13151038197581,37.93750625894363,38.04420852661133,0.0
1996-01-23,38.02479800484132,38.13150024414063,37.94719637626002,38.13150024414063,0.0
1996-01-24,38.18971584627131,38.5195228919338,38.170315431820576,38.44192123413086,0.0
1996-01-25,38.47102536404093,38.49042578026082,38.25762078562215,38.30612182617188,0.0
1996-01-26,38.276987392340295,38.655295174474425,38.22848639463079,38.63589477539063,0.0
1996-01-29,38.60680713925429,38.79111099243164,38.577706530857874,38.79111099243164,0.0
1996-01-30,38.86870541845691,39.19851225255413,38.82020441344262,39.12091064453125,0.0
1996-01-31,39.11121920532975,39.538028145070456,39.091818798977904,39.52832794189453,0.0
1996-02-01,39.489512887036014,39.6738166809082,39.46041228800357,39.6738166809082,0.0
1996-02-02,39.654429435027545,39.74173126108313,39.421624565545976,39.50892639160156,0.0
1996-02-05,39.44103989413002,39.887249396129526,39.382838654738784,39.82904815673828,0.0
1996-02-06,39.84842895949563,40.24613723294726,39.79022774874661,40.20733642578125,0.0
1996-02-07,40.19762335923914,40.440128326416016,40.15882256449084,40.440128326416016,0.0
1996-02-08,40.38195276101958,40.91546402737944,40.30435112227633,40.87666320800781,0.0
1996-02-09,40.85726985573741,41.20647729040183,40.672965931886736,40.86697006225586,0.0
1996-02-12,40.944555669454296,41.36166438629546,40.90575485858536,41.17736053466797,0.0
1996-02-13,41.00276316461752,41.400471536926325,40.97366255200957,41.090065002441406,0.0
1996-02-14,41.06097385854373,41.1967767486972,40.711766426720544,40.73116683959961,0.0
1996-02-15,40.64385779550143,40.9154635277864,40.43045329156323,40.47895431518555,0.0
1996-02-16,40.40135060513215,40.498352647401376,40.187946112139855,40.31404876708984,0.0
1996-02-20,40.00365318029503,40.12005566287591,39.6544457325524,39.916351318359375,0.0
1996-02-21,39.9939476778687,40.44015713534674,39.9939476778687,40.41105651855469,0.0
1996-02-22,40.63415692028341,41.17736837588997,40.60505630659021,41.051265716552734,0.0
1996-02-23,41.28405987346342,41.35196128772898,40.55654472061808,40.934852600097656,0.0
1996-02-26,40.81843854464017,40.905740338105424,40.33342858094436,40.35282897949219,0.0
1996-02-27,40.44985413120142,40.45955433602904,40.04244552844112,40.226749420166016,0.0
1996-02-28,40.54685293241989,40.80875844179198,40.042442321777344,40.042442321777344,0.0
1996-02-29,39.809637469088266,40.323748284356704,39.65443420410156,39.65443420410156,0.0
1996-03-01,40.12975458062014,40.28495788574219,39.48954094699168,40.28495788574219,0.0
1996-03-04,40.37224293371579,40.76025103495285,40.23644009828282,40.51774597167969,0.0
1996-03-05,40.42074716701906,40.89605712890625,40.40134676041141,40.89605712890625,0.0
1996-03-06,40.8378576519216,40.95426009653515,40.53715133666992,40.53715133666992,0.0
1996-03-07,40.61477253505162,40.76027566092355,40.49837003435408,40.74087524414063,0.0
1996-03-08,39.84844371089785,40.27525274772344,38.49041495736189,39.421634674072266,0.0
1996-03-11,39.26642019410575,39.9357341746871,39.1500177627003,39.877532958984375,0.0
1996-03-12,39.61562442241799,39.761127450414136,39.05301271416621,39.56712341308594,0.0
1996-03-13,39.829037283875806,40.00364095438476,39.60593259378104,39.83873748779297,0.0
1996-03-14,39.89692233831232,40.236429336085465,39.87752193843957,40.01332473754883,0.0
1996-03-15,39.94746180305704,40.11309762028923,39.75259613572506,39.98643493652344,0.0
1996-03-18,40.356704941726086,40.75617980957031,40.269015336589554,40.75617980957031,0.0
1996-03-19,41.11667497796651,41.11667497796651,40.532077703398265,40.66848373413086,0.0
1996-03-20,40.86334458916386,40.86334458916386,40.30797724496206,40.6197624206543,0.0
1996-03-21,40.66848054497424,40.68796711926508,40.38592521775712,40.52233123779297,0.0
1996-03-22,40.54181177153004,40.73667748540426,40.49309534306149,40.62950134277344,0.0
1996-03-25,40.99974678182533,41.03871992515406,40.44437948939091,40.55155563354492,0.0
1996-03-26,40.48336446370764,40.85360943353216,40.44439130898927,40.74643325805664,0.0
1996-03-27,40.80488719719257,40.83411705908168,40.33720940696687,40.37618255615234,0.0
1996-03-28,40.23002071839112,40.55154909904186,40.22027743412898,40.53206253051758,0.0
1996-03-29,40.64899681939019,40.64899681939019,40.14234585232205,40.33721160888672,0.0
1996-04-01,40.532081407257344,40.81463678245217,40.40541865285967,40.80489349365234,0.0
1996-04-02,40.85360552494133,40.8828353881836,40.71719949647742,40.8828353881836,0.0
1996-04-03,40.73668607197226,40.91206525142586,40.63925319449804,40.8828353881836,0.0
1996-04-04,40.88281795502619,40.98025079095332,40.843844820655335,40.85358810424805,0.0
1996-04-08,39.83055967475801,40.1520881652832,39.655180498107896,40.1520881652832,0.0
1996-04-09,40.30797811454745,40.30797811454745,39.91824663652427,39.996192932128906,0.0
1996-04-10,39.92799972352528,40.10337893168131,39.12904999748109,39.284942626953125,0.0
1996-04-11,39.38236297766565,39.57722870244381,38.73930608589773,39.23621368408203,0.0
1996-04-12,39.50903197490099,39.79158732071409,39.39211252146109,39.73312759399414,0.0
1996-04-15,39.93773317429806,40.113112339249845,39.81107044405511,40.064395904541016,0.0
1996-04-16,40.14236228195471,40.31774153464286,40.05467265561064,40.18133544921875,0.0
1996-04-17,40.14233345769828,40.25925287553624,39.81106177382407,40.0838737487793,0.0
1996-04-18,40.18131476096737,40.269004342162496,39.96696245137928,40.14234161376953,0.0
1996-04-19,40.33719801267758,40.44437414266296,40.171562175427454,40.23976516723633,0.0
1996-04-22,40.61001534853801,40.70744820685984,40.2787436302438,40.55155563354492,0.0
1996-04-23,40.48336451182108,40.707460151718045,40.39567491360053,40.67823028564453,0.0
1996-04-24,40.882820763954754,40.882820763954754,40.44437297215829,40.53206253051758,0.0
1996-04-25,40.61975312900475,40.88282181081888,40.37617101621388,40.71718597412109,0.0
1996-04-26,40.82438007125199,41.038732424848064,40.678230739254666,40.80489349365234,0.0
1996-04-29,40.62951429525556,40.88283980405092,40.62951429525556,40.80489349365234,0.0
1996-04-30,40.80489133335784,40.88283763962977,40.610025567678,40.77566146850586,0.0
1996-05-01,40.76592084005099,41.028989640883054,40.70746110653275,40.86335372924805,0.0
1996-05-02,40.54182296375347,40.765918596574025,39.96696894912682,40.16183471679688,0.0
1996-05-03,40.3956616015198,40.52232431276431,39.75260475981688,40.103363037109375,0.0
1996-05-06,40.259261643376334,40.259261643376334,39.713637574637445,40.064395904541016,0.0
1996-05-07,40.06440146496299,40.06440146496299,39.76235952784872,39.89876556396485,0.0
1996-05-08,39.70390214933845,40.39567565917969,39.33365717224033,40.39567565917969,0.0
1996-05-09,40.25925604847644,40.57104118728361,40.22028290612554,40.366432189941406,0.0
1996-05-10,40.765907287597656,40.90231328712594,40.57104157398581,40.765907287597656,0.0
1996-05-13,40.86335496967586,41.55512850397415,40.82438181281399,41.3797492980957,0.0
1996-05-14,41.54537849595891,41.740244248754216,41.50640534539985,41.6330680847168,0.0
1996-05-15,41.64281795040513,41.97408978248603,41.55512834779548,41.58435821533203,0.0
1996-05-16,41.3505029863416,41.74023439997347,41.33101641566,41.67203140258789,0.0
1996-05-17,41.77922158884447,41.9643440725637,41.77922158884447,41.896141052246094,0.0
1996-05-20,42.18843133599909,42.24689105609516,41.76947000864389,42.178688049316406,0.0
1996-05-21,42.246886712876616,42.32483299832473,42.0909941419804,42.12022399902344,0.0
1996-05-22,42.16894837544666,42.51970672607422,42.02279906268517,42.51970672607422,0.0
1996-05-23,42.57817641853793,42.67560931652085,42.11049850821989,42.344337463378906,0.0
1996-05-24,42.38329364322835,42.60738921881323,42.36380707143836,42.50995635986328,0.0
1996-05-28,42.63662809463363,42.63662809463363,41.97408451363841,42.08126068115234,0.0
1996-05-29,42.16894330644941,42.20791645183429,41.66229241644586,41.79869842529297,0.0
1996-05-30,41.74022669606394,42.22739087318888,41.62330729355397,42.01303863525391,0.0
1996-05-31,42.00330144668294,42.17868057589664,41.70125961303711,41.70125961303711,0.0
1996-06-03,41.71101155685467,41.84741757455988,41.59409211310736,41.81818771362305,0.0
1996-06-04,42.01304840412696,42.14945440543906,41.9351021176629,42.11048126220703,0.0
1996-06-05,42.12997362679298,42.52944839984999,42.04228404246339,42.48073196411133,0.0
1996-06-06,42.71458096601165,42.71458096601165,42.09101044096039,42.1689567565918,0.0
1996-06-07,41.272574126830605,42.178700046045726,41.272574126830605,42.1689567565918,0.0
1996-06-10,42.110489484055705,42.23715222429002,41.96434016840072,42.03254318237305,0.0
1996-06-11,42.18842266994397,42.422261502294695,41.99355697631836,41.99355697631836,0.0
1996-06-12,42.12997120139433,42.23714735384932,41.84741589037666,41.915618896484375,0.0
1996-06-13,42.01305176235254,42.07151148187344,41.67203673181396,41.915618896484375,0.0
1996-06-14,41.93510774671197,41.93510774671197,41.60383598477233,41.74024200439453,0.0
1996-06-17,41.7597187739949,41.91561133124733,41.60382621674247,41.71100234985352,0.0
1996-06-18,41.6817879768907,41.79870743825646,41.36025945813488,41.37000274658203,0.0
1996-06-19,41.564850400900085,41.77920265331917,41.41870113788708,41.55510711669922,0.0
1996-06-20,41.59410100316621,41.73050705002597,41.27257246413962,41.52589797973633,0.0
1996-06-21,41.72634560109523,41.88306427001953,41.60880659940201,41.88306427001953,0.0
1996-06-24,41.98100798292543,42.13772663148512,41.90264865864559,41.96141815185547,0.0
1996-06-25,42.07897395780081,42.10835871615124,41.86348572989774,41.91246032714844,0.0
1996-06-26,41.86346156759823,41.95161579176959,41.61858872267779,41.62838363647461,0.0
1996-06-27,41.62837857397917,42.0299699908105,41.4716599722889,41.92222595214844,0.0
1996-06-28,42.09853757207691,42.31402566574505,41.98099861189428,42.06915283203125,0.0
1996-07-01,42.17690796116823,42.44137069106873,42.11813846563479,42.43157577514648,0.0
1996-07-02,42.39239555691214,42.40219047270625,42.206292156824034,42.27485656738281,0.0
1996-07-03,42.255248034999575,42.31401750375478,42.03975998289712,42.18668365478516,0.0
1996-07-05,41.45207491027817,41.64797318490142,40.98191905118239,41.1092529296875,0.0
1996-07-08,41.1386435111744,41.36392655897369,40.825206227279736,40.94274520874024,0.0
1996-07-09,41.12884275714983,41.25617663565493,40.98191905118239,41.1092529296875,0.0
1996-07-10,41.09945982510748,41.2757682800293,40.69786834445224,41.2757682800293,0.0
1996-07-11,41.09944675378114,41.17780604215822,40.04159636069048,40.44318771362305,0.0
1996-07-12,40.511763425902735,40.68807187408122,40.16894144333344,40.47258377075195,0.0
1996-07-15,40.570531731888536,40.570531731888536,39.27760314941406,39.27760314941406,0.0
1996-07-16,39.39513532534168,39.806521621628185,37.847539258359085,39.37554550170898,0.0
1996-07-17,39.963249724171504,40.11996835054081,39.493093845063605,39.84571075439453,0.0
1996-07-18,39.9632573983371,40.46279811581631,39.69879466555398,40.39423370361328,0.0
1996-07-19,40.296285900419726,40.355055398572986,39.88489941334689,40.10038757324219,0.0
1996-07-22,39.82612364310919,39.963252450537496,39.50289145417101,39.80653381347656,0.0
1996-07-23,39.86529658347041,40.08078467311079,39.228627227714746,39.29719161987305,0.0
1996-07-24,38.82703043999364,39.61062338530128,38.63113220366672,39.37554550170898,0.0
1996-07-25,39.7673557778082,39.84571509953787,39.57145747348402,39.72817611694336,0.0
1996-07-26,39.84571159254283,40.00243022220867,39.73796753464755,39.943660736083984,0.0
1996-07-29,39.88489707078468,39.94366656548623,39.45392077630665,39.50289535522461,0.0
1996-07-30,39.76735253699402,39.92407116768168,39.4539152756187,39.884891510009766,0.0
1996-07-31,39.91424843254815,40.2864549209989,39.81629935664005,40.1787109375,0.0
1996-08-01,40.21791691585696,40.99171512246989,40.15914743181041,40.84479141235352,0.0
1996-08-02,41.37369780204666,41.74590436371279,41.216979249766176,41.72631454467773,0.0
1996-08-05,41.736128333946326,41.74592324789469,41.35412668996043,41.48146057128906,0.0
1996-08-06,41.47166256626223,41.69694557028301,41.24637956224143,41.60879135131836,0.0
1996-08-07,41.76550822494231,41.84386752742813,41.45207101499903,41.71653366088867,0.0
1996-08-08,41.72633905850372,41.72633905850372,41.49126109197694,41.647979736328125,0.0
1996-08-09,41.79489000634576,41.853659479052126,41.41288843375436,41.51083755493164,0.0
1996-08-12,41.53041601013484,41.91241747815258,41.3736974591532,41.81446838378906,0.0
1996-08-13,41.736128333946326,41.7655130757914,41.37371651785714,41.48146057128906,0.0
1996-08-14,41.49125484331916,41.66756329166188,41.37371587775736,41.62838363647461,0.0
1996-08-15,41.52063738541016,41.76551021735997,41.50104755885418,41.55002212524414,0.0
1996-08-16,41.66756715814663,41.92223494049543,41.66756715814663,41.902645111083984,0.0
1996-08-19,41.9124310395428,41.95161068996536,41.765507350458165,41.92222595214844,0.0
1996-08-20,41.9320286261804,41.94182354059904,41.7948998243195,41.89284896850586,0.0
1996-08-21,41.785097925051005,41.88304705286407,41.6087894949875,41.74591827392578,0.0
1996-08-22,41.843863217235445,42.21606986570336,41.82427339363187,42.13771057128906,0.0
1996-08-23,42.05938411890054,42.12794855505152,41.77533145484648,41.91246032714844,0.0
1996-08-26,41.8144815560516,41.863456118661176,41.63817313065715,41.70673751831055,0.0
1996-08-27,41.824277075418095,41.90263637673035,41.68714829812164,41.86345672607422,0.0
1996-08-28,41.96140103891076,42.00058068507221,41.78509263118425,41.79488754272461,0.0
1996-08-29,41.74591855020918,41.74591855020918,41.13863395374907,41.38350677490234,0.0
1996-08-30,41.37371115238579,41.38350606506391,40.82519604241098,40.95252990722656,0.0
1996-09-03,40.41382356832236,41.27577617957112,40.355054072100856,41.21700668334961,0.0
1996-09-04,41.21699252948236,41.84386694057715,41.0504790140353,41.25617218017578,0.0
1996-09-05,41.06029912595192,41.22681274359056,40.75665664672852,40.75665664672852,0.0
1996-09-06,40.90356128566073,41.4814612176181,40.83499688695392,41.33453750610352,0.0
1996-09-09,41.4912413800349,41.83406325168297,41.42267700570528,41.82426834106445,0.0
1996-09-10,41.765526904720176,41.94183541416787,41.60880822965556,41.80470657348633,0.0
1996-09-11,41.72632720463763,42.07894405425428,41.62837807974411,42.03976440429688,0.0
1996-09-12,42.15730971266196,42.460952045629554,42.09854022886178,42.3336181640625,0.0
1996-09-13,42.82338004168752,43.01927839503466,42.70584102967922,42.980098724365234,0.0
1996-09-16,43.03885733615692,43.35229462217354,42.9800878450288,43.13680648803711,0.0
1996-09-17,43.17597383578149,43.24453822254429,42.774382427599306,43.03884506225586,0.0
1996-09-18,42.98006585948195,43.097604781613626,42.76457783557388,42.93109130859375,0.0
1996-09-19,42.86253639221192,43.12699902534485,42.803766918182376,43.09761428833008,0.0
1996-09-20,43.220975195495896,43.33911909124668,43.08314065045331,43.2505111694336,0.0
1996-09-23,43.14220457823984,43.3194203889218,42.94529812192656,43.24065780639648,0.0
1996-09-24,43.2012799166786,43.63447415467629,43.043754739224894,43.23081588745117,0.0
1996-09-25,43.437561257405335,43.437561257405335,43.16189223763939,43.260345458984375,0.0
1996-09-26,43.3194203889218,43.59508942776039,43.09297796416152,43.24065780639648,0.0
1996-09-27,43.29971612161457,43.29971612161457,43.08311908780932,43.28002548217773,0.0
1996-09-30,43.33911103455312,43.51632684523508,43.21112183794949,43.24065780639648,0.0
1996-10-01,43.2898942378984,43.50649138896362,43.12252371207528,43.47695541381836,0.0
1996-10-02,43.63446621502299,43.85106329461019,43.57539428422648,43.77230072021485,0.0
1996-10-03,43.79198589436592,43.81167653550548,43.60492480354017,43.73291397094727,0.0
1996-10-04,43.91013917791637,44.32364273071289,43.79199530568879,44.32364273071289,0.0
1996-10-07,44.303954136935,44.500860599765815,44.26457284436883,44.37287139892578,0.0
1996-10-08,44.39253929649755,44.54021906794299,44.11687038979941,44.19563293457031,0.0
1996-10-09,44.26455858399314,44.34332114375114,43.80182854541493,43.85105514526367,0.0
1996-10-10,43.85106670435422,44.01843718795862,43.71323218844471,43.76245880126953,0.0
1996-10-11,43.92982900831434,44.30395126342773,43.92982900831434,44.30395126342773,0.0
1996-10-14,44.30394991736279,44.540237650255385,44.29410459515893,44.36302185058594,0.0
1996-10-15,44.8159080335829,44.8159080335829,44.0775088458591,44.30395126342773,0.0
1996-10-16,44.42210415853224,44.52055740356445,44.0676724764163,44.52055740356445,0.0
1996-10-17,44.65838540930763,44.75683863992779,44.45163362500528,44.6386947631836,0.0
1996-10-18,44.65838003053954,44.934049043073735,44.55992681177732,44.874977111816406,0.0
1996-10-21,44.91435210021812,45.130949151117896,44.69775504931834,44.81589889526367,0.0
1996-10-22,44.77651582565983,44.78636114576221,44.48115622258819,44.50084686279297,0.0
1996-10-23,44.40240741801236,44.66823114313128,44.22519160126641,44.64854049682617,0.0
1996-10-24,44.64853589220828,44.727298469305886,44.244877684583024,44.26456832885742,0.0
1996-10-25,44.25472465091281,44.461476423475474,44.185807393391926,44.30395126342773,0.0
1996-10-28,44.343335500286194,44.56977793290311,43.98890386662494,44.00859451293945,0.0
1996-10-29,44.14642476210105,44.471320394828375,43.91998235141231,44.36302185058594,0.0
1996-10-30,44.50086550732759,44.50086550732759,44.1661244835999,44.21535110473633,0.0
1996-10-31,44.27441780988897,44.65838540930763,44.22519119457889,44.6386947631836,0.0
1996-11-01,44.72731140832449,44.83560998316305,44.27442645899961,44.481178283691406,0.0
1996-11-04,44.5402206883896,44.77650833129883,44.44176750384408,44.77650833129883,0.0
1996-11-05,44.92420648809182,45.239256807534936,44.91436116560922,45.03250503540039,0.0
1996-11-06,45.11123943942548,45.91855537876046,45.071858174092064,45.89886474609375,0.0
1996-11-07,45.761053854715584,46.18440267480009,45.701981926331705,46.00718688964844,0.0
1996-11-08,46.01703528359384,46.273013657015625,45.83981948660952,46.26316833496094,0.0
1996-11-11,46.15487154687168,46.32224202816366,46.13518090201379,46.21394348144531,0.0
1996-11-12,46.341949903048,46.37148588131636,46.00720881600665,46.07612609863281,0.0
1996-11-13,46.12533084485562,46.351773237477104,46.00718698783571,46.28285598754883,0.0
1996-11-14,46.11549817276323,46.58807373046875,46.09580752452551,46.58807373046875,0.0
1996-11-15,46.706208621564926,46.942496354894935,46.45023024379075,46.64713668823242,0.0
1996-11-18,46.73574117920926,46.78496778672897,46.46007217709891,46.65697860717773,0.0
1996-11-19,46.71604550511688,47.00155979798272,46.647128262011336,46.99171447753906,0.0
1996-11-20,46.98188768652936,47.26740209200072,46.82436249730378,47.07049560546875,0.0
1996-11-21,47.12956085332928,47.15909682211139,46.86373713429023,47.00157165527344,0.0
1996-11-22,47.07046610836773,47.415052243860906,47.07046610836773,47.36582565307617,0.0
1996-11-25,47.41505090121565,47.9860793381489,47.3067524045559,47.96638870239258,0.0
1996-11-26,48.0648543689357,48.32083270027375,47.552897706259614,47.808876037597656,0.0
1996-11-27,47.92700465418566,48.00576719264775,47.66118108687608,47.720252990722656,0.0
1996-11-29,47.88764994700668,48.02548446576863,47.79904204208829,47.89749526977539,0.0
1996-12-02,47.83840511142534,47.96639425866727,47.50366426479261,47.91716766357422,0.0
1996-12-03,47.92703230803627,48.25192796665689,47.10002517700195,47.10002517700195,0.0
1996-12-04,47.17877785096398,47.2969217020098,46.68651180493973,47.228004455566406,0.0
1996-12-05,47.159097114932976,47.34615825171455,46.9621906551629,47.10002517700195,0.0
1996-12-06,46.15488163697008,47.10003279677151,45.780759302882,46.824363708496094,0.0
1996-12-09,47.06064585477447,47.52337605460176,46.99172859097041,47.51353073120117,0.0
1996-12-10,47.6119706239051,47.68088786839793,47.237848439515446,47.28707504272461,0.0
1996-12-11,46.39116308793824,47.02126377504096,46.19425662321864,46.8538932800293,0.0
1996-12-12,47.11973066411467,47.17880262065138,45.9579821855594,46.07612609863281,0.0
1996-12-13,46.03673065979056,46.361626320990965,45.62322709099004,46.19425582885742,0.0
1996-12-16,46.31237081419,46.43051461728743,45.40660165710976,45.60350799560547,0.0
1996-12-17,45.46567748971148,46.17454036958572,45.28846176974292,45.96778869628906,0.0
1996-12-18,46.23362382401622,46.479756829893645,46.164706582370535,46.33207702636719,0.0
1996-12-19,46.74558240742378,47.33630164593377,46.55852131522896,47.28707504272461,0.0
1996-12-20,47.568921452723366,47.9448821464013,47.33147259355836,47.39083480834961,0.0
1996-12-23,47.549149000280416,47.61840493931537,47.06435742703578,47.27212524414063,0.0
1996-12-24,47.3908453663347,47.61840057373047,47.36116425232656,47.61840057373047,0.0
1996-12-26,47.76682024454333,48.01416293429345,47.72724541418332,47.98448181152344,0.0
1996-12-27,47.98444578243048,48.142744985011696,47.806359179526616,48.04380798339844,0.0
1996-12-30,48.2021346494376,48.2021346494376,47.58872488994147,47.628299713134766,0.0
1996-12-31,47.66786152358989,47.72722374217469,46.75764083862305,46.75764083862305,0.0
1997-01-02,47.09401180191652,47.09401180191652,46.0650670062444,46.87635040283203,0.0
1997-01-03,47.09403055090235,47.56892833797028,46.90605017685464,47.54914093017578,0.0
1997-01-06,47.54917616087484,47.766837807886745,47.054490599484126,47.13364028930664,0.0
1997-01-07,47.133597068201205,47.78658141045588,46.93572302509373,47.70743179321289,0.0
1997-01-08,47.96467631192387,47.98446371964331,47.29190444946289,47.29190444946289,0.0
1997-01-09,47.52936473229119,48.04383745628768,47.45021508244557,47.68766403198242,0.0
1997-01-10,47.01486619470155,48.28125989691573,47.01486619470155,48.202110290527344,0.0
1997-01-13,48.43957454293262,48.43957454293262,47.89542082564069,48.13286972045898,0.0
1997-01-14,48.55831767929021,49.00353452842796,48.43959318618681,48.73640441894531,0.0
1997-01-15,48.57808951881294,48.88479436098874,48.36042801791398,48.6176643371582,0.0
1997-01-16,48.77596930545209,48.94416230305709,48.43958331024207,48.81554412841797,0.0
1997-01-17,48.88480284826877,49.23108256891022,48.82544061044452,49.11235809326172,0.0
1997-01-20,49.23108465244593,49.44874620034661,49.05299793143627,49.171722412109375,0.0
1997-01-21,48.993646873733006,49.73567504730529,48.82545382105662,49.567481994628906,0.0
1997-01-22,49.58726277391069,49.92364883422852,49.3102389595313,49.92364883422852,0.0
1997-01-23,50.06215425166287,50.457902506616726,48.69682277207206,49.231082916259766,0.0
1997-01-24,49.31023585291561,49.33002326698179,48.5978889465332,48.5978889465332,0.0
1997-01-27,48.67702734913326,48.90458255828571,48.36042879726898,48.45936584472656,0.0
1997-01-28,49.15193654038619,49.29044843884943,48.12299100894493,48.5978889465332,0.0
1997-01-29,48.67700967481059,49.07275772094727,48.49892305404909,49.07275772094727,0.0
1997-01-30,49.31023394226269,49.72576962155142,49.013422742770736,49.70598220825195,0.0
1997-01-31,49.98300774195319,50.27981895182227,49.62683429011029,49.64662170410156,0.0
1997-02-03,49.844481948922265,49.95331269553564,49.61692675145795,49.795013427734375,0.0
1997-02-04,49.86426999783629,50.15118742441114,49.66639591054329,50.10171890258789,0.0
1997-02-05,50.17096567489799,50.31937121327769,48.83531582948067,49.161808013916016,0.0
1997-02-06,49.25084386869032,49.51797379726698,49.01339504328884,49.4882926940918,0.0
1997-02-07,49.90383930695362,50.1808629985862,49.25085489096256,50.161075592041016,0.0
1997-02-10,50.18086915375084,50.358955834501536,49.65650281598492,49.68618392944336,0.0
1997-02-11,49.88407177962656,50.260032653808594,49.46853607658326,50.260032653808594,0.0
1997-02-12,50.26003464408543,51.06142496026081,50.19077869083571,50.97238159179688,0.0
1997-02-13,51.17026990899293,51.64516800559611,51.091120226225726,51.52644348144531,0.0
1997-02-14,51.407691955566406,51.585778648253125,51.22960526287969,51.407691955566406,0.0
1997-02-18,51.506620216369626,51.88258094787597,51.13065948486328,51.8430061340332,0.0
1997-02-19,51.70449093425651,51.92215239628362,51.38789244403527,51.49672317504883,0.0
1997-02-20,51.30875518840373,51.51652299768959,50.75470769697476,50.87343215942383,0.0
1997-02-21,50.91299495578368,51.14055012173452,50.74480200703741,50.89320755004883,0.0
1997-02-24,50.63597102975982,51.52640428350707,50.63597102975982,51.49672317504883,0.0
1997-02-25,51.54619436251223,51.625343989172514,51.209808449206,51.53630065917969,0.0
1997-02-26,51.48682568932097,51.5659753060609,50.41830586333199,51.031715393066406,0.0
1997-02-27,51.17024371502461,51.17024371502461,50.2600228291425,50.26991653442383,0.0
1997-02-28,50.18087178202801,50.57661998220173,50.06214732197589,50.12150955200195,0.0
1997-03-03,49.86424847771139,50.49744528377757,49.82467367733226,50.45787048339844,0.0
1997-03-04,50.59638257432811,50.7348943764479,50.08191016645461,50.18084716796875,0.0
1997-03-05,50.47766807588693,51.031715393066406,50.3094751403146,51.031715393066406,0.0
1997-03-06,51.051492200068864,51.22957880076677,50.57659459820776,50.734893798828125,0.0
1997-03-07,50.93278522587302,51.387895583369165,50.81406078478707,51.19002151489258,0.0
1997-03-10,51.24941000613714,51.724308013916016,51.00206729375231,51.724308013916016,0.0
1997-03-11,51.76386418269231,51.793545297475966,51.447265625,51.447265625,0.0
1997-03-12,51.48684609782849,51.50663350985686,50.84375520690634,50.99216079711914,0.0
1997-03-13,50.81407815694903,50.952590052236665,50.0621564396733,50.20066833496094,0.0
1997-03-14,50.42818938311408,50.675531885483686,50.18084688074448,50.45787048339844,0.0
1997-03-17,50.18086565515237,50.67555084497052,49.6663930577415,50.59640121459961,0.0
1997-03-18,50.655762008302034,50.72501793292276,49.84447831988783,50.05224609375,0.0
1997-03-19,49.92365381406537,50.33918957708375,49.42896838190063,49.88407897949219,0.0
1997-03-20,49.86424167760822,50.02254085753713,49.310194547857016,49.62679290771485,0.0
1997-03-21,50.01549573799529,50.05522210474509,49.7970007208714,49.856590270996094,0.0
1997-03-24,49.89634110426388,50.58162126672291,49.63811959377206,50.55182647705078,0.0
1997-03-25,50.43263356799171,50.829897321973526,49.91619068781535,50.05523300170898,0.0
1997-03-26,50.25387566911991,50.63127631643741,50.01551736555096,50.273738861083984,0.0
1997-03-27,50.4525080284515,50.4525080284515,48.40659923832138,48.94290542602539,0.0
1997-03-31,48.88331143298553,49.02235376538329,47.83056234483102,47.91001510620117,0.0
1997-04-01,47.830551936329336,48.42644751693145,47.70144122719888,48.2178840637207,0.0
1997-04-02,48.068918509771365,48.26755040443984,47.31411731003115,47.35384368896485,0.0
1997-04-03,47.31410136121385,47.75109138218224,47.15519589904353,47.6120491027832,0.0
1997-04-04,47.35383737357399,48.217886000147175,47.13534231857847,48.20795440673828,0.0
1997-04-07,48.42644700039199,48.70453160170679,48.39665222167969,48.39665222167969,0.0
1997-04-08,48.38672910284589,48.803856077870414,48.20796039926394,48.744266510009766,0.0
1997-04-09,48.94290735374833,48.97270214312764,48.20796921572533,48.34701156616211,0.0
1997-04-10,48.36686767892739,48.65488393409965,48.10864620877295,48.168235778808594,0.0
1997-04-11,47.71137943625247,47.87028494644815,46.63876724243164,46.63876724243164,0.0
1997-04-14,46.86718636176296,47.32403962996408,46.59903335651447,47.26445007324219,0.0
1997-04-15,47.83056185383442,48.078851730567365,47.35384529050717,48.06892013549805,0.0
1997-04-16,47.90998660816866,48.69458216000226,47.83053389405893,48.62506103515625,0.0
1997-04-17,48.625088348263496,48.94289938321947,48.30727731330752,48.426456451416016,0.0
1997-04-18,48.82372716475506,48.93297472350452,48.46618969975685,48.66482162475586,0.0
1997-04-21,48.784001810392006,48.883317774989706,47.96961090069084,48.34701156616211,0.0
1997-04-22,48.37678618234606,49.40967178344727,48.307265036118096,49.40967178344727,0.0
1997-04-23,49.36001939275658,49.59837763529705,49.06207158958098,49.45933532714844,0.0
1997-04-24,49.60832726702801,49.75730122278485,48.8634574882438,49.211063385009766,0.0
1997-04-25,48.9826442925674,49.0720286799626,48.575448749989285,48.64496994018555,0.0
1997-04-28,48.625086234062245,49.45934016454861,48.54563347877783,49.12166595458984,0.0
1997-04-29,49.95588893284754,50.71068964038162,49.76718875596403,50.67096328735352,0.0
1997-04-30,50.37304526755831,51.2867519246197,50.353182079361325,50.90935134887695,0.0
1997-05-01,50.988804280757904,51.187436163425446,50.412771821022034,50.84976196289063,0.0
1997-05-02,51.02851667279751,51.91242830842985,50.88947439303512,51.76345443725586,0.0
1997-05-05,51.90251584460531,53.1141704433504,51.67408915795665,52.99499130249024,0.0
1997-05-06,52.736754757250864,53.05456570870699,52.43880699026074,52.95524978637695,0.0
1997-05-07,52.75661735300638,52.75661735300638,51.74359495654428,51.803184509277344,0.0
1997-05-08,51.684004412474565,52.8956586281398,51.60455167702111,52.16072082519531,0.0
1997-05-09,52.73675982061204,52.8360757524776,51.90250599294134,52.51826477050781,0.0
1997-05-12,52.71688659418197,53.55114026296707,52.67716022900173,53.392234802246094,0.0
1997-05-13,53.352547307490056,53.45186329279812,52.7665829941725,53.17377853393555,0.0
1997-05-14,53.54122049856505,53.71005758787606,53.03470923063205,53.273067474365234,0.0
1997-05-15,53.27309295654297,53.76967286851671,53.08439258999295,53.63063049316406,0.0
1997-05-16,53.47166961429264,53.590848669896566,52.75659528066912,52.89563751220703,0.0
1997-05-19,52.95527235321765,53.33267301890075,52.79636680977214,53.05458831787109,0.0
1997-05-20,52.93538080512529,53.829224008213714,52.59770670618078,53.69018173217773,0.0
1997-05-21,53.82925882929999,54.01795918312963,53.1737733896812,53.57103729248047,0.0
1997-05-22,53.630592993327554,53.69018254109792,53.1141502459844,53.392234802246094,0.0
1997-05-23,53.63059544800569,54.16690140248575,53.49155316351087,53.888816833496094,0.0
1997-05-27,53.630602412286834,54.36554029719595,53.56108126101165,54.10731887817383,0.0
1997-05-28,54.10733226077894,54.31589576618943,53.72000003644517,54.0974006652832,0.0
1997-05-29,54.08746239969495,54.18677834240464,53.71006181739814,53.77958297729492,0.0
1997-05-30,52.89568683869248,54.38542642295907,52.83609725532182,54.12720489501953,0.0
1997-06-02,54.24635413648279,54.3456700539791,53.849090466497564,53.888816833496094,0.0
1997-06-03,53.65045531402678,54.30594032897047,53.61072894948474,53.71004486083984,0.0
1997-06-04,53.72991966521551,53.868961971188334,53.44190345998607,53.65046691894531,0.0
1997-06-05,53.76962260573784,54.22647569769645,53.660375127226,53.84907531738281,0.0
1997-06-06,53.76963499348001,54.94156276023854,53.76963499348001,54.90183639526367,0.0
1997-06-09,54.94158100103457,55.21966564818369,54.88199143378833,55.17993927001953,0.0
1997-06-10,55.19979624026942,55.55733360346656,54.98130118498228,55.34877014160156,0.0
1997-06-11,55.29910229151282,55.55732367433957,55.18985478339381,55.47787094116211,0.0
1997-06-12,55.855279813283445,56.57035451928565,55.656647950505054,56.55049133300781,0.0
1997-06-13,56.61009845315102,57.205994226342085,56.51078249095251,57.027225494384766,0.0
1997-06-16,57.04705810546875,57.20596355980153,56.86828946934437,57.04705810546875,0.0
1997-06-17,56.84845314664322,57.35496452163952,56.53064208782202,56.96763229370117,0.0
1997-06-18,56.64981424533212,56.96762526494127,56.55049830170425,56.76899337768555,0.0
1997-06-19,56.95770895821708,57.52380998883929,56.80873500279018,57.35497283935547,0.0
1997-06-20,57.38884291024228,57.648069789267,57.109675502061805,57.15952682495117,0.0
1997-06-23,57.04984868676653,57.36889712402213,55.7337738830872,55.77365493774414,0.0
1997-06-24,56.31207336042716,57.34898122683729,56.15254907328713,57.18945693969727,0.0
1997-06-25,57.09972006685278,57.588263158048136,56.11266361729482,56.79064178466797,0.0
1997-06-26,56.69092028529693,57.18943347809764,55.95312075995188,56.51145553588867,0.0
1997-06-27,56.77068550096455,57.24925819222664,56.59122074174127,56.730804443359375,0.0
1997-06-30,56.730814081341855,57.089743660766864,56.07277651906266,56.35194396972656,0.0
1997-07-01,56.47160757250951,57.149585912009975,56.40181568461976,57.01000213623047,0.0
1997-07-02,57.14955295633629,57.947174072265625,56.93020714945573,57.947174072265625,0.0
1997-07-03,58.62518023084963,58.80464506829101,58.36595324343431,58.74482345581055,0.0
1997-07-07,58.94420859777715,59.02397072037224,58.00700365728475,58.14658737182617,0.0
1997-07-08,58.22632545407753,58.82454112655093,58.18644440924597,58.7547492980957,0.0
1997-07-09,58.90434525122606,58.94422632451735,57.448686076094205,58.10672378540039,0.0
1997-07-10,58.14659043062169,58.605222659669806,57.73780953081794,58.36593627929688,0.0
1997-07-11,58.44568733784224,58.82455736835026,58.306103642391925,58.56533050537109,0.0
1997-07-14,58.63515049959638,58.90434775575844,58.20642894348642,58.74482345581055,0.0
1997-07-15,58.9043234606443,59.193461135044885,58.36592917038113,59.043907165527344,0.0
1997-07-16,59.42281013488769,60.04096688461304,59.27325608253479,59.82162094116211,0.0
1997-07-17,59.74184880600104,59.86149202790892,59.20345430741558,59.52250289916992,0.0
1997-07-18,59.35298909688881,59.482602545277786,58.106705939302536,58.25625991821289,0.0
1997-07-21,58.24628719248893,58.445692489279374,57.867417128587086,58.26622772216797,0.0
1997-07-22,58.50554023001229,59.85152658499724,58.46565915282755,59.8116455078125,0.0
1997-07-23,59.941271372385565,60.2902308697298,59.68204431721557,59.76180648803711,0.0
1997-07-24,59.941221441790255,60.15059696578853,59.14360039798733,60.040924072265625,0.0
1997-07-25,60.34003418313581,60.49955839776406,59.74181837827987,60.00104522705078,0.0
1997-07-28,60.14065408659093,60.34005943833692,59.66208124240055,59.96118927001953,0.0
1997-07-29,59.74183612301289,60.28023050729905,59.612222660129184,60.160587310791016,0.0
1997-07-30,60.30015790372686,61.01801692639028,60.24033631850491,60.87843322753906,0.0
1997-07-31,60.87845945889833,61.27727019888456,60.63917301490658,60.81863784790039,0.0
1997-08-01,60.93827149803659,61.077855235106696,59.86148266921003,60.57934188842773,0.0
1997-08-04,60.47964176220559,60.96818486249376,60.24035534573791,60.738868713378906,0.0
1997-08-05,60.67904108027461,61.057911202037744,60.55939788392836,60.77874374389648,0.0
1997-08-06,60.89838589669205,61.5963045300857,60.65909950809994,61.27725601196289,0.0
1997-08-07,61.57637825387423,61.65614040187148,60.69899462590452,60.81863784790039,0.0
1997-08-08,60.18052183097625,60.45968926160371,58.964149454670896,59.582305908203125,0.0
1997-08-11,59.82157178099369,60.16056068775266,59.10371291962177,60.02097702026367,0.0
1997-08-12,60.12069850254509,60.330074069469376,59.00402881228223,59.06385040283203,0.0
1997-08-13,59.78172348234317,59.881426156596575,58.36594550794478,58.8843994140625,0.0
1997-08-14,59.40281801957351,59.54240168057955,58.5254350075355,59.10371017456055,0.0
1997-08-15,58.78470975648141,58.78470975648141,57.189466615192906,57.28916931152344,0.0
1997-08-18,57.66800674890474,58.56533050537109,57.00996932749607,58.56533050537109,0.0
1997-08-19,58.84450982580759,59.28320152901592,58.40581812259927,59.24332046508789,0.0
1997-08-20,59.3031342124433,60.18051750274173,59.09375865453118,60.1406364440918,0.0
1997-08-21,60.06089905279535,60.14066120293187,58.76476411307699,59.08381271362305,0.0
1997-08-22,58.06682389366876,59.17352331883999,57.78765647110304,59.06385040283203,0.0
1997-08-25,59.20343101990098,59.60224160272281,58.60521514566823,58.84450149536133,0.0
1997-08-26,58.70492597269992,59.06385554726126,57.87739389801682,57.97709655761719,0.0
1997-08-27,58.06684190538194,58.68499853280874,57.68797171437842,58.32606887817383,0.0
1997-08-28,58.18649475542627,58.66506770749283,57.42875424798754,57.438724517822266,0.0
1997-08-29,57.50849788977067,58.136624687110405,57.24927095753523,57.66802215576172,0.0
1997-09-02,57.86741870949113,59.572334043626725,57.80759711881971,59.542423248291016,0.0
1997-09-03,59.53245162450104,59.98111354429714,59.18349235354851,59.22337341308594,0.0
1997-09-04,59.38288049324574,59.80163149739556,59.1834752531744,59.60222625732422,0.0
1997-09-05,59.96117090750933,60.2602788435295,59.08378762851684,59.43274688720703,0.0
1997-09-08,59.80167430331636,59.98113914784116,59.54244730566944,59.69200134277344,0.0
1997-09-09,59.48257653136086,60.16055427258321,59.28317131335429,59.72186279296875,0.0
1997-09-10,59.42278932557754,59.66207572554631,58.4855842590332,58.4855842590332,0.0
1997-09-11,58.56535164308189,58.64511378355595,57.5882654222746,58.18648147583008,0.0
1997-09-12,58.70490998498102,59.3230663061544,58.02693208433926,59.123661041259766,0.0
1997-09-15,59.12367803341634,59.54242921004425,58.82457005011069,59.02397537231445,0.0
1997-09-16,59.542434747704725,60.79868839442455,59.362969941030464,60.49958038330078,0.0
1997-09-17,60.8585099966493,60.938272132948974,60.3001750425516,60.49958038330078,0.0
1997-09-18,60.61921678373452,61.49660018455173,60.59927625189776,60.7588005065918,0.0
1997-09-19,60.62145381426976,61.07176174124931,60.46134432912147,60.86161804199219,0.0
1997-09-22,61.16178158547381,61.612089205131255,60.98165853761083,61.20180892944336,0.0
1997-09-23,61.201864483165366,61.291926088846935,60.6815085392274,60.92167282104492,0.0
1997-09-24,61.0817465540509,61.552067997045725,60.381267809165,60.421295166015625,0.0
1997-09-25,60.361230261092025,60.68144898926759,59.96095685087258,60.00098419189453,0.0
1997-09-26,60.481344351104426,60.72150852457009,60.32123490212731,60.50135803222656,0.0
1997-09-29,60.52131302859805,61.20177752693546,60.30116274972418,61.08169555664063,0.0
1997-09-30,60.841557584851,61.28185833053084,60.4412841796875,60.4412841796875,0.0
1997-10-01,61.00166108374502,61.36190711376713,60.701456058726585,61.241825103759766,0.0
1997-10-02,61.181811112337854,61.60209833293291,61.0417153721395,61.58208465576172,0.0
1997-10-03,62.42264288591587,62.60276593367902,61.06171319170546,61.89228057861328,0.0
1997-10-06,62.3225878339621,62.51271775831106,62.06241004274775,62.30257415771485,0.0
1997-10-07,62.46268929227153,63.08311331279713,62.25254567241608,62.88297653198242,0.0
1997-10-08,62.99306424458821,63.00307108561198,61.95235277811686,62.44268798828125,0.0
1997-10-09,61.98232820816997,62.51269039658344,61.62208219339856,62.22249221801758,0.0
1997-10-10,61.68216174956291,62.1124558694901,61.64213438956968,62.04240798950195,0.0
1997-10-13,62.3426078343983,62.47269674320202,61.94233426884839,62.10244369506836,0.0
1997-10-14,62.42265692937005,62.44267060584628,61.60209619384451,62.12245178222656,0.0
1997-10-15,61.68215946570727,62.16248776784126,61.66214578645168,61.982364654541016,0.0
1997-10-16,62.32260823437548,62.44269033116618,60.841595707290125,61.00170516967773,0.0
1997-10-17,60.851569766511496,61.08172699470254,59.56068792143997,60.38124847412109,0.0
1997-10-20,60.74148339539571,61.32187977709801,60.30118269203535,61.241825103759766,0.0
1997-10-21,61.62210907701461,62.442669801976486,61.50202701970312,62.43266296386719,0.0
1997-10-22,62.34259580481088,62.37261631643438,61.82224027000346,62.02237701416016,0.0
1997-10-23,60.801544189453125,61.32189973551164,60.38125701763663,60.801544189453125,0.0
1997-10-24,61.58207728761308,61.58207728761308,59.990990142873,60.201133728027344,0.0
1997-10-27,59.57070833568504,60.16111179474861,55.61800721144591,55.838157653808594,0.0
1997-10-28,54.03693408248627,59.48065484931452,54.03693408248627,59.06036758422852,0.0
1997-10-29,59.24047814232129,60.04102514424455,58.45994481544611,58.90024566650391,0.0
1997-10-30,58.03963539913514,59.280482776633896,57.47925271252281,57.59933471679688,0.0
1997-10-31,58.80017959480778,59.24048046311472,57.91957785819391,58.96028900146485,0.0
1997-11-03,59.68077818383562,60.4412978253466,59.480641436069575,60.201133728027344,0.0
1997-11-04,60.12107902892093,60.481325174899816,59.74081920816543,60.201133728027344,0.0
1997-11-05,60.32122473846294,61.02170345971251,60.10107428321307,60.40127944946289,0.0
1997-11-06,60.2211424286584,60.42127915989355,59.88090998555863,60.17110824584961,0.0
1997-11-07,59.16042947159891,59.7208124300579,58.56001915896428,59.52067565917969,0.0
1997-11-10,59.96100894169168,60.10110475697601,58.92029717100812,59.16046142578125,0.0
1997-11-11,59.36058886066497,59.60075307722869,58.94030148167847,59.18046569824219,0.0
1997-11-12,58.68008306408456,59.380561545408895,57.87953622828531,57.959590911865234,0.0
1997-11-13,58.58002429725849,59.02032512901104,57.69942263375341,58.800174713134766,0.0
1997-11-14,59.12039507372096,59.81086685098683,58.67008739289539,59.60072326660156,0.0
1997-11-17,60.44128407906904,61.04169418581476,60.221133706595616,60.70146179199219,0.0
1997-11-18,60.72149392414662,60.90161701093545,60.13109047300545,60.32122039794922,0.0
1997-11-19,60.00099788651918,60.88159958999045,59.40058763415241,60.62142181396485,0.0
1997-11-20,61.0416886244363,61.822221692093024,61.02167495603484,61.542030334472656,0.0
1997-11-21,61.8822904138294,62.00237247802183,61.26186641550188,61.962345123291016,0.0
1997-11-24,61.48201711554276,61.70216756745389,60.60141530789826,60.84157943725586,0.0
1997-11-25,61.24186936325914,61.361951460049845,60.62144519650717,61.00170516967773,0.0
1997-11-26,61.40194742578988,61.47199527976324,61.04170131964118,61.18179702758789,0.0
1997-11-28,61.32187977709801,61.642098470451,61.2218114354252,61.241825103759766,0.0
1997-12-01,61.62212752323691,62.82294845581055,61.502045429979546,62.82294845581055,0.0
1997-12-02,62.5627700805664,62.7529000600179,62.28257853190104,62.44268798828125,0.0
1997-12-03,62.52271148593863,63.10310797540477,62.04238335672528,62.622779846191406,0.0
1997-12-04,63.08315735449032,63.22325319886895,62.36266444054309,62.562801361083984,0.0
1997-12-05,62.36259771794062,63.403308591282375,62.20248835281112,63.36328125,0.0
1997-12-08,63.383341504381846,63.40335518973214,62.92302674132508,63.183204650878906,0.0
1997-12-09,62.90302407171713,63.143188337978856,62.5227639834694,62.802955627441406,0.0
1997-12-10,62.48271228982796,62.66283541942708,61.78223345249805,62.2625617980957,0.0
1997-12-11,61.68213705707797,61.86226010494095,61.04169955356516,61.20180892944336,0.0
1997-12-12,61.762204100506736,61.80223145248374,60.7815339770703,61.321903228759766,0.0
1997-12-15,61.6421242561402,62.19250036557002,61.40196013566173,61.94232940673828,0.0
1997-12-16,62.26256789867129,62.64282787619453,62.04241738536837,62.32260894775391,0.0
1997-12-17,62.66283951889245,62.68285320126834,61.93234011217269,62.00238800048828,0.0
1997-12-18,62.08242345509039,62.08242345509039,60.98167126617034,61.40195846557617,0.0
1997-12-19,60.7822733588868,61.646285839690805,59.39583472689896,60.94301986694336,0.0
1997-12-22,61.36498647029042,61.666386207374366,60.80237362773373,61.33484649658203,0.0
1997-12-23,61.36495596063065,61.48551579552384,60.13926430588329,60.23973083496094,0.0
1997-12-24,60.721974247472666,60.721974247472666,59.95842857526751,60.058895111083984,0.0
1997-12-26,60.52107533166028,60.52107533166028,60.05892900608651,60.300048828125,0.0
1997-12-29,60.82244027829638,61.54579933016908,60.72197374331405,61.48551940917969,0.0
1997-12-30,61.68647767340661,62.5303969119353,61.62619772779742,62.45002365112305,0.0
1997-12-31,62.28927211921137,62.77151164529558,62.16871223769031,62.40983200073242,0.0
1998-01-02,62.5705957626548,62.79162227305596,62.06826278447036,62.73134231567383,0.0
1998-01-05,62.912180655830845,63.29395370995438,62.2290078221361,62.87199401855469,0.0
1998-01-06,62.53040045366228,62.55049377000344,61.84722769806314,61.8673210144043,0.0
1998-01-07,61.78694114277268,62.18880742662811,61.22432834537507,62.02806091308594,0.0
1998-01-08,61.92757216310189,61.92757216310189,61.324772953207976,61.48551940917969,0.0
1998-01-09,61.244399828126326,61.40514628436813,59.09441597589223,59.35562896728516,0.0
1998-01-12,58.59208938923288,60.56123368283536,58.45143622540413,60.440673828125,0.0
1998-01-13,60.84254266957768,61.32478210949507,60.581329639622425,61.28459548950195,0.0
1998-01-14,61.5257389626366,61.70657882242227,60.90284611226373,61.56592559814453,0.0
1998-01-15,61.40516078811503,61.56590728232475,60.96310792903828,61.05352783203125,0.0
1998-01-16,61.88742185242373,62.16872831538929,61.50564879554189,61.92760848999024,0.0
1998-01-20,62.16870137893073,63.02266705721274,62.04814151846739,62.932247161865234,0.0
1998-01-21,62.51028084155439,62.811680459883966,61.82710837334068,62.32944107055664,0.0
1998-01-22,61.82711926489889,62.28926542774994,61.64627946204413,61.776885986328125,0.0
1998-01-23,62.04814198646173,62.22898177852071,61.08366309548045,61.68646240234375,0.0
1998-01-26,61.96780586988705,62.19887907595181,61.34491287962554,61.64631271362305,0.0
1998-01-27,61.60608583729126,62.69112453109874,61.50561929156835,62.2691650390625,0.0
1998-01-28,62.630892012803216,63.08299181077821,62.490238742322106,62.831825256347656,0.0
1998-01-29,62.91216871271303,64.01730102801142,62.73132887930057,63.17338180541992,0.0
1998-01-30,63.51499619941687,63.635556141585965,63.01266310704565,63.21359634399414,0.0
1998-02-02,64.23831428208152,64.62008718522807,64.13784772862189,64.25840759277344,0.0
1998-02-03,64.29860868637492,64.82103488195172,64.11776884944449,64.74066162109375,0.0
1998-02-04,64.47947655174583,65.04208962231263,64.25844998830887,64.66031646728516,0.0
1998-02-05,65.14256658127059,65.32340652551224,64.31874016861417,64.6201400756836,0.0
1998-02-06,64.94158620236104,65.34345245361328,64.74065307673493,65.34345245361328,0.0
1998-02-09,65.40373528235416,65.42382859580496,64.76074925192857,65.12242889404297,0.0
1998-02-10,65.22289701895492,65.88597637866704,65.06215050750956,65.74532318115234,0.0
1998-02-11,65.64485670704111,65.80560321872042,65.39369028254218,65.68504333496094,0.0
1998-02-12,65.40374153966843,66.18738083922206,64.86122202459283,65.96635437011719,0.0
1998-02-13,65.7051317130818,65.91611149381188,65.50419858857697,65.5845718383789,0.0
1998-02-17,66.10699237265237,66.28783216941648,65.68503284686949,65.90605926513672,0.0
1998-02-18,65.78552118860343,66.539020591344,65.765427871197,66.50888061523438,0.0
1998-02-19,66.38831495141658,66.48878152973289,66.06682190080438,66.15724182128906,0.0
1998-02-20,66.3280582284223,66.68973803699897,65.82572516095469,66.64955139160156,0.0
1998-02-23,67.0312883256792,67.0312883256792,66.44858228208066,66.91072845458984,0.0
1998-02-24,66.8102652339612,66.93082511107512,66.18737253553931,66.3883056640625,0.0
1998-02-25,66.70981003742759,67.4331694233756,66.62943677232226,67.21214294433594,0.0
1998-02-26,67.15186487621983,67.65419779719694,66.99111834150716,67.59391784667969,0.0
1998-02-27,67.49345126248426,67.85513096558778,67.21214482673709,67.59391784667969,0.0
1998-03-02,67.67428115240193,67.9957741745036,67.27241487477484,67.45325469970703,0.0
1998-03-03,67.21214441326558,67.91541049830721,67.21214441326558,67.83503723144531,0.0
1998-03-04,67.57381467870395,67.77474781780208,67.15185508659786,67.39297485351562,0.0
1998-03-05,66.54907693096646,67.1518765408484,66.32805040734308,66.77010345458984,0.0
1998-03-06,67.23222721066095,68.1163330078125,67.15185395637444,68.1163330078125,0.0
1998-03-09,67.8551279364993,68.29718088722568,67.67428809302032,67.8752212524414,0.0
1998-03-10,68.29720008603988,68.69906651784947,68.11636019172556,68.51822662353516,0.0
1998-03-11,68.77941884510155,69.00044531524355,68.65885895229681,68.8396987915039,0.0
1998-03-12,68.85978150700414,69.18127450499424,68.4780085718909,69.1209945678711,0.0
1998-03-13,69.3420418883191,69.44250848044938,68.71914901711136,68.85980224609375,0.0
1998-03-16,69.34205068231455,69.68363713887767,69.14111747257154,69.60326385498047,0.0
1998-03-17,69.64344503416984,69.80419158935547,69.2214853268076,69.80419158935547,0.0
1998-03-18,69.60326801865635,70.06541442871094,69.46261476342235,70.06541442871094,0.0
1998-03-19,70.06536080035247,70.32657378871053,69.86442773238473,70.24620056152344,0.0
1998-03-20,70.64956376875355,71.05258466874643,70.20624077876137,70.85107421875,0.0
1998-03-23,70.75034115442257,71.1332111293397,70.54883064130829,70.68988800048828,0.0
1998-03-24,70.97203949388641,71.45566497595719,70.89143524687461,71.2944564819336,0.0
1998-03-25,71.83851292386967,71.91911714594414,70.40778798204786,71.032470703125,0.0
1998-03-26,70.85108438838859,71.41531372936551,70.68987600525232,70.99214172363281,0.0
1998-03-27,71.41532584769968,71.4354768990111,70.28686697425972,70.68988800048828,0.0
1998-03-30,70.68986874203375,70.99213442935715,70.26669677978099,70.64956665039062,0.0
1998-03-31,71.03245292216828,71.6974375878226,70.7704892660014,70.89139556884766,0.0
1998-04-01,71.133213513798,71.62691428747733,70.54883300617756,71.46570587158203,0.0
1998-04-02,71.5362066803617,72.38255053404485,71.41530041554982,72.24149322509766,0.0
1998-04-03,72.44302438888953,72.7452901373828,72.12060759049669,72.60423278808594,0.0
1998-04-06,73.02735775358929,73.10796190122018,72.01980590820312,72.01980590820312,0.0
1998-04-07,72.06015932754731,72.18106563514387,71.03245571297659,71.5362319946289,0.0
1998-04-08,71.71759739300347,71.75789949887198,70.77049790509362,71.13321685791016,0.0
1998-04-09,71.29440489882094,71.75787898380479,71.27425385164773,71.69742584228516,0.0
1998-04-13,71.81833504179015,71.81833504179015,70.93168893016312,71.49591827392578,0.0
1998-04-14,71.65713314186468,72.10045623779297,71.51607579316021,72.10045623779297,0.0
1998-04-15,72.20120094239779,72.30195617675781,71.67727372372563,72.30195617675781,0.0
1998-04-16,71.77801360481551,71.89891986018577,71.25408649821102,71.45559692382812,0.0
1998-04-17,71.39518020719066,72.50348811331413,71.21382073164318,72.4027328491211,0.0
1998-04-20,72.22135235418988,72.58407119971872,72.14074816629457,72.38256072998047,0.0
1998-04-21,72.50345144591591,72.96692542680977,72.16088372090742,72.72511291503906,0.0
1998-04-22,72.78557080503127,73.14828959641848,72.74526871709936,72.92662811279297,0.0
1998-04-23,72.62439557484218,72.86620821271623,72.06016608646938,72.22137451171875,0.0
1998-04-24,72.06012820067947,72.52360217959883,71.15333128540246,71.45559692382812,0.0
1998-04-27,70.52865594445579,70.73016639001138,69.4001974493445,70.10548400878906,0.0
1998-04-28,70.7906364085143,70.81078745787626,69.7226307923312,70.00474548339844,0.0
1998-04-29,70.30699052369002,70.91152182655922,69.92412069853951,70.48834991455078,0.0
1998-04-30,71.29440345732041,72.17097399163173,71.19364822349152,71.79817962646484,0.0
1998-05-01,72.06015444079803,72.60423278808594,71.7780397422043,72.60423278808594,0.0
1998-05-04,72.6848304464078,73.06770036004289,72.32211158085877,72.42286682128906,0.0
1998-05-05,72.22136365228354,72.32211890291453,71.65713424875008,71.91909790039062,0.0
1998-05-06,72.3019757272165,72.3019757272165,71.05261048332368,71.07276153564453,0.0
1998-05-07,71.25411857349867,71.29442067676423,70.50852966308594,70.50852966308594,0.0
1998-05-08,70.93168209320515,71.81832811937022,70.93168209320515,71.65711975097656,0.0
1998-05-11,71.9392025390005,72.36237431864168,71.17346312822123,71.41527557373047,0.0
1998-05-12,71.4556456522726,72.20123473550274,71.15337980771983,72.18108367919922,0.0
1998-05-13,72.26165626162575,72.58407302129837,71.95939054943267,72.36241149902344,0.0
1998-05-14,71.91906776930016,72.66465631159888,71.79816151919766,71.99967193603516,0.0
1998-05-15,72.22135453314101,72.36241186621355,71.45561472503293,71.59667205810547,0.0
1998-05-18,71.39523287188639,71.95946276757164,70.82092744234963,71.31462860107422,0.0
1998-05-19,71.5765181120413,72.0198411408884,71.43546078468086,71.79817962646484,0.0
1998-05-20,72.28178122390267,72.54374474659872,71.49589065581452,72.48329162597656,0.0
1998-05-21,72.46312872017303,72.72509219997343,71.77799346531044,72.01980590820312,0.0
1998-05-22,72.06016403369689,72.26167455951818,71.5362366665615,71.73774719238281,0.0
1998-05-26,72.28182256177531,72.28182256177531,70.40777475072288,70.5891342163086,0.0
1998-05-27,69.98460120458832,70.87124746229114,69.36999413958976,70.68988800048828,0.0
1998-05-28,70.85109018765297,71.17350698031578,70.3271628995759,71.01229858398438,0.0
1998-05-29,71.3347025483411,71.45560882384676,70.30699920654297,70.30699920654297,0.0
1998-06-01,70.26667581468438,71.07271740705242,70.00471229716477,70.62939453125,0.0
1998-06-02,70.93170061622541,71.15336218065111,70.38762223081687,70.68988800048828,0.0
1998-06-03,70.85105259476504,71.05256298325982,69.56138610839844,69.56138610839844,0.0
1998-06-04,69.80321987876849,70.97198048874786,69.68231360877061,70.85107421875,0.0
1998-06-05,71.17351974759782,72.22137451171875,70.85110289709908,72.22137451171875,0.0
1998-06-08,72.18107206461816,72.52363996665571,71.99971258706887,72.1407699584961,0.0
1998-06-09,72.03999473935082,72.49339330764045,71.83848426455543,72.36241149902344,0.0
1998-06-10,71.97953759608248,72.9064857286188,71.73772503976865,71.89893341064453,0.0
1998-06-11,71.85864641352471,72.14076112182234,70.52867707440731,70.548828125,0.0
1998-06-12,70.85108727550669,71.21380615234375,69.80323274242183,71.21380615234375,0.0
1998-06-15,70.1659682788533,70.8712551512714,69.31962403195156,69.33977508544922,0.0
1998-06-16,69.90399957754029,70.4279269309609,69.48082748439289,70.40777587890625,0.0
1998-06-17,71.03242513209055,72.08027934680509,70.89136783395591,71.87876892089844,0.0
1998-06-18,71.69743858086025,71.85864698688805,71.41532387031162,71.55638122558594,0.0
1998-06-19,71.84472335217555,71.95590680136998,70.91482541345859,71.19783782958984,0.0
1998-06-22,71.31915219391291,71.84474685293836,71.1978611187532,71.54151916503906,0.0
1998-06-23,71.86490108699847,72.49157111054191,71.8042556008491,72.39049530029297,0.0
1998-06-24,72.55224826757032,73.54279164040703,72.1984827772715,73.36085510253906,0.0
1998-06-25,73.68430441662386,74.02796235217464,72.97677337284283,73.23957061767578,0.0
1998-06-26,73.30022642650468,73.6438844103024,73.1789353733996,73.54280853271484,0.0
1998-06-29,73.90664070189995,74.18965300218075,73.61352081946626,73.8055648803711,0.0
1998-06-30,73.6843356360274,73.86627226722747,73.1385257424272,73.30024719238281,0.0
1998-07-01,73.78536555083264,74.35139027286642,73.50235318981574,74.14923858642578,0.0
1998-07-02,74.20988791744725,74.31096376587745,73.90666037215668,74.2907485961914,0.0
1998-07-06,74.25031236327928,75.03870391845703,74.1088061867089,75.03870391845703,0.0
1998-07-07,75.028607780055,75.1195760502989,74.57376642883547,74.89720916748047,0.0
1998-07-08,74.95784438154705,75.64516010672844,74.8769837079963,75.44300842285156,0.0
1998-07-09,75.22067269180417,75.5036851663232,74.79615398002565,74.93766021728516,0.0
1998-07-10,75.05895224351936,75.64519237685145,74.43228175616437,75.34196472167969,0.0
1998-07-13,75.40261297266883,75.58454957233478,75.07917012881823,75.3621826171875,0.0
1998-07-14,75.64517966758667,76.43357143857435,75.64517966758667,76.2112045288086,0.0
1998-07-15,76.37290678853023,76.51441296839252,76.0292489231504,76.0696792602539,0.0
1998-07-16,76.13035732097129,76.71659745966171,75.72605377704684,76.59530639648438,0.0
1998-07-17,76.73678806849888,76.9793701171875,76.53463636125838,76.69635772705078,0.0
1998-07-20,76.8176487513951,77.13098389761788,76.29205431256976,76.69635772705078,0.0
1998-07-21,76.97939683644046,76.97939683644046,75.22067637300287,75.3621826171875,0.0
1998-07-22,75.2611067284842,75.67551787216776,74.73551210722698,75.3621826171875,0.0
1998-07-23,75.2408576635435,75.42279418126834,73.68428967856421,73.86622619628906,0.0
1998-07-24,74.37158948093268,74.45245013815577,73.017173472446,73.8055648803711,0.0
1998-07-27,73.5023850022628,74.39185280757071,72.99700556742876,74.33120727539062,0.0
1998-07-28,74.02797892927958,74.16948516972332,72.37033439836726,73.07786560058594,0.0
1998-07-29,73.56299910562564,73.82579629946271,72.6128861740608,72.7948226928711,0.0
1998-07-30,73.50236346327003,74.12903377882597,73.3608572629832,73.8864517211914,0.0
1998-07-31,73.96733699432791,74.06841288527397,72.00646470997431,72.3096923828125,0.0
1998-08-03,72.3096820974805,72.72409319141352,71.82451788994919,72.00645446777344,0.0
1998-08-04,72.59270093151342,72.59270093151342,69.21676635742188,69.21676635742188,0.0
1998-08-05,69.82318178537908,70.42963675166783,68.30704436965718,70.16683959960938,0.0
1998-08-06,69.94449070521763,70.83395821707589,69.58061763218471,70.47008514404297,0.0
1998-08-07,70.9552349995092,71.54147483283847,70.16684349951466,70.59136199951172,0.0
1998-08-10,70.34877117877733,70.93501093860047,69.98489822440433,70.18704986572266,0.0
1998-08-11,69.07524163095574,69.49976023623817,68.24641959207099,69.1358871459961,0.0
1998-08-12,69.70190217345525,70.42964825183239,69.54018082270477,70.30835723876953,0.0
1998-08-13,70.38920237104884,70.93501180930798,69.45930480957031,69.45930480957031,0.0
1998-08-14,70.08599578758572,70.32857783242305,68.42835181453063,68.65071868896484,0.0
1998-08-17,68.5698484356978,70.47007418833802,68.24640575439734,70.106201171875,0.0
1998-08-18,70.51051118014759,71.54148482412336,70.36900499371953,71.39997863769531,0.0
1998-08-19,71.86492587502896,71.86492587502896,70.91481293097091,71.2180404663086,0.0
1998-08-20,70.95520117567445,71.4201497873669,70.61154350616263,70.7934799194336,0.0
1998-08-21,69.9849492865317,70.32860732751121,68.24644390275304,70.22753143310547,0.0
1998-08-24,70.6722412109375,71.11697499430153,70.06578605180474,70.6722412109375,0.0
1998-08-25,71.40000167393794,71.96602660227039,70.27805940527894,70.83397674560547,0.0
1998-08-26,70.04557631456483,70.91482877676577,69.70191836439236,70.4296646118164,0.0
1998-08-27,69.21674231104105,69.58061537225562,66.93242809341615,67.11436462402344,0.0
1998-08-28,67.90277727627553,68.38794150807982,66.08341140700944,66.8718032836914,0.0
1998-08-31,67.11436798175176,67.28619693592191,61.45412007967632,62.10100555419922,0.0
1998-09-01,62.14142434229187,65.05240843640053,60.56464129131634,64.72896575927734,0.0
1998-09-02,64.56723503407984,65.82057522572448,63.900134609494806,64.26400756835938,0.0
1998-09-03,63.15221169422757,64.28426158375277,62.58618674946496,63.7586669921875,0.0
1998-09-04,64.32467435266051,64.56725640553037,61.93928416610679,63.233055114746094,0.0
1998-09-08,65.25457963665713,66.62921142578125,64.56726374209505,66.62921142578125,0.0
1998-09-09,66.46749359814089,66.71007569156475,64.97157068869367,65.01200103759766,0.0
1998-09-10,63.67783897419266,64.26407939649475,62.626649251444086,63.71826934814453,0.0
1998-09-11,63.51608220096299,65.78018188476562,62.74790552252996,65.78018188476562,0.0
1998-09-14,66.54833551965811,67.56920154145116,66.04295630094867,66.9122085571289,0.0
1998-09-15,66.5483441785291,67.4782420619472,66.16425592233469,67.31652069091797,0.0
1998-09-16,67.76122943333218,68.08467205592564,66.73025607381548,67.9229507446289,0.0
1998-09-17,66.14402877583223,66.64940796880161,65.8408012600506,65.98230743408203,0.0
1998-09-18,66.4588319552503,66.47911853399121,65.62708222687262,66.27625274658203,0.0
1998-09-21,64.6735981635989,67.12827362714829,64.22729353386265,66.23566436767578,0.0
1998-09-22,67.18914832002771,67.29058121302293,66.3168254402689,66.78341674804688,0.0
1998-09-23,67.43257748077963,69.46123504638672,67.37171775381142,69.46123504638672,0.0
1998-09-24,69.01490840340803,69.33949351053752,67.02682462223989,67.75714111328125,0.0
1998-09-25,66.94568592867405,68.43674893344907,66.62110078477745,67.6760025024414,0.0
1998-09-28,68.3657303128438,69.01490045231293,67.67598703965783,68.28458404541016,0.0
1998-09-29,68.4063494684016,68.77150791752118,67.10800831597642,68.1223373413086,0.0
1998-09-30,67.18911019590035,67.71656094019184,65.80962363390724,66.05306243896484,0.0
1998-10-01,64.9373482590156,65.92124747506129,63.67958018901904,64.14617156982422,0.0
1998-10-02,64.18670598431622,65.48504643406218,63.11151779937035,65.38361358642578,0.0
1998-10-05,64.6532900051047,64.89672881278001,62.54348700525188,64.06497955322266,0.0
1998-10-06,65.40390081390527,65.74877249933839,63.31438413157517,64.0041275024414,0.0
1998-10-07,64.02441840742546,64.93731410715111,62.15805386576414,63.050662994384766,0.0
1998-10-08,61.387171816571325,62.80723197095335,59.86567879401916,62.7057991027832,0.0
1998-10-09,62.9695237314289,64.12585841335269,61.062585834923,63.963565826416016,0.0
1998-10-12,65.32277714501846,65.85022814059936,64.71417984242512,64.89675903320312,0.0
1998-10-13,64.63304134354537,65.18077898205,64.10559028424463,64.67361450195312,0.0
1998-10-14,64.22729418216987,66.09365901626957,64.1664344593188,65.28219604492188,0.0
1998-10-15,64.99816005372678,69.62349728601446,64.87644065287711,68.791748046875,0.0
1998-10-16,68.89319615094168,69.29892757703674,68.16287958397056,68.81204986572266,0.0
1998-10-19,68.60919159867929,69.33950824491005,68.48747215764082,69.05549621582031,0.0
1998-10-20,69.826393408196,70.6277131466108,68.87292435236067,69.46123504638672,0.0
1998-10-21,69.3800736368052,69.86695134653715,68.73090335716256,69.21778106689453,0.0
1998-10-22,69.31922088852171,70.41469584549571,68.91348942297577,70.25240325927734,0.0
1998-10-23,70.0901266802609,70.11041325817125,69.31923671966757,69.35980987548828,0.0
1998-10-26,69.92783361029542,70.41471147703376,69.31923627687247,69.86697387695312,0.0
1998-10-27,70.39441752656599,70.7392893127192,68.99464380629709,69.46123504638672,0.0
1998-10-28,69.1772002459549,69.80608388455448,68.83232857317446,69.33949279785156,0.0
1998-10-29,69.52212347026827,71.04361727250641,69.21782470982063,71.02333068847656,0.0
1998-10-30,71.48987583680587,71.99704010920091,71.08414441888982,71.40872955322266,0.0
1998-11-02,71.9362024232662,72.62594604492188,71.53047088111579,72.62594604492188,0.0
1998-11-03,72.44332130101536,72.5853272514794,71.89558406351118,72.09844970703125,0.0
1998-11-04,73.01135258366642,73.41708391227807,72.1187436607208,72.86934661865234,0.0
1998-11-05,72.40278519879524,73.96485145273394,72.13905972735104,73.86341857910156,0.0
1998-11-06,73.6605602569413,74.37059044394019,73.55912737308431,74.08657836914062,0.0
1998-11-09,73.96488235987029,74.16774819190503,73.03169953251043,73.55915069580078,0.0
1998-11-10,73.35629272460938,73.9648902859308,72.86941467555224,73.35629272460938,0.0
1998-11-11,73.88367494018146,74.00539433876497,72.63605110470064,72.86934661865234,0.0
1998-11-12,72.90993506134951,73.4373858993003,72.50420364754123,72.78821563720703,0.0
1998-11-13,72.84909010446766,73.49826049804688,72.7882303800696,73.49826049804688,0.0
1998-11-16,74.14741521338894,74.23870478068312,73.28523596672163,74.04598236083984,0.0
1998-11-17,73.7822569442122,75.0603108863308,73.35623896350599,74.04598236083984,0.0
1998-11-18,74.20825949525522,74.65456395367391,73.68080877166948,74.49227142333984,0.0
1998-11-19,74.83715804864212,75.24288945579117,74.41114007113562,75.1414566040039,0.0
1998-11-20,75.5370292142273,75.79061129162166,75.20230087206677,75.70946502685547,0.0
1998-11-23,76.25726184345665,77.6570360033924,76.05439602317611,77.49474334716797,0.0
1998-11-24,77.25128193122694,77.67730003011239,76.8962668488224,77.00784301757812,0.0
1998-11-25,77.21070877895214,77.37300138805136,76.7441175277919,77.00784301757812,0.0
1998-11-27,77.55558775059848,77.71788037471691,77.26143236938381,77.57587432861328,0.0
1998-11-30,77.26141089900317,77.49470648134229,75.38490295410156,75.38490295410156,0.0
1998-12-01,75.38489483824192,76.62237562003222,74.79658430263669,76.35865020751953,0.0
1998-12-02,76.09494015708657,76.54124479143898,75.30376375982547,76.13551330566406,0.0
1998-12-03,76.11522762822575,76.80497116217023,74.71545398580902,74.87774658203125,0.0
1998-12-04,75.70950227151326,76.92669684179482,75.62835596682781,76.84555053710938,0.0
1998-12-07,76.64263904790032,77.55553443094837,76.60206591976485,77.21066284179688,0.0
1998-12-08,76.94698340183639,77.73815987235356,76.27752638832187,76.86583709716797,0.0
1998-12-09,77.04841616985293,77.23099535508955,76.52096519028048,77.00784301757812,0.0
1998-12-10,77.1498538362615,77.1498538362615,75.7703665733465,75.88194274902344,0.0
1998-12-11,75.5877682859895,76.17607888188152,75.01974426236961,76.03407287597656,0.0
1998-12-14,75.40519048250638,75.56748306358253,73.84312438964844,73.84312438964844,0.0
1998-12-15,74.45174290269341,75.79065708023504,74.35031001045542,75.75008392333984,0.0
1998-12-16,76.0340731092163,76.0340731092163,75.14146392650404,75.64862823486328,0.0
1998-12-17,76.09493587997858,76.98754509851204,75.97321644108764,76.85568237304688,0.0
1998-12-18,77.06011192708075,77.58931502008237,76.77515641546451,77.18223571777344,0.0
1998-12-21,77.67074412729093,79.03446002260762,77.5079123785964,78.2610092163086,0.0
1998-12-22,78.42380898632206,78.9530119537875,77.63000453512387,78.60699462890625,0.0
1998-12-23,78.9326986863835,80.25570678710938,78.68845103701872,80.25570678710938,0.0
1998-12-24,80.21499276610582,80.27605467381917,79.78755941211236,79.90968322753906,0.0
1998-12-28,80.27604971428813,80.31675765024873,79.46189099507629,79.70613861083984,0.0
1998-12-29,79.93001879178561,81.08001778891723,79.54329346531657,80.96807098388672,0.0
1998-12-30,80.72380588722905,81.25300885068542,80.13354104337387,80.31672668457031,0.0
1998-12-31,80.31672668457031,80.72380588722905,79.767169760981,80.31672668457031,0.0
1999-01-04,80.35744614488496,81.55832996518593,79.27868610291969,80.13355255126953,0.0
1999-01-05,80.0725316728317,81.33447802863128,80.0725316728317,81.04952239990234,0.0
1999-01-06,81.94508023189528,83.20702632587876,81.90437229337968,83.00348663330078,0.0
1999-01-07,82.31143426119606,82.86099131486873,81.9247089271301,82.59638977050781,0.0
1999-01-08,83.49197918095001,83.6955188669104,82.04684741063127,83.20702362060547,0.0
1999-01-11,83.166289348607,83.166289348607,81.55832633868533,82.41319274902344,0.0
1999-01-12,82.2096990128638,82.2096990128638,80.60173510545695,80.92739868164062,0.0
1999-01-13,78.42383319773573,81.4972821499439,78.40347923116481,80.35746002197266,0.0
1999-01-14,80.52027325434733,80.70345891139716,78.74947856953231,78.95301818847656,0.0
1999-01-15,79.70613516802763,81.27339063481469,79.50259549701633,81.0087890625,0.0
1999-01-19,81.60923327152216,81.82294993179177,80.43888013195051,81.53799438476562,0.0
1999-01-20,82.12825389709019,83.3291379069857,81.43621904393008,82.18931579589844,0.0
1999-01-21,81.7924006017405,81.96540928784596,79.84859712843796,80.01142883300781,0.0
1999-01-22,79.54327636905498,80.66274417875252,79.31938280711546,79.82823181152344,0.0
1999-01-25,80.29637767593407,80.76451878785967,79.40080337485901,80.64239501953125,0.0
1999-01-26,80.84594906611672,82.10789489746094,80.52028562576982,82.10789489746094,0.0
1999-01-27,82.3114673623113,82.47429914739995,80.86633526964955,81.15129089355469,0.0
1999-01-28,81.57867899867897,82.69814689910994,81.53797107502693,82.51496124267578,0.0
1999-01-29,82.94239543788728,83.56319128104202,81.68044978950715,83.14593505859375,0.0
1999-02-01,83.81762376309497,83.81762376309497,82.6574478149414,82.6574478149414,0.0
1999-02-02,82.76941667297787,82.86100953539724,81.26322293541476,82.14862060546875,0.0
1999-02-03,81.86365558997596,83.32914121963242,81.8433016228974,82.98312377929688,0.0
1999-02-04,82.96277713395685,83.04419300945631,81.2733977173429,81.74153900146484,0.0
1999-02-05,81.84328897702002,81.84328897702002,80.25567979019895,80.80523681640625,0.0
1999-02-08,81.47692009766178,81.47692009766178,80.33709808280565,80.96807098388672,0.0
1999-02-09,81.00875783867811,81.0901736757019,79.14637056675875,79.15654754638672,0.0
1999-02-10,79.54328150449508,80.11319242622638,79.0242554864898,79.6654052734375,0.0
1999-02-11,80.1538695869865,82.12820309382695,79.78749842076869,81.49723052978516,0.0
1999-02-12,81.29375264521677,81.74153996574626,79.8689748071684,80.52030181884766,0.0
1999-02-16,81.25303735277053,81.8229484364072,80.03179931640625,80.03179931640625,0.0
1999-02-17,80.23535691162235,81.64995795306267,79.62473775704379,79.95040130615234,0.0
1999-02-18,80.23531961501261,81.00877018461446,79.60434678191638,80.58133697509766,0.0
1999-02-19,80.76456689354879,81.90438941019161,80.35748742331921,80.92739868164062,0.0
1999-02-22,81.04948815547152,83.18665446795885,80.94771833106736,83.08488464355469,0.0
1999-02-23,83.10525135713465,83.69551642922794,82.45392438103171,83.044189453125,0.0
1999-02-24,83.26807641316793,83.91940333695707,81.41586547364255,81.57869720458984,0.0
1999-02-25,81.1105462754103,81.59904140981679,79.90966240332769,80.80523681640625,0.0
1999-02-26,81.25303446914913,81.31409636880029,79.99108854302506,80.47958374023438,0.0
1999-03-01,80.54064422261068,80.96807751264728,79.7061316087297,80.70347595214844,0.0
1999-03-02,81.09019533113668,81.619398413117,79.66541780272816,79.99108123779297,0.0
1999-03-03,80.17427808548703,80.47958759837923,79.31941144938892,80.41852569580078,0.0
1999-03-04,80.8052755945535,81.73138139796716,80.28624926516784,81.43624877929688,0.0
1999-03-05,83.04413032461642,83.45120939483512,82.43351171928835,83.07466125488281,0.0
1999-03-08,83.55302044572245,83.88886084459077,82.88133964798583,83.61408233642578,0.0
1999-03-09,83.45126854378516,84.63179868416067,83.20702092853506,83.41056060791016,0.0
1999-03-10,83.67517683179585,84.18402611926724,83.22738945882104,84.14331817626953,0.0
1999-03-11,84.46895562860954,85.44594595877177,83.939752533105,85.07957458496094,0.0
1999-03-12,85.32380978496754,85.3441637472254,84.16363393626926,84.2654037475586,0.0
1999-03-15,84.63179593541616,85.48666256102644,84.34684039354607,85.46630859375,0.0
1999-03-16,85.40524947138856,85.7512669263489,84.97781614467284,85.1406478881836,0.0
1999-03-17,85.12024822624362,85.28307988234356,84.42821368781887,84.77423095703125,0.0
1999-03-18,84.53005932950342,86.21943927757681,84.50970535422543,86.13802337646484,0.0
1999-03-19,86.38770023575748,86.59173353815653,84.67382049560547,84.67382049560547,0.0
1999-03-22,84.91867235338762,85.26552901605163,84.50040402488104,84.8370590209961,0.0
1999-03-23,84.42898986574563,84.57181319321306,82.07240496253306,82.38865661621094,0.0
1999-03-24,82.8171416308251,83.03137666091224,82.02141151907291,82.85794830322266,0.0
1999-03-25,83.61287623298675,84.55142974853516,83.40884286004145,84.55142974853516,0.0
1999-03-26,83.98012246376227,84.30657580667291,83.38842577973674,83.93931579589844,0.0
1999-03-29,84.32698379745648,85.81642725673892,84.32698379745648,85.63279724121094,0.0
1999-03-30,84.83708792132532,85.6736248633105,84.59224784074429,85.18394470214844,0.0
1999-03-31,85.63276004512679,85.92860827497057,83.77605736127963,83.81686401367188,0.0
1999-04-01,84.67385383526695,84.67385383526695,83.65368692158904,84.44941711425781,0.0
1999-04-05,85.48997965009814,86.57135648099437,85.04110624859405,86.44893646240234,0.0
1999-04-06,86.30611357408013,86.8263986559097,85.63280346818306,86.24490356445312,0.0
1999-04-07,86.63254104682298,87.08141431649564,85.775601168357,86.93859100341797,0.0
1999-04-08,86.95901326591695,88.10160001929361,86.36731655434689,88.04039001464844,0.0
1999-04-09,87.77512912555797,88.46884237294732,87.2242391938076,88.06077575683594,0.0
1999-04-12,87.14265539841824,89.06056914401677,86.97942869666518,88.99935913085938,0.0
1999-04-13,88.95850314926761,89.10132643414029,87.81591687028619,88.42801666259766,0.0
1999-04-14,88.83610073430694,88.83610073430694,86.63254104682298,86.93859100341797,0.0
1999-04-15,87.12222009665552,87.20383341758917,85.53076033844964,86.61213684082031,0.0
1999-04-16,86.77534799356023,86.77534799356023,85.65316503102888,85.87760162353516,0.0
1999-04-19,86.63257015257729,87.8363670529546,83.81690960593205,84.55142974853516,0.0
1999-04-20,84.755478803491,85.65322581055734,84.22499193567907,85.61241912841797,0.0
1999-04-21,85.57156939855652,88.55045569616959,85.14309945163957,88.06077575683594,0.0
1999-04-22,88.22402117792444,89.04015458382568,87.74454280195746,88.89733123779297,0.0
1999-04-23,88.71368874463407,89.28498204841736,88.14239544085078,88.67288208007812,0.0
1999-04-26,89.12175051676712,89.32578382838976,88.44844058841242,89.1829605102539,0.0
1999-04-27,89.52982923024773,89.77466923725844,88.69329253962782,89.61144256591797,0.0
1999-04-28,89.08093548437455,89.61142204474874,88.14238233909713,88.38722229003906,0.0
1999-04-29,88.50966590513987,88.83611926025333,87.36707916224272,87.71393585205078,0.0
1999-04-30,88.20362134543413,88.5504780567162,85.85723771029073,86.99982452392578,0.0
1999-05-03,87.12223049464285,88.69328711012001,86.89779383528897,88.59127044677734,0.0
1999-05-04,88.22398693762092,88.672860136656,86.91817399497344,87.32624053955078,0.0
1999-05-05,87.44868804195936,88.18320805351105,86.08166468712704,88.01998138427734,0.0
1999-05-06,87.7751421638689,88.22401550826804,86.42852213067147,87.47929382324219,0.0
1999-05-07,87.81594170464409,88.22400834825304,87.1222284105089,88.14239501953125,0.0
1999-05-10,88.0404133545433,88.61170688268403,87.18347306233223,87.7037582397461,0.0
1999-05-11,88.34643045475492,89.36659708818166,87.95876713405276,88.59127044677734,0.0
1999-05-12,88.63211201836901,89.5910690314591,85.85725768261898,89.28501892089844,0.0
1999-05-13,89.61145844443259,90.10113854522184,89.32581171897219,89.67266845703125,0.0
1999-05-14,87.85678609925101,88.71372641884426,87.16307250719933,87.3467025756836,0.0
1999-05-17,87.2446479815131,87.80573961376089,86.42851469824356,87.61190795898438,0.0
1999-05-18,87.83636334339592,88.13221172167216,86.5917598209924,87.44869995117188,0.0
1999-05-19,87.79557576200492,88.14243255678858,86.99984546808946,88.08122253417969,0.0
1999-05-20,88.22404572080826,88.53009583316074,87.53033213280932,87.55073547363281,0.0
1999-05-21,87.57112623294735,87.93838631500537,86.57136267623383,87.06104278564453,0.0
1999-05-24,87.38750980148097,87.38750980148097,85.13294061328027,85.61241912841797,0.0
1999-05-25,85.77559035693028,86.40809352083724,83.85767753734144,84.22493743896484,0.0
1999-05-26,84.4290007484776,85.53078084524363,83.63327067859103,85.16352081298828,0.0
1999-05-27,84.77585248710696,85.06149916215377,83.57205578512396,83.93931579589844,0.0
1999-05-28,84.22496206488884,85.36754875956757,83.95971872505271,85.01049041748047,0.0
1999-06-01,84.95950835564233,84.97991169578538,83.81692130763177,84.71466827392578,0.0
1999-06-02,84.7146589262653,85.00030565674886,83.58227367327693,84.79627227783203,0.0
1999-06-03,85.32676635435477,85.4491863921659,84.73506950493434,85.26555633544922,0.0
1999-06-04,85.83680656195078,87.07120798743166,85.48994996305534,86.9793930053711,0.0
1999-06-07,87.12221358945898,87.61189347848638,86.7753570013979,87.20382690429688,0.0
1999-06-08,87.0814516684058,87.35689674748816,85.91846133450254,86.34693145751953,0.0
1999-06-09,86.44892694370411,86.89780029578377,86.06126359418077,86.26529693603516,0.0
1999-06-10,85.81642302410448,85.83682635815681,84.61262631501694,85.46956634521484,0.0
1999-06-11,85.67359739550616,86.32650406772721,84.28617071703643,84.75544738769531,0.0
1999-06-14,85.32673901534528,85.36754568154105,84.58201735727256,84.8370590209961,0.0
1999-06-15,85.18393425866284,85.95926108544829,84.92889253932553,85.40837097167969,0.0
1999-06-16,86.4285416314706,87.40790187658641,86.4285416314706,87.04064178466797,0.0
1999-06-17,86.75499312511113,88.50968019208186,86.59176642120687,87.85677337646484,0.0
1999-06-18,87.79452492992176,88.20382341444353,87.3442965969478,87.95824432373047,0.0
1999-06-21,88.06057820014635,88.57220135957085,87.52849011434486,88.16290283203125,0.0
1999-06-22,87.75360709498452,88.53127432203894,87.42616826254054,87.54895782470703,0.0
1999-06-23,87.09873673141297,87.50803530627863,86.52571872660104,87.11920166015625,0.0
1999-06-24,87.01687035554966,87.05780020990316,85.56386052600025,86.46431732177734,0.0
1999-06-25,86.83271657219842,87.10899318632161,85.95272439388013,86.24946594238281,0.0
1999-06-28,86.89408431341545,87.50803215359501,86.77129474537954,87.30338287353516,0.0
1999-06-29,87.09873991459955,88.5312849789844,86.95548540816105,88.12198638916016,0.0
1999-06-30,88.16290439828468,90.04567765841519,87.65128122977096,89.7182388305664,0.0
1999-07-01,89.71820473233743,90.7005208425455,89.10425716345738,90.39354705810548,0.0
1999-07-02,90.45502023669108,91.35547745171696,90.31176567975514,91.29408264160156,0.0
1999-07-06,91.19170749818264,92.17402391647543,90.76194406517952,91.27356719970705,0.0
1999-07-07,91.06896148900309,91.4987251274905,90.71082512359688,91.39640045166016,0.0
1999-07-08,91.06893619443896,92.09218266853378,90.86428689962,91.46800231933594,0.0
1999-07-09,91.68289890492936,92.07173262796368,91.39638984585147,92.01033782958984,0.0
1999-07-12,92.29684376311792,92.29684376311792,91.35545688659832,91.60103607177734,0.0
1999-07-13,91.27356719970705,91.6317033938763,90.80287391594172,91.27356719970705,0.0
1999-07-14,91.68289262820512,91.8261471479367,90.86429537259616,91.78521728515624,0.0
1999-07-15,92.19448685870556,92.58332043258248,91.88751298459223,92.36843872070312,0.0
1999-07-16,92.50148902647608,93.09497203129196,92.17405012726732,92.86985778808594,0.0
1999-07-19,93.11545531942237,93.15638518989245,92.0512786872004,92.25592803955078,0.0
1999-07-20,91.76472426319349,91.94890858932388,90.06613547776863,90.36287689208984,0.0
1999-07-21,90.43454917922418,90.96663749754502,89.92292579622337,90.2605972290039,0.0
1999-07-22,90.0047781377329,90.37314694320791,88.71548731857028,89.07362365722656,0.0
1999-07-23,89.49315654902168,89.71827082344181,88.49037478115018,88.89967346191406,0.0
1999-07-26,88.32661067134595,89.14520761918048,88.16289128177905,88.2447509765625,0.0
1999-07-27,89.06335842269435,89.85125807785835,88.65405990053122,88.98149871826172,0.0
1999-07-28,89.22709839762706,89.92290604568194,88.79733485029904,89.26802825927734,0.0
1999-07-29,88.36755708837697,88.57220636370901,87.30338085665034,88.0196533203125,0.0
1999-07-30,88.28571354063217,88.63361737238709,86.81223848849366,86.93502807617188,0.0
1999-08-02,86.93503725007982,88.24479299019401,86.77131778256555,87.13968658447266,0.0
1999-08-03,87.56940855176565,87.65126824660254,86.03453927357391,86.7303466796875,0.0
1999-08-04,86.91454612330386,87.67174843236019,85.42060643246299,85.54339599609375,0.0
1999-08-05,85.70714268474117,86.40295043337565,84.37692198882232,86.32109069824219,0.0
1999-08-06,85.93223753551509,86.44386076447148,84.80666643181102,85.37968444824219,0.0
1999-08-09,85.52294211349836,86.310841915214,84.97038900580166,85.19550323486328,0.0
1999-08-10,85.05223676872856,85.23642111206796,83.16946348125911,84.25410461425781,0.0
1999-08-11,84.92948560941296,85.48203888928143,84.23367777550452,85.27738952636719,0.0
1999-08-12,85.58431722141998,86.32105452892145,85.07269409121064,85.22618103027344,0.0
1999-08-13,86.19827597098181,87.26245221753715,85.87083712588787,87.20105743408203,0.0
1999-08-16,87.18057578969224,87.73312873483817,86.60755792065201,87.58987426757812,0.0
1999-08-17,88.04011327376936,88.30615731667011,87.1805863659362,88.16290283203125,0.0
1999-08-18,87.88663202338836,87.9991891257585,87.26245172842658,87.52849578857422,0.0
1999-08-19,86.68944339131703,87.2522289657413,86.23921493177761,86.8122329711914,0.0
1999-08-20,87.13966191936123,87.83546945934674,86.89408278760165,87.69221496582031,0.0
1999-08-23,88.28572742906785,89.42153129376726,88.18340275657239,89.37036895751953,0.0
1999-08-24,89.10430905766174,90.35266984142778,88.65408057827071,89.69779205322266,0.0
1999-08-25,89.84103844633164,90.88474982691544,89.16569578830682,90.61870574951172,0.0
1999-08-26,90.55731170654296,90.64940388793944,89.3908107421875,89.53406524658203,0.0
1999-08-27,89.63636745186328,89.75915699631788,88.44940185546875,88.44940185546875,0.0
1999-08-30,88.63361173932815,88.73593638922347,86.44386423156826,86.8122329711914,0.0
1999-08-31,87.05782033953687,87.58990856916263,85.7071348335638,86.48480224609375,0.0
1999-09-01,87.05779957604108,87.57965521524865,86.6485010354861,87.54895782470703,0.0
1999-09-02,86.5257125051398,86.88384873239617,85.56386092336554,86.5154800415039,0.0
1999-09-03,88.32664275470752,89.39081917343894,88.20385316793082,89.04291534423828,0.0
1999-09-07,89.10429535792085,89.47266405714974,88.55174230907753,88.71546173095703,0.0
1999-09-08,88.30615523351139,89.10428734338554,87.77406716026196,88.28569030761719,0.0
1999-09-09,88.2447509765625,88.57218975569631,87.54894357090315,88.2447509765625,0.0
1999-09-10,89.2270778315596,89.29870507293813,88.36755093501705,88.98149871826172,0.0
1999-09-13,88.4903800198501,88.71549430759717,88.08108131485541,88.37782287597656,0.0
1999-09-14,87.7945556640625,88.12199456630609,87.34432717347757,87.7945556640625,0.0
1999-09-15,88.69497979189875,88.69497979189875,86.3619784775756,86.40290832519531,0.0
1999-09-16,86.77131324327961,86.97596256696659,85.33876797747075,86.74061584472656,0.0
1999-09-17,87.09776602771794,87.95971375937773,86.78992755212516,87.83657836914062,0.0
1999-09-20,87.95968011009063,88.00072522446771,87.405571066,87.71340942382812,0.0
1999-09-21,86.85151554202487,86.99517353087037,85.47650336307504,85.8664321899414,0.0
1999-09-22,86.1947833728756,86.58471215480051,85.20970013432846,85.7740707397461,0.0
1999-09-23,86.56421492456342,86.56421492456342,83.8141900786906,83.9783706665039,0.0
1999-09-24,83.8962631225586,84.30671450769832,82.95222493673724,83.8962631225586,0.0
1999-09-27,84.5529607167945,85.20968274177932,84.24512226758287,84.45034790039062,0.0
1999-09-28,84.01937762553715,84.59400942170593,82.45966275022185,84.28617095947266,0.0
1999-09-29,84.34775984657405,84.79925637130023,83.23954110406432,83.28058624267578,0.0
1999-09-30,83.69101557314976,85.00445966257632,83.3831771146904,84.55296325683594,0.0
1999-10-01,84.01937204786415,84.42982330359382,83.15742441083184,84.36825561523438,0.0
1999-10-04,84.84030369818781,85.9485224692817,84.5529877204968,85.8664321899414,0.0
1999-10-05,85.84588470824028,86.66678726342306,84.51191805606824,85.78431701660156,0.0
1999-10-06,85.86642424415352,87.2209137279284,85.82537910828155,87.0977783203125,0.0
1999-10-07,87.25170846821572,87.34406003545246,86.35897665159396,86.6052474975586,0.0
1999-10-08,86.52315121605282,87.91868591308594,86.18452882633156,87.91868591308594,0.0
1999-10-11,87.73397927755839,88.08286293784342,87.54927616328985,87.7750244140625,0.0
1999-10-12,87.42615347603838,87.54928890346942,86.15375405925097,86.42054748535156,0.0
1999-10-13,85.82535290729703,86.23580414071309,84.18354797363281,84.18354797363281,0.0
1999-10-14,84.37853474536776,84.84029250574008,83.23953226978271,84.16304779052734,0.0
1999-10-15,82.74700652801239,83.23954823353627,81.76192311696462,82.00819396972656,0.0
1999-10-18,82.04920805178814,82.70593007721516,81.06412501364761,82.60331726074219,0.0
1999-10-19,83.52684480937447,84.22461206331027,82.70594215768529,83.4037094116211,0.0
1999-10-20,83.89624832480506,85.02498943485014,83.4857970120614,84.224609375,0.0
1999-10-21,83.54736915300059,84.71715545654297,83.15744038515314,84.71715545654297,0.0
1999-10-22,85.20969184327521,86.17425242049917,85.0865564504381,85.43544006347656,0.0
1999-10-25,84.9224186689597,85.68175397363623,84.55301230452247,85.00450897216797,0.0
1999-10-26,85.49701677616184,85.82537785835545,83.93730163574219,83.93730163574219,0.0
1999-10-27,84.30670698827328,85.57910616871946,84.22461671856706,85.45597076416016,0.0
1999-10-28,86.97464359210802,88.56514261957108,86.81046304733765,88.37017822265625,0.0
1999-10-29,89.21161217237041,90.42244380756016,89.12952189201857,89.970947265625,0.0
1999-11-01,89.64253220089904,89.97089312471185,89.02685546875,89.02685546875,0.0
1999-11-02,89.29372512466647,90.13515071191338,88.39073181152344,88.39073181152344,0.0
1999-11-03,89.31420853393104,89.56047932952092,88.73957667755464,88.98584747314453,0.0
1999-11-04,89.80672096676781,90.20691087966816,89.16026033823647,89.6630630493164,0.0
1999-11-05,91.03811200748004,91.35621181273612,89.82728049069887,90.54557037353516,0.0
1999-11-08,89.97092531729436,90.87391818088034,89.80674479664236,90.62764739990234,0.0
1999-11-09,90.95601034649496,91.07914573956332,89.49890819518603,89.77596282958984,0.0
1999-11-10,89.47838679608613,90.88418255194208,89.36551268430208,90.44294738769533,0.0
1999-11-11,90.75078325925752,90.9560089111328,90.27876425994432,90.9560089111328,0.0
1999-11-12,91.44858585146116,91.93086631993276,90.05305087886258,91.77694702148438,0.0
1999-11-15,91.83850472956082,92.10529815112156,91.5511887371108,91.99242401123048,0.0
1999-11-16,92.3104969801101,93.911257043349,92.00265850641031,92.76199340820312,0.0
1999-11-17,93.41869093650016,93.87018724594722,92.80301415089052,93.00823974609376,0.0
1999-11-18,93.5418807455158,93.91128703191758,93.0082938873799,93.6650161743164,0.0
1999-11-19,93.5213256785744,93.89073183662012,93.25453234220804,93.58289337158205,0.0
1999-11-22,93.5418477360683,93.91125389211246,92.92617080932806,93.56237030029295,0.0
1999-11-23,93.8086128378368,93.8086128378368,92.1873307520374,92.74143981933594,0.0
1999-11-24,92.43362122455304,93.54183959625064,91.9410797260208,93.23400115966795,0.0
1999-11-26,93.5623841852516,93.82917755976536,92.76200406171029,92.88513946533205,0.0
1999-11-29,92.5156870636866,93.20319272398685,92.22837126535217,92.55673217773438,0.0
1999-11-30,92.43363868074886,93.45976699647652,91.28437496713386,91.46907806396484,0.0
1999-12-01,91.48961866774856,92.26947634145304,91.28439296414214,92.2079086303711,0.0
1999-12-02,92.35154210993672,92.8440836678564,92.18736159063018,92.76199340820312,0.0
1999-12-03,93.9317834685477,95.45045333454564,93.9317834685477,94.46537017822266,0.0
1999-12-06,94.26014258121084,94.38327797321764,93.41871740249763,93.7676010131836,0.0
1999-12-07,94.09593540067074,94.11645796019108,92.84405926993118,93.00823974609376,0.0
1999-12-08,92.8235601196018,93.29557910760774,92.26945087281224,92.4131088256836,0.0
1999-12-09,93.1314250697352,93.39821848663836,91.5306645683162,92.86463165283205,0.0
1999-12-10,93.43926350933864,93.78814720792391,92.51574783661292,93.17247009277344,0.0
1999-12-13,92.88515050010714,93.72657585815054,92.78253765156526,93.3366470336914,0.0
1999-12-14,93.00824835795916,93.57261879702445,92.35152639250136,92.4336166381836,0.0
1999-12-15,92.1873807469021,93.38795104380632,91.96163248594574,92.92619323730467,0.0
1999-12-16,93.37769217310816,93.6855307187338,92.70044737273176,93.3366470336914,0.0
1999-12-17,94.14180276731206,94.34753223140147,93.52461437504384,93.93607330322266,0.0
1999-12-20,93.85377175587574,94.2652306412588,92.88684337522557,93.25715637207033,0.0
1999-12-21,93.2159800639312,94.84124213081502,93.05139656348727,94.6766586303711,0.0
1999-12-22,94.55325571365256,94.92356872558594,94.12122386639696,94.92356872558594,0.0
1999-12-23,95.46874063802083,96.4356689453125,95.45845416666668,96.4356689453125,0.0
1999-12-27,96.44593622948824,96.63109267702778,95.499581053175,96.30192565917967,0.0
1999-12-28,96.03448209073514,96.44594088289767,95.77732034563356,96.2402114868164,0.0
1999-12-29,96.32249011563056,96.6516571044922,95.66415613790734,96.6516571044922,0.0
1999-12-30,96.85741669172674,97.14543789684232,96.2402283950505,96.53853607177734,0.0
1999-12-31,96.67220660919838,97.10423817736036,96.28132090467088,96.69277954101562,0.0
2000-01-03,97.59805561454192,97.59805561454192,94.71784318072324,95.74649047851562,0.0
2000-01-04,94.49154677246038,94.84128687590731,91.93021483839304,92.0022201538086,0.0
2000-01-05,92.12563268116544,93.17485270500184,90.35635969979424,92.16677856445312,0.0
2000-01-06,91.91989271437409,93.15426907132628,90.68551635742188,90.68551635742188,0.0
2000-01-07,92.37251726677242,95.95220947265624,92.2079337170766,95.95220947265624,0.0
2000-01-10,96.28138732910156,96.71341919532188,95.4790424346924,96.28138732910156,0.0
2000-01-11,95.9933821140276,96.17853865903966,94.4709838550396,95.12931823730467,0.0
2000-01-12,95.19101958901877,95.19101958901877,94.05950757747866,94.18294525146484,0.0
2000-01-13,95.10870270400213,95.95219325361582,94.32693097509188,95.45844268798828,0.0
2000-01-14,96.4665259284819,97.08371419417917,96.09621296906354,96.75454711914062,0.0
2000-01-18,95.68474543375667,96.5282359869246,95.58188073215084,95.99333953857422,0.0
2000-01-19,95.66417713554536,96.77511596679688,95.45844772235066,96.77511596679688,0.0
2000-01-20,96.75456341890062,96.75456341890062,94.67669590767184,95.29388427734376,0.0
2000-01-21,95.78759171383972,95.78759171383972,94.84123664106554,95.0881118774414,0.0
2000-01-24,95.890458018019,96.01389563829537,91.77587067547368,92.39305877685548,0.0
2000-01-25,92.50623006497328,93.44229888916016,91.50844241721364,93.44229888916016,0.0
2000-01-26,92.82509778628496,93.18512420722024,92.22848257444934,92.70166015625,0.0
2000-01-27,93.38058757781982,93.62746289197136,90.9324073791504,92.33136749267578,0.0
2000-01-28,91.79643298292116,92.2078916695322,89.22481619160222,89.45111846923828,0.0
2000-01-31,89.41000818917958,91.9507665903217,88.87511168367597,91.8787612915039,0.0
2000-02-01,92.00213376740923,93.27765529996276,91.19978957757718,92.78390502929688,0.0
2000-02-02,93.0102749437054,93.64803617424177,92.4136595990101,92.86626434326172,0.0
2000-02-03,92.7428004091247,94.30634362808954,92.16675817055872,94.26519775390624,0.0
2000-02-04,94.26520682624786,94.80010324211044,93.56572689781214,93.87432098388672,0.0
2000-02-07,93.85375380411392,93.99776438645252,93.11312795208671,93.73031616210938,0.0
2000-02-08,94.77953414784824,95.17042000606598,94.55323180888008,95.0058364868164,0.0
2000-02-09,95.1087170140824,95.1087170140824,92.99999032276864,93.0102767944336,0.0
2000-02-10,93.2366186213546,93.85380718239622,92.7428677725213,93.19547271728516,0.0
2000-02-11,93.3805785125416,93.4422973350879,90.87067972899236,91.3027114868164,0.0
2000-02-14,92.02281831925914,92.02281831925914,91.0558895329848,91.83766174316406,0.0
2000-02-15,91.6730316327727,92.96912700819117,90.71638980805908,92.87654876708984,0.0
2000-02-16,92.4136474801482,92.78396040415592,91.37471399890433,91.50843811035156,0.0
2000-02-17,92.45479597705906,92.45479597705906,90.99411717991372,91.03526306152344,0.0
2000-02-18,91.42615651049184,91.42615651049184,88.62823632925267,89.08084106445312,0.0
2000-02-22,88.99850270968396,89.75970118408486,87.90813732743402,88.8544921875,0.0
2000-02-23,89.286559360251,90.50036281699174,88.54593352223971,89.90374755859375,0.0
2000-02-24,89.98602530467404,90.21232760882388,87.62013757947113,88.09331512451172,0.0
2000-02-25,88.99855766265092,90.00663194038323,87.64074332937886,87.77446746826172,0.0
2000-02-28,87.80526664040305,89.98599725518345,87.3732351035126,89.61568450927734,0.0
2000-02-29,89.5745803777496,90.47978973388672,89.36885097862753,90.47978973388672,0.0
2000-03-01,90.60325646669548,91.5084661135017,90.33580816195727,91.13815307617188,0.0
2000-03-02,91.30267850986432,91.59069957771878,90.41804237288277,91.19981384277344,0.0
2000-03-03,92.45479733422331,93.29828791960452,91.98161968876558,92.90740203857422,0.0
2000-03-06,92.70170036070247,93.05144046414944,91.34388584143788,92.0022201538086,0.0
2000-03-07,92.16677629938148,92.26964100507276,89.0191163052285,90.2226333618164,0.0
2000-03-08,89.8420563980869,90.74726603433966,88.89570086927718,90.10950469970705,0.0
2000-03-09,90.35638181319148,92.74284362792967,89.61575573275547,92.74284362792967,0.0
2000-03-10,92.2902150966566,93.48344569754964,91.85818332736775,92.2490692138672,0.0
2000-03-13,89.98601776088641,92.47534289784736,89.32768384036781,91.240966796875,0.0
2000-03-14,91.69361610098488,92.22851267236148,89.63632159569016,89.94491577148438,0.0
2000-03-15,90.1094636333058,92.45477844020006,89.5745672738387,92.04331970214844,0.0
2000-03-16,93.23655727076118,96.67223799984704,92.7428067468207,96.34307098388672,0.0
2000-03-17,96.237296915318,97.68106262129147,95.9897942228654,96.97980499267578,0.0
2000-03-20,96.93858785576268,97.24796632764276,95.5566973480316,96.48483276367188,0.0
2000-03-21,96.05168450223286,98.83609021573972,95.37105199448676,98.46483612060548,0.0
2000-03-22,98.71237454562292,99.55800917921476,98.1348679665846,99.06300354003906,0.0
2000-03-23,98.4442088803591,101.29049021819476,98.4442088803591,100.75423431396484,0.0
2000-03-24,100.89864657708286,102.7961681398571,100.13551290509756,101.35240173339844,0.0
2000-03-27,101.22860656261248,101.49673449360554,100.19734528956224,100.27984619140624,0.0
2000-03-28,99.82615927403064,100.97086006735888,99.39302924412264,99.70240783691406,0.0
2000-03-29,100.03238141130234,100.64082579308244,98.7742421811808,99.80550384521484,0.0
2000-03-30,99.10422000027144,100.269545375925,97.1035728951671,98.13483428955078,0.0
2000-03-31,98.7535603587467,100.52732940445516,97.96980194320108,99.24856567382812,0.0
2000-04-03,99.08356471416378,99.8260726928711,98.1348045191489,99.8260726928711,0.0
2000-04-04,100.15613026742038,100.98113957769569,93.3188656085139,99.0836181640625,0.0
2000-04-05,97.59857656529223,99.5373479509933,97.43357474523256,98.46483612060548,0.0
2000-04-06,99.16605822476328,100.11481834920988,98.34104942089672,99.32074737548828,0.0
2000-04-07,100.0323452636618,100.40359932855786,99.33108758552478,99.94984436035156,0.0
2000-04-10,100.15613808324674,101.05333577818524,99.20737730239227,99.5580062866211,0.0
2000-04-11,99.00112092655958,100.07363306993064,97.92860878318852,99.26924896240234,0.0
2000-04-12,99.24857322335932,99.7642037991249,96.46416811422516,96.54666900634766,0.0
2000-04-13,97.33045322147152,97.78420824814503,94.8966762602226,95.2060546875,0.0
2000-04-14,94.13351037221796,94.25726170048996,88.11094572964836,89.7609634399414,0.0
2000-04-17,89.2247360392108,92.89602661132812,88.89473239227891,92.89602661132812,0.0
2000-04-18,92.77225746387478,95.35041046142578,92.2566268643646,95.35041046142578,0.0
2000-04-19,95.3710645117614,95.783569116051,94.07167500824907,94.46355438232422,0.0
2000-04-20,94.75227269417614,94.9997753655584,93.96851423479896,94.91727447509766,0.0
2000-04-24,93.391072197832,94.58733593181483,92.73106462046216,93.88607788085938,0.0
2000-04-25,95.4535072067573,97.7841567993164,95.3297559009577,97.7841567993164,0.0
2000-04-26,97.66046935221354,98.17610013020833,96.36107979166668,96.68077087402344,0.0
2000-04-27,94.38102434759271,97.24793046304625,94.38102434759271,96.36104583740234,0.0
2000-04-28,97.02107843797114,97.58827224261488,95.74231422386522,95.762939453125,0.0
2000-05-01,96.73230566372528,98.00075700665047,96.25792548669637,97.06230926513672,0.0
2000-05-02,96.03103732980033,97.10354891509876,95.12352752685548,95.12352752685548,0.0
2000-05-03,95.04105031638544,95.04105031638544,92.25664454539758,92.89602661132812,0.0
2000-05-04,93.72105669313298,93.95824686742236,92.8960473912568,93.59730529785156,0.0
2000-05-05,93.10226615176542,95.04103731221424,93.0197652513208,94.73165893554688,0.0
2000-05-08,94.21604312395884,94.62854769105148,93.61791150167451,94.02010345458984,0.0
2000-05-09,94.42227016956814,94.64914762082748,92.5763127252308,93.26725769042967,0.0
2000-05-10,92.73106940774356,93.04044797560748,90.91604847627528,91.1635513305664,0.0
2000-05-11,92.48351730147547,93.39102728391636,91.82351004151847,93.24665069580078,0.0
2000-05-12,93.59728639297988,94.69042349717289,93.47353502269384,94.25729370117188,0.0
2000-05-15,94.21607469348248,96.1032837202893,93.7210690471069,95.88671875,0.0
2000-05-16,96.73233367048736,97.49546721970016,95.90732442809514,96.81483459472656,0.0
2000-05-17,96.15482049291178,96.48482416684712,95.35043653769438,95.80419158935548,0.0
2000-05-18,96.11357185875944,96.56732691903684,94.62855529785156,94.62855529785156,0.0
2000-05-19,94.0923000163373,94.53574246490182,92.66915913489775,93.14353942871094,0.0
2000-05-22,93.22605008793856,93.37042671418097,90.42101849237228,92.44229125976562,0.0
2000-05-23,92.6897612032683,92.93726390341054,90.7922405021778,91.08099365234376,0.0
2000-05-24,91.08099332595252,92.85476267061556,90.0909825289313,92.56600952148438,0.0
2000-05-25,92.85477038106528,93.59727854048738,90.89537384925691,90.97787475585938,0.0
2000-05-26,91.61724950265194,92.19475580298383,90.63755131458892,91.08099365234376,0.0
2000-05-30,92.4010148968613,94.33978619157224,92.05038604569016,94.05103302001952,0.0
2000-05-31,94.09229187412387,95.04105237964988,93.78291344840886,94.25729370117188,0.0
2000-06-01,94.83477599441365,95.98978849021336,94.38102108534946,95.90728759765624,0.0
2000-06-02,98.29981710159409,98.402943221088,97.34074419030074,97.57793426513672,0.0
2000-06-05,97.330477117378,97.82548272255222,96.93859767994844,97.10359954833984,0.0
2000-06-06,96.7735897232684,97.53672331656782,96.29920938148769,96.67046356201172,0.0
2000-06-07,96.77357311715564,97.68108318048786,96.36106854291371,97.34076690673828,0.0
2000-06-08,97.35106967454564,97.51607148755336,96.40230924975134,96.95919036865234,0.0
2000-06-09,97.35104585451197,97.66042417820216,96.11353255975122,96.75291442871094,0.0
2000-06-12,97.00042016306656,97.00042016306656,95.6185302734375,95.6185302734375,0.0
2000-06-13,95.57734829112935,97.51612056980136,95.45359686908644,97.41299438476562,0.0
2000-06-14,97.84606217582088,98.25856665379652,97.14480456326233,97.57793426513672,0.0
2000-06-15,97.76353158168314,98.17603593434848,96.9178976587192,97.7841567993164,0.0
2000-06-16,98.11777091854748,98.11777091854748,96.50521589713014,96.980712890625,0.0
2000-06-19,96.89808369586152,98.67603018569385,96.75336712110771,98.22120666503906,0.0
2000-06-20,98.03514134576666,98.48996486107812,97.2495370920469,97.8697509765625,0.0
2000-06-21,97.20817063525884,98.20051265790718,97.1771599470511,97.82838439941406,0.0
2000-06-22,97.62161849517167,97.70431364002144,95.92636802575107,96.33984375,0.0
2000-06-23,96.46391867765615,96.67065660881272,95.18214350448542,95.51292419433594,0.0
2000-06-26,96.17447459941008,96.7533407405931,95.84369394730548,96.74300384521484,0.0
2000-06-27,96.57761774709844,97.0634518511457,95.93673020558928,96.0297622680664,0.0
2000-06-28,96.33985526779784,97.23916507555518,96.13311738095707,96.29850769042967,0.0
2000-06-29,95.76099847166064,96.4225597737101,94.94438373944332,95.3888702392578,0.0
2000-06-30,95.22348423541604,96.31919519166378,95.19247354797508,96.11245727539062,0.0
2000-07-03,96.2158237184508,97.53894634801264,96.05043338975555,97.43557739257812,0.0
2000-07-05,96.83603117604038,97.02209528376548,95.51290863221746,95.67829895019533,0.0
2000-07-06,95.88503549029448,96.8980511735684,95.40953833283936,96.42255401611328,0.0
2000-07-07,97.0427705724925,98.42791450695287,96.75333751156047,97.97309112548828,0.0
2000-07-10,97.82835963895673,98.51059460685308,97.60094798299129,97.80768585205078,0.0
2000-07-11,97.55958107507976,98.65529156395012,97.352843246991,98.014404296875,0.0
2000-07-12,98.75867288210566,99.31686508805434,98.36587095940104,98.65530395507812,0.0
2000-07-13,99.22382661790408,99.4822489187112,98.69664512425754,99.08944702148438,0.0
2000-07-14,99.52360067131106,100.06111907958984,99.01709294043296,100.06111907958984,0.0
2000-07-17,99.8853464008167,100.54690721729732,99.68894553342402,99.89568328857422,0.0
2000-07-18,99.64767661415544,99.64767661415544,98.80005114918023,99.0791473388672,0.0
2000-07-19,98.88272771646758,99.17216074762597,98.0764499868121,98.28318786621094,0.0
2000-07-20,98.5726298605258,99.64766693115234,98.44858712160736,99.64766693115234,0.0
2000-07-21,99.06880830497596,99.06880830497596,97.70433807373048,97.70433807373048,0.0
2000-07-24,97.99375876235716,98.47959279841528,96.96006932393568,97.14613342285156,0.0
2000-07-25,97.7456402202051,97.8076615655225,97.10475298525874,97.45620727539062,0.0
2000-07-26,97.22883933981772,97.3528820861581,96.35020321990652,96.50525665283205,0.0
2000-07-27,96.54660486498476,97.00142827120098,95.71965321731896,96.17447662353516,0.0
2000-07-28,96.40187496087144,96.52591769082323,93.62125043111868,94.00371551513672,0.0
2000-07-31,94.5619467788643,95.347551059056,93.98308046714408,94.6032943725586,0.0
2000-08-01,95.01674620282849,95.74032890889876,94.68596553719637,95.18213653564452,0.0
2000-08-02,95.18209577024123,96.19511112487672,95.01670550825992,95.6575927734375,0.0
2000-08-03,94.52056369916592,96.46389987320828,94.35517338648148,96.31918334960938,0.0
2000-08-04,96.7947043525572,97.0634636769022,96.19516432132608,96.83605194091795,0.0
2000-08-07,97.06344621392743,98.20050468927698,96.83603451885756,97.99376678466795,0.0
2000-08-08,97.58027893297309,98.44857802517328,97.58027893297309,98.36588287353516,0.0
2000-08-09,98.66567741060923,98.71736189327588,97.49760810234326,97.53895568847656,0.0
2000-08-10,97.60094925268008,97.81802401801647,96.77399776568429,97.0634307861328,0.0
2000-08-11,97.00138208980856,97.91102846916738,96.29847352394036,97.51822662353516,0.0
2000-08-14,97.7663631155722,98.94476926858287,97.29086589593628,98.75870513916016,0.0
2000-08-15,98.80002232904631,99.1101291160176,98.2831776840942,98.6759796142578,0.0
2000-08-16,98.7793395425012,99.19281522078712,97.80767169852936,98.32451629638672,0.0
2000-08-17,98.36588871226031,99.52362090391364,98.13847703175698,99.35823059082033,0.0
2000-08-18,99.48228158970716,99.48228158970716,98.71735132810716,99.02745819091795,0.0
2000-08-21,99.25485747042684,99.70968081230342,98.84138170508452,99.5649642944336,0.0
2000-08-22,99.60629687253729,100.10246771623608,99.29619009522553,99.3995590209961,0.0
2000-08-23,99.11017654637064,100.08184494388406,98.75872201961045,99.79241180419922,0.0
2000-08-24,99.99909384789322,100.22650547334842,99.56494438111513,100.10246276855467,0.0
2000-08-25,99.99909772478846,100.30920449879544,99.85438123025186,100.06111907958984,0.0
2000-08-28,100.06116510652603,101.1568762120314,100.06116510652603,100.40228271484376,0.0
2000-08-29,100.18519451084424,100.47462759444964,99.83374005218052,100.42294311523438,0.0
2000-08-30,100.10249641020415,100.2265391566852,99.46160888671876,99.46160888671876,0.0
2000-08-31,99.93711115597456,101.28090764441858,99.83374219532502,100.78473663330078,0.0
2000-09-01,101.38431665389264,101.61172845715382,100.5573646420338,100.88814544677734,0.0
2000-09-05,100.47461963788312,100.69169443339706,99.77171077621892,100.08181762695312,0.0
2000-09-06,100.0197694605482,100.52627718104912,98.9240588815054,98.94473266601562,0.0
2000-09-07,99.39960968605548,99.94746527188752,99.12051344421651,99.79241180419922,0.0
2000-09-08,99.42030598016196,99.5650225827532,98.7897550688717,99.11019897460938,0.0
2000-09-11,99.0687772497046,100.01977135519007,98.36586856304145,98.96540832519533,0.0
2000-09-12,99.06874956586948,99.3995300318657,98.20045084262938,98.2417984008789,0.0
2000-09-13,97.9110488787517,98.80002166206808,97.68363723650798,98.50025177001952,0.0
2000-09-14,99.15148284647626,99.19283042064076,98.01442455695243,98.99642944335938,0.0
2000-09-15,98.28139007581424,98.32284152671085,96.8305892944336,96.8305892944336,0.0
2000-09-18,97.07933797648823,97.4731269221657,95.638899464668,95.93942260742188,0.0
2000-09-19,96.25031117345556,97.03788908572758,95.97051375725366,96.80990600585938,0.0
2000-09-20,96.62339311277007,96.85137623680278,94.94460829034742,96.09488677978516,0.0
2000-09-21,95.81505657401568,96.54045717537636,94.5922384174362,94.6336898803711,0.0
2000-09-22,94.59224789053889,96.37466097524228,94.45753062250895,96.35393524169922,0.0
2000-09-25,96.7891493289888,96.87205224061962,95.31762264754164,95.66996002197266,0.0
2000-09-26,95.75286443332372,96.16737899797016,94.4471435546875,94.4471435546875,0.0
2000-09-27,95.21401459919367,95.48344912026236,94.26063090925835,94.944580078125,0.0
2000-09-28,94.96527395248414,97.04820935890592,94.76837956083232,96.16736602783205,0.0
2000-09-29,96.47826535894728,96.80987701216814,95.25544738769533,95.25544738769533,0.0
2000-10-02,95.69066519429572,96.10517966340684,94.934176288168,95.40050506591795,0.0
2000-10-03,95.85647227471335,96.6647755003812,94.36422016578808,94.5093002319336,0.0
2000-10-04,94.757998612094,95.66993035726723,94.01187263877044,95.29686737060548,0.0
2000-10-05,95.11036631861546,96.06374981189424,95.0481891342712,95.62850952148438,0.0
2000-10-06,95.42125429112032,95.92903464084502,92.6854581211751,93.55593872070312,0.0
2000-10-09,93.72175326347352,93.72175326347352,92.43675797326225,92.8512725830078,0.0
2000-10-10,92.91343935716708,93.6802912992182,91.31755828857422,91.31755828857422,0.0
2000-10-11,91.27607466858566,91.939297736114,89.61801699976485,90.55067443847656,0.0
2000-10-12,91.0481643067839,91.2554216805758,88.06365812418046,88.29164123535156,0.0
2000-10-13,88.16724208223447,91.29682683879707,88.12579062850516,91.23464965820312,0.0
2000-10-16,91.13101913162292,91.68025088213192,90.654327423634,91.64916229248048,0.0
2000-10-17,91.8149827274188,91.89788564636004,89.14136359156394,89.36934661865234,0.0
2000-10-18,87.96001964974005,90.28130197791414,86.32268657897438,89.03775787353516,0.0
2000-10-19,90.75798418191368,92.48858287549436,90.4885496547694,92.39531707763672,0.0
2000-10-20,91.7735624332526,93.63887874287155,91.7735624332526,92.78912353515624,0.0
2000-10-23,92.80980919381368,93.5352096676376,92.14658590346038,93.20359802246094,0.0
2000-10-24,93.4937495668649,94.13624706998458,92.1880288347185,92.58181762695312,0.0
2000-10-25,92.02225445061306,92.56112350820676,90.2812928799258,90.40564727783205,0.0
2000-10-26,90.94451817781564,91.29685564568776,88.89267057079566,90.65435791015624,0.0
2000-10-27,91.44191496303218,92.37457275390624,90.61288581558854,92.37457275390624,0.0
2000-10-30,91.81497425828374,93.57666112328468,91.62844270787188,93.20359802246094,0.0
2000-10-31,93.52480464847324,95.29685357865483,92.89267023478274,94.80979919433594,0.0
2000-11-01,94.3435063413372,95.00672958451004,93.6595573718152,94.48858642578124,0.0
2000-11-02,94.94453542950146,95.44195277294352,94.51965811531136,94.64401245117188,0.0
2000-11-03,95.15180488497926,95.33833641274332,94.42640449923012,94.69583892822266,0.0
2000-11-06,94.94457807335692,95.70106728961484,94.86167514554782,95.35909271240234,0.0
2000-11-07,94.93417390325794,95.50413128396738,94.5507480289625,95.33832550048828,0.0
2000-11-08,95.5455852286346,95.5455852286346,93.22430419921876,93.22430419921876,0.0
2000-11-09,92.85129117210164,93.65959482293022,91.02742652407822,92.87201690673828,0.0
2000-11-10,92.18804764115036,92.49893359317764,90.55071496047346,90.6128921508789,0.0
2000-11-13,89.94963167998691,90.8512005689453,88.2190339276185,89.9081802368164,0.0
2000-11-14,91.17245646885463,92.60253137141224,90.86157062047256,92.27091979980467,0.0
2000-11-15,92.22949976564468,92.92381173017256,91.35901909369927,92.56111145019533,0.0
2000-11-16,91.90823866607276,92.7683563579528,91.06884670170793,91.11029815673828,0.0
2000-11-17,91.06880238763668,92.18799112885937,90.03251651613422,90.62319946289062,0.0
2000-11-20,90.03254786798959,90.44706236093614,89.07916453421254,89.32787322998047,0.0
2000-11-21,89.45224758440547,90.32272821428153,88.55067836060527,89.78385925292969,0.0
2000-11-22,89.0998888452157,89.45222615863014,87.62836241860246,87.63872528076172,0.0
2000-11-24,88.6232227029281,89.51442910522603,88.6232227029281,89.43152618408203,0.0
2000-11-27,90.50923055083128,90.65431060896177,89.74237881499872,90.21907043457033,0.0
2000-11-28,89.6180410077495,90.59215014913808,88.63356900315466,88.66465759277344,0.0
2000-11-29,89.12061204396589,90.13617250679248,88.3848488515099,88.49884033203125,0.0
2000-11-30,87.87708234708134,88.54030561007818,86.05321837384002,87.73200225830078,0.0
2000-12-01,88.3330723567089,88.91339286961079,86.88227107445417,87.6905746459961,0.0
2000-12-04,87.46255932296779,88.78900572028294,87.21385062347119,88.4366683959961,0.0
2000-12-05,89.45226096544293,91.69064006281732,89.1413749796965,91.33830261230467,0.0
2000-12-06,91.37975179064608,91.75281496420736,89.55588738656877,89.87713623046875,0.0
2000-12-07,89.45225492436835,90.11547831583724,88.64395141601562,88.64395141601562,0.0
2000-12-08,90.9031058138613,92.4989879724722,88.78908009725988,88.85125732421875,0.0
2000-12-11,91.11031704103765,92.56111826780575,90.6750766730072,91.93934631347656,0.0
2000-12-12,91.64912266695636,92.06363701642248,91.11025401265044,91.54549407958984,0.0
2000-12-13,92.35384353222646,92.45747217173748,90.21909355829932,90.29163360595705,0.0
2000-12-14,90.11547436478028,90.5299889662742,88.89265629037318,89.14136505126953,0.0
2000-12-15,88.56242196937076,88.56242196937076,86.85769929296502,87.12796020507812,0.0
2000-12-18,87.85553916965284,88.79105721570926,87.65804091548539,88.2921142578125,0.0
2000-12-19,88.12587234209168,89.78901690150836,86.49391174316406,86.49391174316406,0.0
2000-12-20,85.56875628480817,85.7766492786974,83.88482303430538,83.98876953125,0.0
2000-12-21,83.82247735757744,85.72469875594508,83.51063778407455,84.57089233398438,0.0
2000-12-22,85.81821842603297,87.22149598023772,85.71427194053632,87.1071548461914,0.0
2000-12-26,87.0447925085723,88.04267883300781,86.67058513690898,88.04267883300781,0.0
2000-12-27,87.6476841035495,88.96780458281312,87.31505532137284,88.68714904785156,0.0
2000-12-28,88.35452303314744,89.06135921741262,88.20899793638696,88.95741271972656,0.0
2000-12-29,89.18609112089392,89.33161621130098,87.27347564697266,87.27347564697266,0.0
2001-01-02,87.81398971979621,87.91793620383953,84.86190957296594,85.6934814453125,0.0
2001-01-03,85.36085883952953,90.47502622251156,84.92428357512863,89.80976867675781,0.0
2001-01-04,89.76820251600525,90.121620636147,88.4792658425471,88.84307861328125,0.0
2001-01-05,88.79112027541531,88.89506679880024,85.94298553466797,85.94298553466797,0.0
2001-01-08,86.4003604077629,86.6082534790039,84.94510890907584,86.6082534790039,0.0
2001-01-09,87.17990442085495,87.4813491839651,86.09886113245994,86.3795166015625,0.0
2001-01-10,85.8182407693132,87.89717102050781,85.69350495424153,87.89717102050781,0.0
2001-01-11,87.21111207468071,88.8014934986886,87.21111207468071,87.98031616210938,0.0
2001-01-12,88.27134458223979,88.95739130179088,87.3358263283065,87.81398010253906,0.0
2001-01-16,87.81397139092273,88.60396450476152,87.49173735764637,88.37528228759766,0.0
2001-01-17,89.7058321907375,89.84096264479075,88.24018649677527,88.78070831298828,0.0
2001-01-18,88.7703435249072,90.2775683271451,88.43771460303402,89.6642837524414,0.0
2001-01-19,90.5997557291496,90.5997557291496,89.06134776128427,89.15489959716797,0.0
2001-01-22,89.31082312376488,90.32949871339814,88.8534585733173,89.74739837646484,0.0
2001-01-23,89.45636009649418,90.91161113222611,89.24846709138961,90.4542465209961,0.0
2001-01-24,90.64135298829468,91.3481892271942,90.37109207342132,90.7245101928711,0.0
2001-01-25,90.6413365440097,91.30659405992904,90.2463398939326,90.49581146240234,0.0
2001-01-26,89.91369955454162,90.55816769007706,89.44594042391105,90.39185333251952,0.0
2001-01-29,90.14241900722256,91.07377573360226,90.0559322572634,90.87420654296876,0.0
2001-01-30,90.67459910350708,91.75231300307932,90.33531128251298,91.6724853515625,0.0
2001-01-31,91.40637829374016,92.27121509148787,90.87418040376376,91.1535873413086,0.0
2001-02-01,91.20681731530136,91.77228016171524,90.6413443178625,91.75897216796876,0.0
2001-02-02,91.40637542634506,91.7988850617722,89.64344713129678,89.67671203613281,0.0
2001-02-05,89.67670588438905,90.43509896791616,89.64344098183497,90.3353042602539,0.0
2001-02-06,90.00936600050642,90.94072269071236,89.95614416806228,90.0692367553711,0.0
2001-02-07,89.62350305813405,90.07587334543496,88.93162948211179,89.60354614257812,0.0
2001-02-08,89.67671999660442,90.07586843699734,88.54578418895416,88.55908203125,0.0
2001-02-09,88.71210312946651,88.71210312946651,87.32170706032421,87.70755767822266,0.0
2001-02-12,87.61441613451588,88.81188173872607,87.61441613451588,88.71209716796875,0.0
2001-02-13,88.944964726607,89.25763670081119,87.81402851083972,87.98699188232422,0.0
2001-02-14,88.24639655340867,88.24639655340867,86.92254072649392,87.85389709472656,0.0
2001-02-15,88.3727851388386,88.82516542151815,87.80732247426627,88.70541381835938,0.0
2001-02-16,87.1487389733596,87.3416591962391,86.0178031695591,86.74958038330078,0.0
2001-02-20,87.17536631950941,87.24189615127706,85.21951716848203,85.41243743896484,0.0
2001-02-21,85.08645056207311,85.71178927314934,83.4898312599281,83.56966400146484,0.0
2001-02-22,84.05529990724096,84.18170048016049,81.83999079777317,83.69606018066406,0.0
2001-02-23,83.21044036194846,83.51645831705501,81.0283957599617,83.13060760498047,0.0
2001-02-26,83.68940836922626,84.90017700195312,82.82457145634449,84.90017700195312,0.0
2001-02-27,84.35466648408189,85.04652992797793,83.49648356314732,84.11517333984375,0.0
2001-02-28,84.3213869445576,84.38125768247373,82.00628864374217,82.45866394042969,0.0
2001-03-01,82.52522457003343,82.89111328125,80.99512973981498,82.89111328125,0.0
2001-03-02,81.49403909192863,83.58960111225197,81.3609896297383,82.23247528076172,0.0
2001-03-05,82.59170772120804,83.0108180585415,82.36551756458357,82.98420715332031,0.0
2001-03-06,84.05531162547499,84.98667344545945,83.4831895821494,83.87569427490234,0.0
2001-03-07,84.42118918541959,84.51432484197782,83.66279593886674,84.47441101074219,0.0
2001-03-08,84.2216518446925,84.64741650840065,83.91563380987196,84.56758880615234,0.0
2001-03-09,83.88900515483601,83.88900515483601,81.89988581112573,82.06620025634766,0.0
2001-03-12,81.3875973244829,81.49404095708064,78.33406794037752,78.55360412597656,0.0
2001-03-13,79.43174374697871,80.12361213192916,78.18771043814783,79.84420013427734,0.0
2001-03-14,77.86842447570893,79.35860046830211,77.00358733931662,78.267578125,0.0
2001-03-15,78.79973680825653,79.0724947778389,78.07460868026446,78.28749084472656,0.0
2001-03-16,78.1313942979805,78.31150025519439,76.58384187607335,76.71725463867188,0.0
2001-03-19,77.21757773500738,78.50498224298342,76.59055017582537,78.27818298339844,0.0
2001-03-20,78.64504718903521,79.018592853593,76.11693186256755,76.17696380615234,0.0
2001-03-21,76.16364436143623,76.88405840198884,74.64277366861137,74.8829116821289,0.0
2001-03-22,74.72282998391142,75.10971964210657,72.06797769862524,74.12248992919922,0.0
2001-03-23,75.54325176141508,76.48379270297134,74.37591674523428,76.36372375488281,0.0
2001-03-26,77.17752825290624,77.55774578714804,76.5571727929141,77.3376235961914,0.0
2001-03-27,77.12419062064087,79.14534784156743,76.89739136305784,78.91854858398438,0.0
2001-03-28,77.97800827358617,78.01135766116357,76.64391063020292,76.73729705810547,0.0
2001-03-29,76.51052024552213,77.71121051228529,74.80287638984132,77.03082275390625,0.0
2001-03-30,77.07749352100844,77.83792877197266,76.37709022129886,77.83792877197266,0.0
2001-04-02,77.57777022660008,78.29817899550756,75.91014838242705,76.17696380615234,0.0
2001-04-03,76.03021315858196,76.14361021631854,73.41537838359662,73.63550567626953,0.0
2001-04-04,73.75558707089168,74.77617094080436,72.90843731737847,73.9423599243164,0.0
2001-04-05,75.57662976910662,77.03746315521045,75.04298870266078,76.74396514892578,0.0
2001-04-06,76.03686681370704,76.3103591764861,74.74946284050539,75.57660675048828,0.0
2001-04-09,76.04355334795633,76.70393014942933,75.22975310312204,76.41709899902344,0.0
2001-04-10,77.01075690823272,78.54497068553167,76.82398411917237,77.81121826171875,0.0
2001-04-11,79.23206351630316,79.37214316750958,77.47105491659534,77.86461639404297,0.0
2001-04-12,77.57778366577115,79.33879223115157,77.35098440930155,79.27875518798828,0.0
2001-04-16,78.90518094240734,79.30540909186438,77.98465568973845,78.44491577148438,0.0
2001-04-17,78.25152782066225,79.81909726755555,78.05808297212688,79.55227661132812,0.0
2001-04-18,80.75290286842538,84.04812462099137,80.50609814050051,82.71402740478516,0.0
2001-04-19,82.88082022153236,83.94142545802015,82.43389871015117,83.81468963623047,0.0
2001-04-20,83.3143744846029,83.64789879792062,82.48723561254454,83.04755401611328,0.0
2001-04-23,82.48060340984837,82.64069373234338,81.31993966569532,81.5400619506836,0.0
2001-04-24,81.72679950080102,82.48056774290757,80.77959162596743,81.09977722167969,0.0
2001-04-25,80.99305745661403,82.49391713397803,80.67954373196282,82.16039276123047,0.0
2001-04-26,82.53393936814392,83.52784052397159,82.38051592515843,82.52726745605469,0.0
2001-04-27,83.32775805851979,83.94144190385957,82.84748197462609,83.90142059326172,0.0
2001-04-30,84.3482881270729,84.89526774108947,83.16094250804987,84.48837280273438,0.0
2001-05-01,83.42781410916459,84.81527718209473,83.1143002803681,84.74857330322266,0.0
2001-05-02,84.98864638018802,85.17541913394804,84.0481056126704,84.59508514404297,0.0
2001-05-03,84.13487055604965,84.14821438313851,82.86080988472368,83.52118682861328,0.0
2001-05-04,82.48057963678936,84.94865799650937,82.3405000088334,84.94198608398438,0.0
2001-05-07,84.62180877068894,84.96867189759465,84.20156987073386,84.20823669433594,0.0
2001-05-08,84.62182159282254,84.78191189956108,83.75465601039546,84.16822814941406,0.0
2001-05-09,83.54786907643403,84.41503462347775,83.42112816546546,83.81468963623047,0.0
2001-05-10,84.88866026249697,85.04875060336816,83.89475355202043,84.06151580810547,0.0
2001-05-11,84.04817656253687,84.37502915753184,82.98089914783274,83.48118591308594,0.0
2001-05-14,83.3143791105465,83.674585999631,83.02087606999376,83.64790344238281,0.0
2001-05-15,83.7479817299034,84.38167607582908,83.28104450048254,84.0348129272461,0.0
2001-05-16,83.27438908175569,86.18272293207404,83.12764258659767,86.01596069335938,0.0
2001-05-17,86.04931501443647,86.7697291057279,85.75581184631487,86.14936828613281,0.0
2001-05-18,86.10932751538026,86.54291534423828,85.44895571472041,86.54291534423828,0.0
2001-05-21,86.60959907155284,87.94369644546471,86.14933384901641,87.81695556640625,0.0
2001-05-22,87.9370615897146,88.11049064716026,87.43010806754805,87.7035903930664,0.0
2001-05-23,87.41673895573096,87.41673895573096,86.21604919433594,86.21604919433594,0.0
2001-05-24,86.36281320097241,86.71634826810455,85.74912949617026,86.46954345703125,0.0
2001-05-25,86.48286145287278,86.51621592414908,85.3155312958695,85.44894409179688,0.0
2001-05-29,85.52899753809564,85.61571713875195,84.64849332990602,84.76856231689453,0.0
2001-05-30,84.44171106801737,84.77523549139529,83.3811058444814,83.58122253417969,0.0
2001-05-31,83.66793026306732,84.55510637866719,83.55453318972314,84.0147933959961,0.0
2001-06-01,84.18157027696549,84.7819153128788,83.46116132304881,84.53511047363281,0.0
2001-06-04,84.58178423448511,85.00202311835301,84.10150831624858,84.94198608398438,0.0
2001-06-05,85.04204855242028,86.20271201850578,84.8952970047999,85.91588592529297,0.0
2001-06-06,85.93595499096536,85.93595499096536,84.95539179183827,85.20220184326172,0.0
2001-06-07,84.7485597623156,85.61572531663838,84.71520528361897,85.50899505615234,0.0
2001-06-08,85.18214215339697,85.2955443337193,84.14154750209919,84.7152099609375,0.0
2001-06-11,84.52174541528251,84.70851824861307,83.65458510493659,84.1148452758789,0.0
2001-06-12,83.28772152912082,84.54177156077849,82.74074166445132,83.96810913085938,0.0
2001-06-13,84.16153413552155,84.43502654817976,83.1476223401832,83.2476806640625,-1.0
2001-06-14,82.8341335581294,82.91418125915445,81.21320450892213,81.37996673583984,0.0
2001-06-15,80.88227204344474,81.87900026204892,80.54110811758294,81.51107788085938,0.0
2001-06-18,81.37727492284738,81.90574282984115,80.88225635443838,81.11638641357422,0.0
2001-06-19,81.8655770222406,82.20674077532212,80.86884930842304,81.47090148925781,0.0
2001-06-20,81.06955635333857,82.1866947966086,81.00934856762312,81.8990478515625,0.0
2001-06-21,81.75858296304952,83.15667768794923,81.71175694603501,82.82889556884766,0.0
2001-06-22,82.6081482673383,82.67504185321249,81.71845387827008,82.18002319335938,0.0
2001-06-25,82.46764138963704,82.5746751725582,81.2769186247233,81.42408752441406,0.0
2001-06-26,80.87554798020166,81.87227578996844,80.65479464203644,81.31036376953125,0.0
2001-06-27,81.34382004598173,81.77194501172488,80.88225084758336,81.2635498046875,0.0
2001-06-28,81.61140330577945,82.90916004069587,81.56457729491403,81.71174621582031,0.0
2001-06-29,82.14654857358029,82.95597240172731,81.78531721906275,82.01275634765625,0.0
2001-07-02,82.14656069151843,83.16335624027694,82.02615022225011,83.0362548828125,0.0
2001-07-03,82.93592695129003,83.01619720458984,82.31380696995174,83.01619720458984,0.0
2001-07-05,82.32718099416165,82.7151708847978,81.3839698226803,81.39734649658203,0.0
2001-07-06,81.14985321095462,81.27026371822453,79.6380386352539,79.6380386352539,0.0
2001-07-09,79.93236739159747,80.63476283218566,79.73837241178117,80.07284545898438,0.0
2001-07-10,80.46751771551358,80.70164780282249,79.076108762859,79.10955810546875,0.0
2001-07-11,79.00251528743902,79.53098319778972,78.32687845222452,79.1898193359375,0.0
2001-07-12,79.9390294357761,81.25685358280792,79.8119280905339,81.06954956054688,0.0
2001-07-13,80.83544706320752,81.82548957097332,80.68828320319923,81.77197265625,0.0
2001-07-16,81.45754757852362,81.79871144829784,80.46751041242759,80.74846649169922,0.0
2001-07-17,80.4073232795879,81.57797901429535,80.15981647630258,81.50439453125,0.0
2001-07-18,80.64812134855815,81.37058419271366,80.31364837666978,80.94915008544922,0.0
2001-07-19,81.73178756185114,82.26694617465016,80.78188587260111,81.658203125,0.0
2001-07-20,81.04283319680731,81.5713013075463,80.88897332511186,81.16992950439453,0.0
2001-07-23,81.47760569187113,81.53111748051806,79.57110595703125,79.57110595703125,0.0
2001-07-24,79.60458261060258,79.73836978361278,78.09945394779707,78.80184936523438,0.0
2001-07-25,78.8821216814036,79.92568105193725,78.57440709254548,79.67147827148438,0.0
2001-07-26,79.64468866380732,80.84210230859549,79.31021574974308,80.50762939453125,0.0
2001-07-27,80.82873516974028,81.17658479578213,80.21330616016118,80.81535339355469,0.0
2001-07-30,81.06953098379972,81.17655964185865,80.47416971932948,80.84208679199219,0.0
2001-07-31,80.94243708201401,82.06626616465414,80.80864997127279,81.17656707763672,0.0
2001-08-01,81.59133790498854,82.079665587851,81.3103818323565,81.68498992919922,0.0
2001-08-02,82.43422624390804,82.44760291966679,81.53783585846784,82.01947784423828,0.0
2001-08-03,81.85221457691715,81.85221457691715,80.87555424880134,81.57125854492188,0.0
2001-08-06,81.17659524770283,81.28362905635981,80.34041275626862,80.47420501708984,0.0
2001-08-07,80.4541241444738,81.07624405879511,80.21330830686293,80.7885971069336,0.0
2001-08-08,80.35379555877323,81.0495000129558,79.22327518276991,79.29016876220703,0.0
2001-08-09,79.40387390026852,79.5844921458812,78.84196181092248,79.52428436279297,0.0
2001-08-10,79.47077141942881,80.1664706332074,78.4941059577451,79.79855346679688,0.0
2001-08-13,80.0059075016015,80.17314393245921,79.47743976765301,79.818603515625,0.0
2001-08-14,80.36716393687935,80.50764197029163,79.47077883691945,79.7851791381836,0.0
2001-08-15,79.75842099678007,80.01261859857833,78.98913219978655,79.09616088867188,0.0
2001-08-16,78.80182701318577,79.4373235602066,78.26666826563513,79.37042999267578,0.0
2001-08-17,78.70147854201815,78.84864744236513,77.60440778044277,78.09942626953125,0.0
2001-08-20,78.13290105464519,78.86874069242909,77.96566454134641,78.82191467285156,0.0
2001-08-21,78.80181748428528,79.29683594853698,77.46392588084173,77.47730255126953,0.0
2001-08-22,78.09943902563853,78.55432247207528,77.45056064284539,78.2800521850586,0.0
2001-08-23,78.23993599684528,78.61454418328276,77.92553051023361,77.99911499023438,0.0
2001-08-24,78.40715230282446,79.69152727108245,78.09274689729567,79.6179428100586,0.0
2001-08-27,79.5845122128921,79.73836694601333,79.10956113085811,79.14300537109375,0.0
2001-08-28,79.12294703534623,79.26342510948965,77.9857406616211,77.9857406616211,0.0
2001-08-29,78.35363779192845,78.38708713110539,77.04250433390389,77.2900161743164,0.0
2001-08-30,76.82844101138957,77.42380249607592,74.94870453301935,75.8049545288086,0.0
2001-08-31,75.85848939541175,76.774942293741,75.6778710888545,76.36019897460938,0.0
2001-09-04,76.1594730501579,77.71142699484331,75.8383819463753,75.871826171875,0.0
2001-09-05,76.05914306640625,76.3869302159948,74.88848779869501,76.05914306640625,0.0
2001-09-06,75.356757932179,75.79157379527466,74.09913635253906,74.09913635253906,0.0
2001-09-07,73.59743278313778,74.42023856524156,72.66759830059237,72.7278060913086,0.0
2001-09-10,72.04546584873756,73.81817336815897,72.04546584873756,73.61749267578125,0.0
2001-09-17,67.5635410776684,71.17585023522476,66.89459512640435,69.77106475830078,0.0
2001-09-18,69.79115543015077,70.44003403432403,69.14227682597752,69.60385131835938,0.0
2001-09-19,69.63725483676657,69.90483417010968,65.9312945946403,68.19902038574219,0.0
2001-09-20,67.16218241080463,68.10539365889706,65.93131906210681,66.03166198730469,0.0
2001-09-21,63.30486142617317,66.46741810012827,62.98256546297373,65.31922912597656,0.0
2001-09-24,66.95756918076778,67.92446711408746,66.51440592039596,67.61559295654297,0.0
2001-09-25,67.64920730028457,68.48852749011441,67.07847059576106,68.32066345214844,0.0
2001-09-26,68.7235155552073,68.75709040187576,67.4343213588552,68.07891845703125,0.0
2001-09-27,67.98493207585709,68.68324705463196,67.14561192677243,68.66981506347656,0.0
2001-09-28,69.146536492803,73.60500362371907,68.82423538040318,70.12686157226562,0.0
2001-10-01,69.76426754280006,70.04627778529739,69.04580995007481,70.01270294189453,0.0
2001-10-02,69.83140960540611,70.8923110961914,69.59640107840978,70.8923110961914,0.0
2001-10-03,70.23426912167905,72.43664312114818,70.0664051872951,72.08077239990234,0.0
2001-10-04,72.71198731499216,73.16857770326541,71.6779442261732,72.14125061035156,0.0
2001-10-05,72.01367100939028,72.2621116253803,70.85204963324709,72.000244140625,0.0
2001-10-08,71.35560956211133,72.04721337755053,71.08703132548419,71.53018951416016,0.0
2001-10-09,71.58393129122454,71.67793473022681,70.90575923316256,71.1474838256836,0.0
2001-10-10,71.04004231192657,72.88654619399382,70.85203034078025,72.73210906982422,0.0
2001-10-11,73.15512241404714,74.06159202881284,73.15512241404714,73.86015319824219,0.0
2001-10-12,73.28940554439477,73.7862814287889,72.04721327200872,73.5244140625,0.0
2001-10-15,72.94028009087862,73.49087393168838,72.55755028839872,73.3901596069336,0.0
2001-10-16,73.72585856641966,74.26973619651297,73.15511696326281,73.85343170166016,0.0
2001-10-17,74.57860444440475,74.63232214431876,72.2822265625,72.2822265625,0.0
2001-10-18,72.39640637719147,72.62470414620562,71.67794845705401,72.12782287597656,0.0
2001-10-19,71.84576391632498,72.45679109642687,71.1810241705488,72.08077239990234,0.0
2001-10-22,72.04722197918716,73.57142465750513,71.98678828276991,73.50428009033203,0.0
2001-10-23,73.83328330745199,74.04814897062924,72.77238185428868,73.12825775146484,0.0
2001-10-24,73.17528018292315,73.49086021291768,72.6649721672761,72.93355560302734,0.0
2001-10-25,72.14795226297015,74.26303989602859,71.67121907071179,74.2428970336914,0.0
2001-10-26,73.826571688127,75.0620531666864,73.6385648620597,74.07501220703125,0.0
2001-10-29,73.96757612396391,74.22944348582968,72.1479263305664,72.1479263305664,0.0
2001-10-30,72.08082878561548,72.31583745302994,70.8789214604903,71.28179931640625,0.0
2001-10-31,71.77861643083112,72.42321329776036,71.0400161743164,71.0400161743164,0.0
2001-11-01,71.57718197466578,73.19539279222307,70.97287077469001,72.85966491699219,0.0
2001-11-02,72.81269723951425,73.44386245634192,72.42996748784094,73.35657501220703,0.0
2001-11-05,73.94072826486125,74.59203620860204,73.82657686434389,74.31674194335938,0.0
2001-11-06,74.095177415368,75.52538214459238,73.75944937531395,75.47166442871094,0.0
2001-11-07,75.0486551995414,75.95512514338125,74.96136774010085,75.37095642089844,0.0
2001-11-08,75.78722245913097,76.59968341030297,75.135909475077,75.60592651367188,0.0
2001-11-09,75.37095348343584,75.84768673928502,74.827075636572,75.68653869628906,0.0
2001-11-12,74.53162946925347,75.63953309403283,73.86017334790884,75.22322845458984,0.0
2001-11-13,76.16995155770093,76.91526794433594,75.99537160622566,76.91526794433594,0.0
2001-11-14,77.33154390851585,77.48598095790891,76.3512193005249,76.98910522460938,0.0
2001-11-15,76.79445983408924,77.33833780458266,76.49901741910264,77.13018798828125,0.0
2001-11-16,77.27116125902427,77.28458812560784,76.14311492229388,76.78771209716797,0.0
2001-11-19,77.16370720072211,77.78816136351864,76.84812212278814,77.73444366455078,0.0
2001-11-20,77.46589016290204,77.75461648358983,76.97572496813314,77.08316040039062,0.0
2001-11-21,76.88169929441482,76.99584556607817,76.21695939865549,76.57283020019531,0.0
2001-11-23,76.57286167659016,77.72105110408246,76.54600281525185,77.6740493774414,0.0
2001-11-26,77.72104900456245,78.11720567229212,77.26445861975307,77.84191131591797,0.0
2001-11-27,77.63373518527085,78.49319794179064,76.6064033262286,77.50615692138672,0.0
2001-11-28,77.04288395506127,77.33161032972646,76.04241563844181,76.10284423828125,0.0
2001-11-29,76.31772646987321,77.1637577300174,75.8745628473933,77.13018798828125,0.0
2001-11-30,76.81457555588305,77.15701958651775,76.55941897027932,76.5795669555664,0.0
2001-12-03,76.31094685343763,76.5996730302495,75.88121558415496,76.12294006347656,0.0
2001-12-04,76.49225113996445,77.41886351502721,76.10952150068253,77.41214752197266,0.0
2001-12-05,77.62703440020614,79.2318139509131,77.59345954856332,78.82894134521484,0.0
2001-12-06,78.78865051269531,79.19152824126833,78.51335619582707,78.78865051269531,0.0
2001-12-07,78.49322849022461,78.62080168095628,77.68747800029924,78.26493072509766,0.0
2001-12-10,77.78816557279158,78.15075237624228,76.78098171525141,76.8011245727539,0.0
2001-12-11,77.15031300095892,77.7009068414832,76.47885684798766,76.64672088623047,0.0
2001-12-12,76.91529717277123,77.06972920472973,75.94839876369626,76.73400115966797,0.0
2001-12-13,76.17667819127777,76.34454218475595,75.22992793191814,75.24335479736328,0.0
2001-12-14,75.42466073342386,76.20354710210054,75.20307900331633,75.96182250976562,0.0
2001-12-17,75.86784060711513,76.78773751811705,75.8074120032794,76.74745178222656,0.0
2001-12-18,76.9689963210339,77.31815629567375,76.77427347417756,77.20401000976562,0.0
2001-12-19,76.60640844565299,77.83517408879386,76.54597986786038,77.74788665771484,0.0
2001-12-20,77.55317375155592,77.75461261561627,76.91529255337,76.98243713378906,0.0
2001-12-21,77.50322038896235,77.53017161737907,76.9439939652631,77.4493179321289,0.0
2001-12-24,77.36853064450841,77.51002085040639,77.2203013410652,77.30115509033203,0.0
2001-12-26,77.24723581238315,78.29830862242784,77.24723581238315,77.7256088256836,0.0
2001-12-27,77.68517694456179,78.21071329826873,77.6514866078683,78.19723510742188,0.0
2001-12-28,78.35217663461187,78.66210809247248,78.10288159353136,78.15678405761719,0.0
2001-12-31,78.25789446754008,78.4195968114796,76.96426543517443,77.01142883300781,0.0
2002-01-02,77.55714576622486,77.98835526748513,76.68124857530216,77.84012603759766,0.0
2002-01-03,77.92099311777882,78.79688531857958,77.8468784901172,78.72277069091797,0.0
2002-01-04,78.9451314916193,79.49088524321044,78.52740001756095,79.24832916259766,0.0
2002-01-07,79.30218788511569,79.4975804737843,78.5340957174789,78.6890640258789,0.0
2002-01-08,78.6890912358186,78.87100570035383,78.13660360593977,78.50717163085938,0.0
2002-01-09,78.61497622983033,79.35611741657786,77.71212758601413,77.86709594726562,0.0
2002-01-10,77.94794045703456,78.39262306032165,77.68517229590505,78.21070861816406,0.0
2002-01-11,78.29826080122118,78.34542416413773,77.28087381211164,77.44258117675781,0.0
2002-01-14,77.24723898957907,77.37525097784702,76.78233900889595,76.95751953125,0.0
2002-01-15,77.17984813123185,77.74580874286009,76.74189948246809,77.5841064453125,0.0
2002-01-16,77.01139636285004,77.07877188271534,75.9266335296236,76.01422119140625,0.0
2002-01-17,76.64757089419433,76.97097548161165,76.40501488341972,76.58692932128906,0.0
2002-01-18,76.13548354818693,76.70818306006684,75.91313975191139,76.2365493774414,0.0
2002-01-22,76.64083901339717,76.76211703020016,75.4752222329894,75.71104431152344,0.0
2002-01-23,75.88616497006667,76.50603279825413,75.47516782829433,76.2904281616211,0.0
2002-01-24,76.56673044767145,76.97772791825008,76.3511256385502,76.52630615234375,0.0
2002-01-25,76.2163384324192,76.93052806026343,76.16243597058372,76.50605773925781,0.0
2002-01-28,76.74190943407473,76.93730209164323,76.08161682779414,76.71495819091797,0.0
2002-01-29,76.70818325486465,76.89683672839391,74.1478780363051,74.30284118652344,0.0
2002-01-30,74.37697034343653,76.39826676760548,73.03617848805612,75.3741455078125,0.0
2002-01-31,75.56278218168677,76.33761333305812,75.20568738211756,76.25675964355469,0.0
2002-02-01,76.19612674291072,76.33762200071298,75.57626380760071,75.89967346191406,0.0
2002-02-04,75.61670296844783,75.61670296844783,73.73689664036493,74.01313781738281,0.0
2002-02-05,73.70994574170444,74.44434765947379,73.12376791399642,73.55497741699219,0.0
2002-02-06,73.87839211156114,73.93902854244818,72.80710223541548,73.23831176757812,0.0
2002-02-07,73.2518056871005,74.01989815248247,72.76669357413837,72.78016662597656,0.0
2002-02-08,73.19112321802208,74.61950751490882,72.96878457413354,74.17481994628906,0.0
2002-02-11,74.14790834058871,75.21919320614514,73.99293998661312,75.08444213867188,0.0
2002-02-12,74.76102225636187,75.26634640159357,74.13442011065763,74.8486099243164,0.0
2002-02-13,75.11139119966005,75.82558108929703,75.02379838196403,75.64366149902344,0.0
2002-02-14,75.80537199328651,76.11530356428408,75.18550371086761,75.5021743774414,0.0
2002-02-15,75.56284414959664,75.62348061113512,74.59261964157548,74.71389770507812,0.0
2002-02-19,74.21524268999299,74.3095694129642,73.17764359688883,73.2787094116211,0.0
2002-02-20,73.47414704861265,74.5117416381836,72.64541302762659,74.5117416381836,0.0
2002-02-21,74.06707026247746,74.53870423868999,72.94188267606701,72.96883392333984,0.0
2002-02-22,73.00249256410075,74.07378240658606,72.67908799535182,73.87165069580078,0.0
2002-02-25,73.93901021144195,75.33370432072459,73.91205897981067,75.09114837646484,0.0
2002-02-26,75.19222439809009,75.48868284578083,74.49824679592544,74.93619537353516,0.0
2002-02-27,75.43476434620956,76.04115416017054,74.55213342503502,75.22589874267578,0.0
2002-02-28,75.34719116608566,75.967054143578,74.80817675235694,74.88903045654297,0.0
2002-03-01,75.27306757148743,76.70818595164998,75.1315774613662,76.63407135009766,0.0
2002-03-04,76.74187736743036,78.15004453610541,76.57343602340194,77.98834228515625,0.0
2002-03-05,77.70535900622475,78.42628772470917,77.46280306912517,77.73904418945312,0.0
2002-03-06,77.55040297367833,78.9316242149352,77.53019083246171,78.66211700439453,0.0
2002-03-07,79.07312161814774,79.16744837945112,77.86708072385683,78.49368286132812,0.0
2002-03-08,79.08658249247458,79.43694338660234,78.48019773184653,78.82381439208984,0.0
2002-03-11,78.75646972281604,79.43697449719676,78.44653812765853,78.9922866821289,0.0
2002-03-12,78.22416247003177,78.99899371364447,78.1163626782821,78.9450912475586,0.0
2002-03-13,78.58128083711932,78.66213456045345,77.91425432598955,78.18376159667969,0.0
2002-03-14,78.18375557870611,78.44652373378666,77.90750923389551,78.0759506225586,0.0
2002-03-15,78.36038932876161,79.02256787443861,78.31309086121327,78.81986236572266,0.0
2002-03-18,79.12397682822743,79.43479627634947,78.44828103096647,78.83342742919922,0.0
2002-03-19,79.25909290323882,79.5563954503393,78.93475675940873,79.36044311523438,0.0
2002-03-20,78.71856570557965,78.772622610253,77.83340580094179,77.8671875,0.0
2002-03-21,77.90769834029243,78.31311463594923,77.1103773916033,77.90093994140625,0.0
2002-03-22,78.04283685477682,78.34014454958523,77.50227834697026,77.73201751708984,0.0
2002-03-25,77.76585056247762,77.94829137029365,76.55635925283705,76.76582336425781,0.0
2002-03-26,76.70497443527367,77.71851799636696,76.67119274299338,77.21174621582031,0.0
2002-03-27,77.04956013704877,77.71174402192901,76.86712461298102,77.41443634033203,0.0
2002-03-28,77.68471947690176,78.22527283264016,77.3671417383921,77.38065338134766,0.0
2002-04-01,77.1847023355691,77.77255414490234,76.69144233247846,77.41443634033203,0.0
2002-04-02,77.01584377024386,77.67126465712012,76.87394305266581,76.98881530761719,0.0
2002-04-03,77.03603034896075,77.17116736050185,75.78599494919266,76.44817352294922,0.0
2002-04-04,76.08330912813892,76.6238675678829,75.8333051027539,76.13060760498047,0.0
2002-04-05,76.48201295542337,76.77931561631888,75.79955872093238,76.1441650390625,0.0
2002-04-08,75.21844963567646,76.37388873345827,75.15763949349555,76.30632019042969,0.0
2002-04-09,76.47521537976135,76.47521537976135,75.6305960215095,75.77249145507812,0.0
2002-04-10,75.74547340817861,76.7184766920139,75.73871500894415,76.6306381225586,0.0
2002-04-11,76.27929146881924,76.38740526139702,74.6643790670214,74.72518920898438,0.0
2002-04-12,75.01573144162111,75.44142301543656,74.35355256813979,75.2860107421875,0.0
2002-04-15,75.42115243644865,75.58331795358163,74.46166066846882,74.711669921875,0.0
2002-04-16,75.47519562485918,76.56982434063026,75.45492558190665,76.48873901367188,0.0
2002-04-17,76.61712555425558,76.80631950208081,76.08332539852103,76.32657623291016,0.0
2002-04-18,76.28604036524891,76.66442828182952,75.10357297078582,75.99549102783203,0.0
2002-04-19,76.48873672018581,76.51576516169484,76.05629196633762,76.27251434326172,0.0
2002-04-22,75.9346551595608,75.96844199516282,74.89408351581645,75.002197265625,0.0
2002-04-23,75.06301030186609,75.32653628848308,74.44137168174052,74.67786407470703,0.0
2002-04-24,74.70491766328416,75.54953731904723,73.92111330341366,73.92787170410156,0.0
2002-04-25,73.79271674629375,74.15083459378393,73.46162734174696,73.96839904785156,0.0
2002-04-26,74.1845894071089,74.33324320154216,72.4953511160876,72.56291961669922,0.0
2002-04-29,72.92782038196329,73.15080114906073,72.04941411135707,72.20482635498047,0.0
2002-04-30,72.31296700916816,73.40759613309775,72.05620444411562,72.88055419921875,0.0
2002-05-01,72.95486216767132,73.81975179870417,72.16429947260055,73.77245330810547,0.0
2002-05-02,73.71834320098817,74.26565980298487,72.82642576845647,73.48860931396484,0.0
2002-05-03,73.38054486426674,73.48865864024125,72.43456994508404,72.69133758544922,0.0
2002-05-06,72.73188340493863,72.96837586458213,71.15751121550642,71.265625,0.0
2002-05-07,71.69127456382941,71.83992836349607,70.88044221765203,71.01557922363281,0.0
2002-05-08,72.33323725702103,73.89409290116438,72.15755490605278,73.65760040283203,0.0
2002-05-09,73.41432516792737,73.71838611425841,72.69133110973863,72.80619812011719,0.0
2002-05-10,72.95484710609283,73.00890398565952,71.35344684617732,71.43453216552734,0.0
2002-05-13,71.77239211125905,72.94134268818237,71.48184277821102,72.88729095458984,0.0
2002-05-14,74.06974242321647,74.57651404724058,73.6508093581701,74.47515869140625,0.0
2002-05-15,73.98867136725573,74.94140467851088,73.84677590379937,74.18462371826172,0.0
2002-05-16,74.12385472129091,74.6509019713177,73.8738504817563,74.56981658935547,0.0
2002-05-17,74.77248109823589,75.17113904657336,74.39408803888244,74.93464660644531,0.0
2002-05-20,74.7589422828357,74.79272911653916,73.98189150397971,74.12378692626953,0.0
2002-05-21,74.4008380666123,74.65084727812857,73.19134240303023,73.44810485839844,0.0
2002-05-22,73.12377364507475,73.73190067442466,72.97511979843944,73.61027526855469,0.0
2002-05-23,73.82650688342173,74.56977105451519,73.29946511037635,74.39408874511719,0.0
2002-05-24,74.31297758465723,74.46162623278126,73.38727309029333,73.44132995605469,0.0
2002-05-28,73.68460031514655,73.73865204015256,72.60348333266111,73.04268646240234,0.0
2002-05-29,72.71835860519377,72.98863270723902,72.38726406643666,72.50213623046875,0.0
2002-05-30,71.9953774796085,72.64404472021961,71.55617425222576,72.2994384765625,0.0
2002-05-31,72.56969209819115,73.35349613667579,72.19805753997831,72.44806671142578,0.0
2002-06-03,72.36022623630636,72.70483237339312,70.36016824082468,70.5223388671875,0.0
2002-06-04,70.37372034747182,71.08319786198878,69.96830388844069,70.69805145263672,0.0
2002-06-05,70.91423749009179,71.40073905314831,70.50882123926046,71.36019897460938,0.0
2002-06-06,71.31291887975006,71.35345896873872,69.69800670315203,69.907470703125,0.0
2002-06-07,68.77229442699654,70.21828253726984,68.73175434236303,69.82637786865234,0.0
2002-06-10,69.7587938299819,70.58314306853629,69.6101400125184,70.09664154052734,0.0
2002-06-11,70.36016349009888,70.63720109173589,68.73849857714472,68.89390563964844,0.0
2002-06-12,68.72501666019765,69.46828098170629,68.09661938320907,69.31287384033203,0.0
2002-06-13,69.00878180908396,69.59663876910335,68.47498172806243,68.61688232421875,0.0
2002-06-14,67.7790074831293,68.62362677747653,66.55600039456158,68.51551818847656,0.0
2002-06-17,68.86690567279575,70.50208805724634,68.81960717920087,70.35343933105469,0.0
2002-06-18,70.09667215221035,70.96832024468974,70.02234521101953,70.92778015136719,0.0
2002-06-19,69.93450768859478,70.56290492040841,69.08312962981357,69.27232360839844,0.0
2002-06-20,69.0966438027361,69.63044402495112,68.21823732969385,68.38716125488281,0.0
2002-06-21,68.12478049128612,68.43668788926708,66.91105084096365,67.31788635253906,0.0
2002-06-24,66.86350932289295,68.27387562409507,65.94134713927528,67.67040252685547,0.0
2002-06-25,68.00950168233351,68.40955507927744,66.13805238805634,66.151611328125,0.0
2002-06-26,64.55136293025963,66.5516446764921,64.54458604939033,66.26007843017578,0.0
2002-06-27,66.78894407660732,67.46022237061,65.48028740198579,67.41954040527344,0.0
2002-06-28,67.29072434238348,68.14508204336096,67.04662214210421,67.10086822509766,0.0
2002-07-01,67.25003683871542,67.67043618757053,65.69727775970713,65.79220581054688,0.0
2002-07-02,65.67695816611385,65.9074963151905,64.25980864865112,64.39542388916016,0.0
2002-07-03,64.15807755511088,64.98530690594433,63.54782215434,64.76155090332031,0.0
2002-07-05,65.62269589405427,67.48736231257931,65.54133194299736,67.33818817138672,0.0
2002-07-08,67.11444366441359,67.6026429742112,66.15159363487633,66.49740600585938,0.0
2002-07-09,66.26685050942845,66.68046262743123,64.42252524506213,64.82257843017578,0.0
2002-07-10,65.09382920973074,65.14129325326846,62.40870937561248,62.46295547485352,0.0
2002-07-11,62.21880736079291,63.29692062962992,61.24239898660924,62.97145462036133,0.0
2002-07-12,63.28339723215095,63.66310951388511,62.05610402464559,62.27986526489258,0.0
2002-07-15,62.13745845400668,62.65278583811305,59.59473179802149,62.612098693847656,0.0
2002-07-16,61.78485337559007,62.63920558709532,60.93727804205678,61.40513610839844,0.0
2002-07-17,62.693475159588345,63.26304868736693,60.85593176820597,61.5272102355957,0.0
2002-07-18,61.50009349801047,61.77131876888823,59.49981682502149,59.533721923828125,0.0
2002-07-19,58.8285254267773,59.36419379701666,57.16049735937924,57.4384994506836,0.0
2002-07-22,57.024896084550406,58.25218930250795,55.22803443914092,55.73657989501953,0.0
2002-07-23,55.97387539040323,56.4417334424902,54.07530463185856,54.210914611816406,0.0
2002-07-24,52.97683983222057,57.71648420001164,52.67171482146842,57.44525909423828,0.0
2002-07-25,57.14016255005256,58.2114995033248,55.3297420509504,56.95708847045898,0.0
2002-07-26,57.39783662171816,58.26575344966553,56.82148608814615,58.0419921875,0.0
2002-07-29,59.33030388482121,61.25599355063642,59.19469383093269,60.86949920654297,0.0
2002-07-30,60.56439283926608,61.97476060049312,60.15755737784885,61.6628532409668,0.0
2002-07-31,61.357692002178766,62.076439635958266,60.51689844703832,61.81199645996094,0.0
2002-08-01,61.6221611457941,61.9408505365973,59.893109279741175,60.19823455810547,0.0
2002-08-02,60.00836378629995,60.28637111861153,58.055551098315206,58.848880767822266,0.0
2002-08-05,58.64543416609033,58.94378235487227,56.65194039276344,56.80110931396485,0.0
2002-08-06,57.79110681503792,59.6015273629672,57.70973768125088,58.71326446533203,0.0
2002-08-07,59.58119721659361,60.008373607040106,58.15726556871982,59.73714828491211,0.0
2002-08-08,59.95410917435735,61.77131155177441,59.53371496814617,61.66960144042969,0.0
2002-08-09,61.09324150229897,62.34087533850628,60.584696198162426,61.9001350402832,0.0
2002-08-12,61.01865754022881,61.88657407562049,60.72031446443206,61.445838928222656,0.0
2002-08-13,61.12718025491916,62.151053479593216,60.11008908652847,60.32706832885742,0.0
2002-08-14,60.360942172009246,62.80874093969568,59.68288168618344,62.530738830566406,0.0
2002-08-15,62.95113632517474,63.73090695944194,62.51717800532348,63.398658752441406,0.0
2002-08-16,62.93756083886744,63.79191831965646,62.38155156445963,63.20878601074219,0.0
2002-08-19,63.37151210659063,64.92427074305583,63.12740999594697,64.68695068359375,0.0
2002-08-20,64.29366415920063,64.68694029353485,63.479994036540205,64.0020980834961,0.0
2002-08-21,64.45641496418136,64.94461924198762,63.44610649511503,64.92427825927734,0.0
2002-08-22,64.74802993413779,65.87361344245846,64.46324561511464,65.55492401123047,0.0
2002-08-23,65.10058368582705,65.19551173268658,63.83939086533249,64.14451599121094,0.0
2002-08-26,64.35470568599494,64.84968680900765,63.39863817793468,64.59202575683594,0.0
2002-08-27,64.89039634699199,65.26333174050012,63.39866511934297,63.846187591552734,0.0
2002-08-28,63.249502256809535,63.39189438525185,62.24597530211336,62.44939041137695,0.0
2002-08-29,61.88655288943691,63.09350440479435,61.57464581463292,62.47646713256836,0.0
2002-08-30,62.16457872152821,63.324061404191774,61.97472263405446,62.232383728027344,0.0
2002-09-03,61.52043570930391,61.70350978080096,59.77103825637021,59.85918426513672,0.0
2002-09-04,60.08293508761257,61.19495377842905,59.70999978201352,60.71353149414063,0.0
2002-09-05,60.00159631328663,60.63897509489301,59.33031759696928,60.19823455810547,0.0
2002-09-06,60.85592890845405,61.411938302695575,60.5779216247378,61.02544403076172,0.0
2002-09-09,60.41518363103688,61.94081960744282,60.21176860476376,61.47296142578125,0.0
2002-09-10,61.79844929978022,62.23240771647922,61.40517286802414,62.17816162109375,0.0
2002-09-11,62.70027968154524,63.283412352503504,61.77133457241566,61.79167556762695,0.0
2002-09-12,61.5340116948515,61.595034677862586,60.34062335288159,60.652530670166016,0.0
2002-09-13,60.13717383138335,60.95762623047783,59.838825623279945,60.80167007446289,0.0
2002-09-16,60.5575637804937,60.95083999633789,59.98121355972317,60.95083999633789,0.0
2002-09-17,61.62892955337725,61.83234980936513,59.49981961299,59.5540657043457,0.0
2002-09-18,58.99806936634055,60.0083784706288,58.50308272534958,58.95738220214844,0.0
2002-09-19,58.30643873984312,58.85567143022202,57.431739807128906,57.431739807128906,0.0
2002-09-20,57.839047964769925,58.02975525604435,57.24649390922209,57.45082092285156,0.0
2002-09-23,56.97403013366018,57.25327850062345,56.32017459547337,56.98084259033203,0.0
2002-09-24,56.14989048000861,56.97402092714608,55.74803874341534,56.06134414672852,0.0
2002-09-25,56.78334540339107,57.73688185976321,55.877480573453575,57.45082092285156,0.0
2002-09-26,57.90712332040422,58.55417147853472,57.518896504078285,58.39070892333984,0.0
2002-09-27,57.89350964871778,58.32260084953448,56.36103439331055,56.36103439331055,0.0
2002-09-30,55.85020660183749,56.39508874479815,55.1009975525525,55.707176208496094,0.0
2002-10-01,56.14309447511125,58.417966842580405,55.48923885099348,58.383914947509766,0.0
2002-10-02,57.6823827261809,58.25450445075306,56.25888047957763,56.633487701416016,0.0
2002-10-03,56.62665844235886,57.62106390410443,55.81614770998237,56.06134414672852,0.0
2002-10-04,56.39510616029794,56.47683486951401,54.20196239236439,55.03290557861328,0.0
2002-10-07,54.52888163017146,55.30533546070165,53.50042404540568,53.89545822143555,0.0
2002-10-08,54.35858219504228,55.3802320608088,53.26201092340916,54.7400016784668,0.0
2002-10-09,53.86820782216324,54.283679325154345,52.97596829756679,53.19392013549805,0.0
2002-10-10,53.08493958258046,55.21678086929646,52.492380668129485,54.91709518432617,0.0
2002-10-11,55.918325915075926,57.70962278387803,55.72761868867468,57.32139587402344,0.0
2002-10-14,56.667528982405614,57.791345241039885,56.55855566325298,57.64150238037109,0.0
2002-10-15,59.24890868553656,60.42721439237369,59.15355506722401,60.41358947753906,0.0
2002-10-16,59.53493060826666,59.80055909044519,58.52008825699112,58.94918441772461,0.0
2002-10-17,60.52937271615834,60.82224599100527,59.834647647274096,60.12070846557617,0.0
2002-10-18,59.69841600759055,60.69282138349709,59.20802317642993,60.372703552246094,0.0
2002-10-21,60.01855028718989,61.63956685987923,59.64394310617372,61.41480255126953,0.0
2002-10-22,60.65199030847328,61.3058460431411,60.29100274573624,60.97210311889648,0.0
2002-10-23,60.46124183485637,61.48289178621263,59.71884536446673,61.43521499633789,0.0
2002-10-24,61.80983961995668,61.91200568339827,60.004923153761474,60.182010650634766,0.0
2002-10-25,60.07982751585842,61.56462565301807,59.89593281102165,61.43521499633789,0.0
2002-10-28,62.08226558761443,62.17761917121026,60.51573352045904,61.03337097167969,0.0
2002-10-29,60.67240527133797,60.95165364297242,59.25571565004432,60.325042724609375,0.0
2002-10-30,60.39994922237685,61.271756405599454,60.09345629578101,60.91077423095703,0.0
2002-10-31,61.06744795016681,61.50335167333397,60.06622979976083,60.29098892211914,0.0
2002-11-01,60.17518787424204,61.857505815073175,59.97086097878192,61.4828987121582,0.0
2002-11-04,62.52498261576781,63.30143620672866,61.91199157122486,62.068641662597656,0.0
2002-11-05,61.87113886566935,62.708894387136,61.87113886566935,62.55905151367188,0.0
2002-11-06,62.98813443532613,63.38998096753236,61.83707369666596,63.36954879760742,0.0
2002-11-07,62.674844431779405,62.81106760333252,61.4488670660974,61.8166618347168,0.0
2002-11-08,61.65998551609052,62.36833017811213,60.97207302375728,61.06061935424805,0.0
2002-11-11,60.96529374135498,60.99934564100148,59.80061276722587,60.11391830444336,0.0
2002-11-12,60.38634460262975,61.25133954696412,60.18882492637469,60.59067153930664,0.0
2002-11-13,60.15474938437272,61.12191009852951,59.56219053739364,60.651954650878906,0.0
2002-11-14,61.34667134424175,61.980094495845705,61.12871957145222,61.796199798583984,0.0
2002-11-15,61.29901082480849,62.35471808978836,61.26495374024209,62.2525520324707,0.0
2002-11-18,62.763366548224944,62.763366548224944,61.53738445973119,61.62593078613281,0.0
2002-11-19,61.3126355792663,62.04822501674376,61.13555327483732,61.544212341308594,0.0
2002-11-20,61.28542032179492,62.94730187389885,61.264982943484256,62.91324996948242,0.0
2002-11-21,63.0698714219572,64.15282333804284,62.954085646211794,64.08470916748047,0.0
2002-11-22,63.66922646467939,64.20729085956728,63.52619090045012,63.62835693359375,0.0
2002-11-25,63.63522008752021,64.2005347511153,63.18569126209246,63.66927719116211,0.0
2002-11-26,63.38996446313819,63.648780542102834,62.4023717337719,62.45685577392578,0.0
2002-11-27,63.01538128245913,64.46612787448235,62.95408476546852,64.21411895751953,0.0
2002-11-29,64.56830576903504,64.67046664941395,63.86676814667712,64.00980377197266,0.0
2002-12-02,65.02461514091688,65.4196543717028,63.49214020432563,64.1119384765625,0.0
2002-12-03,63.512596582241656,63.61476265623488,62.89960533466473,63.25378036499024,0.0
2002-12-04,62.50456026456119,63.43766936741327,62.272988701209485,62.96770858764648,0.0
2002-12-05,63.15842351451618,63.20610032042092,62.04822686841951,62.27299118041992,0.0
2002-12-06,61.38076830030055,62.777020965656014,61.28541466252538,62.68166732788086,0.0
2002-12-09,62.02778875993795,62.293417395478535,60.94484204525426,60.95846176147461,0.0
2002-12-10,61.31263899997338,62.04822847849028,61.13555668566477,61.775787353515625,0.0
2002-12-11,61.58509519520677,62.40241877013494,61.408012837565,61.83029174804688,0.0
2002-12-12,62.116302241592045,62.31382181529837,61.43520241352029,61.823429107666016,0.0
2002-12-13,61.23773091112084,61.62595787707942,60.80182193528905,60.8494987487793,0.0
2002-12-16,61.17640295931325,62.51817081633338,61.0674296593521,62.42281723022461,0.0
2002-12-17,62.23211991914103,62.484123638197175,61.80302351727735,61.87794494628906,0.0
2002-12-18,61.51695814125938,61.57144739401452,60.842670526653286,61.16278839111328,0.0
2002-12-19,60.8563037017982,61.77578796079203,60.34547853609248,60.726898193359375,0.0
2002-12-20,61.052722971805245,61.61396978702786,60.98427925715287,61.59343719482422,0.0
2002-12-23,61.3196514353337,61.92196860110226,61.12800696328741,61.61396408081055,0.0
2002-12-24,61.31961175478673,61.50441539175748,61.086902252725,61.15534591674805,0.0
2002-12-26,61.394912406365655,62.017761871532464,60.80628739033114,61.182735443115234,0.0
2002-12-27,60.88841547067695,61.11428427465773,59.80698776245117,59.80698776245117,0.0
2002-12-30,60.08762534095001,60.553049684759394,59.697490613192016,60.30664825439453,0.0
2002-12-31,60.22451520756612,60.525673684292805,59.62220347603113,60.38878631591797,0.0
2003-01-02,60.81313734774012,62.49003624972276,60.60096037045275,62.332611083984375,0.0
2003-01-03,62.223104409175725,62.54479024269887,61.9424785193078,62.52425765991211,0.0
2003-01-06,62.448981738011135,63.988988447791215,62.40107062702809,63.6262321472168,0.0
2003-01-07,63.5851352688192,63.90682623441723,63.1060191759586,63.468780517578125,0.0
2003-01-08,63.10601711870795,63.24290966445552,62.31890717380533,62.55161666870117,0.0
2003-01-09,62.84594680526046,63.77679549070316,62.56532614583982,63.5235481262207,0.0
2003-01-10,62.93488938952952,64.09160630359105,62.83222653365512,63.69462585449219,0.0
2003-01-13,64.02321056710086,64.24223352671832,63.27031946978579,63.67414093017578,0.0
2003-01-14,63.44141358432978,64.22168298620286,63.249769200981,63.87945938110352,0.0
2003-01-15,64.02318542071858,64.04371799919325,62.907538474284586,63.24291610717773,0.0
2003-01-16,63.31137851026159,63.60569107329415,62.59270671948571,62.98284149169922,0.0
2003-01-17,62.27785413403116,63.17448358702342,61.70292094760999,62.0519905090332,0.0
2003-01-21,62.1957243168756,62.2299435466811,60.88158161069152,61.08691787719727,0.0
2003-01-22,60.758353896184666,61.46333864622632,60.23133203849085,60.347686767578125,0.0
2003-01-23,60.74466747587616,61.175867179195485,60.19710782113008,60.71728897094727,0.0
2003-01-24,60.63519048148389,60.69679346066914,58.97882908624043,59.12256240844727,0.0
2003-01-27,58.6776531707167,59.410011371197164,57.83578092586825,58.31489181518555,0.0
2003-01-28,58.60922403658323,59.13625141438673,58.267000365460525,58.7461166381836,0.0
2003-01-29,58.46548423884835,59.67011288977159,58.02059247133346,59.19100189208984,0.0
2003-01-30,59.40316406338715,59.46476179548102,57.76733592239123,57.78786849975586,0.0
2003-01-31,57.59621617620528,59.00617532719511,57.59621617620528,58.903507232666016,0.0
2003-02-03,58.95826399813443,59.41684223359807,58.807684823046976,59.019866943359375,0.0
2003-02-04,58.39017256701016,58.6913309214688,57.698884848881015,58.43808364868164,0.0
2003-02-05,58.69137074326309,59.232084872950935,57.82212475118251,58.07536697387695,0.0
2003-02-06,57.7467924008297,58.10270252550372,57.253989749807246,57.801544189453125,0.0
2003-02-07,58.11640276201602,58.17115455852763,56.7885737856716,57.09657287597656,0.0
2003-02-10,57.123971509779096,57.582549951359226,56.56957086314995,57.50041961669922,0.0
2003-02-11,57.74682533169664,58.0958897236327,56.692775776350224,57.10344314575195,0.0
2003-02-12,56.91864828803749,57.23349346539344,56.186284557026966,56.19313049316406,0.0
2003-02-13,56.2273361348092,56.576405654111255,55.44022084387683,56.36422348022461,0.0
2003-02-14,56.37792191205093,57.63045641199646,56.001473835452096,57.59623718261719,0.0
2003-02-18,57.85632010380951,58.725570958911874,57.760497915014895,58.60921096801758,0.0
2003-02-19,58.3970306794229,58.4996987963948,57.685205016179694,58.30120849609375,0.0
2003-02-20,58.32174833309247,58.46548162597342,57.52779225499988,57.71943664550781,0.0
2003-02-21,57.75364868685518,58.68449722941034,57.12395856157296,58.30120849609375,0.0
2003-02-24,58.130097606561336,58.17800869896614,57.212935695204095,57.35667419433594,0.0
2003-02-25,56.77489531814194,57.82894467300162,56.27525176734613,57.81525802612305,0.0
2003-02-26,57.50725670115099,57.85632626718461,56.86387982526571,56.973388671875,0.0
2003-02-27,57.288219234604895,58.006890766496376,56.91862240199902,57.72626495361328,0.0
2003-02-28,57.81523426621873,58.33541540643424,57.603057384331095,58.10954666137695,0.0
2003-03-03,58.35596768702632,58.711877920897294,57.301918409371936,57.55516052246094,0.0
2003-03-04,57.4593620525984,57.500432451014,56.5695834896957,56.63802719116211,0.0
2003-03-05,56.54219322558838,57.17872943871747,56.37108139648828,57.11712646484375,0.0
2003-03-06,56.72016276607362,57.16504943656512,56.44638273828829,56.63802719116211,0.0
2003-03-07,55.85772197992221,57.48670401521381,55.73452130687216,57.02812576293945,0.0
2003-03-10,56.53534384281023,56.71330159635982,55.50867293081518,55.65925216674805,0.0
2003-03-11,55.76879150074381,56.12470194715384,55.08434391602242,55.11171722412109,0.0
2003-03-12,55.015853252341536,55.50865597507397,54.3314061867502,55.48127746582031,0.0
2003-03-13,56.24790161410102,57.43199821000644,55.8030096484052,57.39777374267578,0.0
2003-03-14,57.63048024079001,58.020615126068165,57.04870088160964,57.58256912231445,0.0
2003-03-17,57.12396711574773,59.51268656687328,56.95970123714468,59.396331787109375,0.0
2003-03-18,59.64956204610735,59.786449368704375,59.05409122678535,59.745384216308594,0.0
2003-03-19,59.73856272365589,60.34087972210076,59.32789536593724,60.20398712158203,0.0
2003-03-20,59.77274956494787,60.63514890688322,59.1019892993049,60.3339958190918,0.0
2003-03-21,61.02397856118295,61.766158074058616,60.4261066340317,61.62184524536133,0.0
2003-03-24,60.487924919813,60.57039160241082,59.34029111258828,59.57394409179688,0.0
2003-03-25,59.60833892066025,60.6528965880008,59.40217994842968,60.14435958862305,0.0
2003-03-26,60.17182102381525,60.37111160938404,59.649547671605376,59.84196472167969,0.0
2003-03-27,59.37466678438442,60.24054879439674,59.09290948822476,59.89007186889648,0.0
2003-03-28,59.42279074993184,59.97942674799805,59.27160436947599,59.58771896362305,0.0
2003-03-31,58.65311775010247,59.50525298166433,58.00027318227998,58.23392105102539,0.0
2003-04-01,58.58439467839983,59.367810211259645,58.35074682328904,59.127288818359375,0.0
2003-04-02,60.15810505887217,61.00336678408805,60.13061614804765,60.55668640136719,0.0
2003-04-03,61.07207185102106,61.15453331374368,60.2336786935281,60.26803588867188,0.0
2003-04-04,60.76971337968648,60.879663770011184,60.2130774042922,60.62540054321289,0.0
2003-04-07,62.08225520786464,62.43273211799859,60.45357856771609,60.5085563659668,0.0
2003-04-08,60.68038674618032,60.92090817354417,60.27493184607507,60.604793548583984,0.0
2003-04-09,60.7216191380082,61.2301509186371,59.62895713413197,59.80763244628906,0.0
2003-04-10,59.84883560011024,60.2199278882752,58.90049213678089,60.13746643066406,0.0
2003-04-11,60.584152184071456,60.9552392311051,59.69078127372856,59.89007186889648,0.0
2003-04-14,60.10995901057886,61.16138421494942,59.78697108652359,61.12702178955078,0.0
2003-04-15,61.0514497706793,61.69742584228516,60.76282417216376,61.69742584228516,0.0
2003-04-16,61.78678125528112,61.88985810651267,60.49482879479925,60.64601516723633,0.0
2003-04-17,60.68037621609462,61.656208833758974,60.60478303161624,61.5462532043457,0.0
2003-04-21,61.75242900843397,61.95859323089285,61.2026612438596,61.60811614990234,0.0
2003-04-22,61.23015441013941,62.920683325634414,61.08584154158214,62.76949691772461,0.0
2003-04-23,62.96191406799177,63.46357229642956,62.700772024116965,63.34674835205078,0.0
2003-04-24,62.90004993384272,63.27801584535497,62.508342190535856,62.7832260131836,0.0
2003-04-25,62.74198683214329,62.858810737082365,61.86235766944056,62.00667572021485,0.0
2003-04-28,62.15098809553385,63.35360006182221,62.05477955766855,63.07871627807617,0.0
2003-04-29,63.31922986568844,63.77278883975106,62.8106983359888,63.298614501953125,0.0
2003-04-30,63.16119766235352,63.614751554396896,62.81759416357359,63.16119766235352,0.0
2003-05-01,63.168034886586405,63.72467584603375,62.19220268835285,63.154293060302734,0.0
2003-05-02,62.920665308628,64.23323307147585,62.87256103288332,64.05455780029297,0.0
2003-05-05,64.23323133311409,64.44626379950763,63.56663978514024,63.93085861206055,0.0
2003-05-06,63.93772689906776,64.85858157506448,63.91023799550442,64.53559875488281,0.0
2003-05-07,64.1988532786482,64.69364297715339,63.88961233856817,64.17823791503906,0.0
2003-05-08,63.580388062278566,64.13702928637456,63.4154598536076,63.53228378295898,0.0
2003-05-09,63.79340858258056,64.46000001829478,63.642222247514844,64.41189575195312,0.0
2003-05-12,64.25385801879703,65.36713530723493,64.10267163164174,65.20220184326172,0.0
2003-05-13,64.96169068756609,65.40837638116454,64.77614706501183,65.08538818359375,0.0
2003-05-14,65.34651309917125,65.44959520089844,64.53561384778342,64.94793701171875,0.0
2003-05-15,65.20905079143886,65.5114234517252,64.76923887264326,65.36023712158203,0.0
2003-05-16,65.2090314363999,65.59386544037851,64.77609318192395,65.1952896118164,0.0
2003-05-19,64.70049902406646,64.8860424893676,63.449783287791,63.6696891784668,0.0
2003-05-20,63.78654514495264,63.93085796682459,62.94127833916248,63.53915023803711,0.0
2003-05-21,63.29859700489452,63.82774375206221,63.161157789335896,63.6696891784668,0.0
2003-05-22,63.875893545380094,64.63182549884276,63.69034994778619,64.30196380615234,0.0
2003-05-23,64.27445811736696,64.58370435659964,64.0064478558154,64.4325180053711,0.0
2003-05-27,64.11640634281108,65.86190726794352,63.95834644773064,65.55953979492188,0.0
2003-05-28,65.86879177254923,66.29486201212306,65.58016608266381,65.7450942993164,0.0
2003-05-29,65.88937954308581,66.53535554858716,65.33961730354896,65.5732650756836,0.0
2003-05-30,65.90313840209551,66.72091099381565,65.66948534519531,66.62470245361328,0.0
2003-06-02,67.02329463170905,67.65552378283813,66.43229622083572,66.89959716796875,0.0
2003-06-03,66.76216110150636,67.23633036630518,66.55599690430805,67.17448425292969,0.0
2003-06-04,67.11262235951463,68.2739983512717,67.05077101770877,68.1434326171875,0.0
2003-06-05,67.74484490778978,68.48015594482422,67.53180724304245,68.48015594482422,0.0
2003-06-06,68.99558136488014,69.68278834014194,68.12282557023268,68.21216583251953,0.0
2003-06-09,67.87544230547314,68.10222190459977,67.18823521210085,67.51809692382812,0.0
2003-06-10,67.66240518145153,68.21217291594029,67.47686158577145,68.2052993774414,0.0
2003-06-11,68.14342643057107,68.98868782905872,67.83418023556185,68.92684173583984,0.0
2003-06-12,69.23609349295535,69.33917557404554,68.45955160229103,69.13988494873047,0.0
2003-06-13,69.1398582303868,69.23606673743295,67.9990927283105,68.41828918457031,0.0
2003-06-16,68.69320291791873,69.88894148762057,68.58325253734644,69.86145782470703,0.0
2003-06-17,70.14320993483882,70.21880311528282,69.56595864014575,69.86145782470703,0.0
2003-06-18,69.60717400870647,70.19129871164357,69.40788341726268,69.79959106445312,0.0
2003-06-19,69.84771316871871,69.90956451984752,68.61073857587154,68.73443603515625,0.0
2003-06-20,69.23788223107502,69.31374844634719,68.56888302108034,68.58267974853516,0.0
2003-06-23,68.58961360459412,68.73445301938081,67.53438958943312,67.87923431396484,0.0
2003-06-24,67.74128514504564,68.34131147955736,67.60334412533868,67.94818878173828,0.0
2003-06-25,67.95509312097666,68.58271297650502,67.2654037475586,67.2654037475586,0.0
2003-06-26,67.43784064491761,68.26547122878065,66.87229544713894,68.14132690429688,0.0
2003-06-27,68.10682325726229,68.41028825482806,67.29988798127567,67.35506439208984,0.0
2003-06-30,67.74127760075949,68.05163565219009,67.22401067376764,67.33435821533203,0.0
2003-07-01,67.0722767637429,68.17577846531428,66.50673181281812,67.955078125,0.0
2003-07-02,68.12062850425552,68.82411472961364,67.9826927112391,68.81031799316406,0.0
2003-07-03,68.32752857418502,68.86548546370162,67.52059323991016,68.09992980957031,0.0
2003-07-07,68.7275051720277,69.5896163626906,68.7275051720277,69.45167541503906,0.0
2003-07-08,69.31374788965972,69.85860285773398,69.08614924567117,69.76204681396484,0.0
2003-07-09,69.60344172247513,69.93449489614831,68.98961867675202,69.36894989013672,0.0
2003-07-10,68.85861861146779,68.9965597115999,68.02409468784954,68.48619079589844,0.0
2003-07-11,68.54822554156358,69.27929458438682,68.54822554156358,69.13446044921875,0.0
2003-07-14,69.79656169118785,70.27934740423606,69.27929466700834,69.472412109375,0.0
2003-07-15,69.92068969273915,69.97586609198528,68.9344339193366,69.32066345214844,0.0
2003-07-16,69.52760350555035,69.56898845763608,68.43789798968378,68.91378021240234,0.0
2003-07-17,68.38269392579976,68.88616415913522,67.69990300433237,67.93439483642578,0.0
2003-07-18,68.29306027822294,68.83102257363866,67.90683579507578,68.63101196289062,0.0
2003-07-21,68.58958891062201,68.61717711008166,67.48608724179135,67.78265380859375,0.0
2003-07-22,68.0654364685277,68.56201359014776,67.53437277827395,68.396484375,0.0
2003-07-23,68.4240809740338,68.58960494758186,67.78266965688378,68.44477081298828,0.0
2003-07-24,68.96202407092252,69.20341424706804,67.84473089507436,67.927490234375,0.0
2003-07-25,68.04475144496301,69.16894315232045,67.61714216845361,69.1275634765625,0.0
2003-07-28,69.22412618099052,69.64483713113441,68.74134044936172,68.87238311767578,0.0
2003-07-29,69.06545258969149,69.14821715984537,68.0585073314108,68.55508422851562,0.0
2003-07-30,68.69305475237407,68.79650920205276,68.23096417397602,68.38959503173828,0.0
2003-07-31,68.95514486340545,69.59655618180145,68.39649290098812,68.54822540283203,0.0
2003-08-01,68.41028840762016,68.64478026123587,67.75508036704088,67.94129943847656,0.0
2003-08-04,67.80335841113306,68.27924574712186,66.89986704515981,67.94129943847656,0.0
2003-08-05,67.87231746542041,68.11370763576856,66.44465575383757,66.49983215332031,-1.0
2003-08-06,66.6860292978442,67.63089983477518,66.49981032619007,66.88603973388672,0.0
2003-08-07,67.01711799532094,67.63783951011328,66.73434807641767,67.58956146240234,0.0
2003-08-08,67.8102420080534,67.96887283946859,67.42401773944043,67.78265380859375,0.0
2003-08-11,67.76885582599147,68.30681250896947,67.47918239046363,68.03783416748047,0.0
2003-08-12,68.07920491449288,68.6861293790384,67.87919446026643,68.6585464477539,0.0
2003-08-13,68.84474974390058,68.86543957018418,67.9550503803422,68.30679321289062,0.0
2003-08-14,68.34820025885037,68.79649930166954,67.8999012160312,68.49303436279297,0.0
2003-08-15,68.5275198484527,68.82408641716006,68.36199591254262,68.70684051513672,0.0
2003-08-18,68.92064137268345,69.38273186984362,68.78959874200093,69.29997253417969,0.0
2003-08-19,69.44482681969404,69.61724916832817,68.96893945365184,69.56207275390625,0.0
2003-08-20,69.16893407470091,69.58274656370826,69.07927636835456,69.27928161621094,0.0
2003-08-21,69.69308685373494,70.01723631628361,69.24478787867271,69.49996948242188,0.0
2003-08-22,70.17590549644481,70.22418355019188,68.78273504409135,68.81031799316406,0.0
2003-08-25,68.76889896602917,69.54135264598682,68.47233244498304,68.9206314086914,0.0
2003-08-26,68.62409647194424,69.23791962747394,68.16200582891179,69.04480743408203,0.0
2003-08-27,69.00343645227838,69.21723851307111,68.67238317764816,69.06550598144531,0.0
2003-08-28,69.24478402238651,69.65859641404836,68.73441558140057,69.49307250976562,0.0
2003-08-29,69.3896385466851,69.98967011167586,69.29998083500624,69.96208190917969,0.0
2003-09-02,70.10005815913937,70.95527188296299,69.6931437765324,70.90010070800781,0.0
2003-09-03,71.0586790669076,71.52076957866704,70.8862567629456,71.2862777709961,0.0
2003-09-04,71.10695540436804,71.41731870123857,70.8724636022939,71.32076263427734,0.0
2003-09-05,70.99659681189056,71.41730757894915,70.62416407079394,70.92073059082031,0.0
2003-09-08,71.06557261930674,71.64490899566465,70.9897063897488,71.50697326660156,0.0
2003-09-09,71.29318130742624,71.35525081563713,70.81729403016321,71.03799438476562,0.0
2003-09-10,70.71384720069715,70.90006626920058,70.03795459404937,70.32072448730469,0.0
2003-09-11,70.41725037660002,70.87244767159322,70.23792975173212,70.52760314941406,0.0
2003-09-12,70.28625609522499,70.7897264593744,69.9000264156726,70.65868377685547,0.0
2003-09-15,70.70694410935344,70.78281035265037,70.31382142222927,70.4103775024414,0.0
2003-09-16,70.50692423835483,71.47938320529728,70.46553931118598,71.43800354003906,0.0
2003-09-17,71.36902193949291,71.5828238513865,71.07245545110361,71.300048828125,0.0
2003-09-18,71.31392254591219,72.21051608065457,71.15529158518095,72.14154815673828,0.0
2003-09-19,72.18995239552082,72.41842479641502,71.58762278857652,71.77455139160156,0.0
2003-09-22,71.206873998724,71.28303150691353,70.63915775356497,70.99917602539062,0.0
2003-09-23,71.02682768173197,71.51146659670447,70.86759318041035,71.26914978027344,0.0
2003-09-24,71.39378060761894,71.46301323884805,69.97448789792206,70.00218200683594,0.0
2003-09-25,70.20984914258345,70.53524287054056,69.37211730376812,69.42750549316406,0.0
2003-09-26,69.53833035590047,69.69064534188307,69.12984877693692,69.19908142089844,0.0
2003-09-29,69.44141587676276,69.91912490204552,69.08832246337829,69.8775863647461,0.0
2003-09-30,69.5660244699075,69.75987798584457,68.71444763105575,69.19908142089844,0.0
2003-10-01,69.39983420800965,70.74296919071091,69.37214010420949,70.67373657226562,0.0
2003-10-02,70.56990350228291,71.00607386672223,70.36220031039089,70.92991638183594,0.0
2003-10-03,71.77455720072953,72.19688308549331,71.36608101041321,71.58070373535156,0.0
2003-10-06,71.64305694974244,71.99614512438498,71.44919809360213,71.90614318847656,0.0
2003-10-07,71.49072266750854,72.21767337435914,71.248405765225,72.18305969238281,0.0
2003-10-08,72.23151659383997,72.27305512133059,71.59456785579543,72.00304412841797,0.0
2003-10-09,72.61229287226068,72.84769016723378,71.8853422895013,72.19689178466797,0.0
2003-10-10,72.18997897046583,72.4184514554665,71.94074250205234,72.3976821899414,0.0
2003-10-13,72.49461393444967,72.8961707025828,72.3561486333547,72.62615966796875,0.0
2003-10-14,72.55693021860928,72.99310069020352,72.252300204225,72.88232421875,0.0
2003-10-15,73.29081179005468,73.31158105960598,72.44615961421248,72.6884765625,0.0
2003-10-16,72.47382454341388,73.2007803775875,72.45305528222798,72.97923278808594,0.0
2003-10-17,73.02078685862719,73.13155803590868,71.98920617055599,72.18305969238281,0.0
2003-10-20,72.31457913515872,72.72306060791016,71.96149115813027,72.72306060791016,0.0
2003-10-21,72.57074034346556,72.88921462523132,72.22457195692314,72.59843444824219,0.0
2003-10-22,72.02381394788512,72.13459039819725,71.44225343008206,71.6845703125,0.0
2003-10-23,71.23451194469106,71.96838704622583,71.1998930020451,71.55298614501953,0.0
2003-10-24,71.1929895618378,71.71224212646484,70.74296961607232,71.71224212646484,0.0
2003-10-27,71.82304470575528,72.12767470065138,71.49764544431854,71.74688720703125,0.0
2003-10-28,71.98918526493637,72.79921808109923,71.87840883771199,72.72306060791016,0.0
2003-10-29,72.53613901348696,72.99308393014353,71.91303999202678,72.81999969482422,0.0
2003-10-30,73.24232390533771,73.3669447630809,72.55691182880604,72.9723129272461,0.0
2003-10-31,72.97233171393725,73.2077237935473,72.8477108241105,72.9030990600586,0.0
2003-11-03,73.21461609978635,73.81002616628726,73.18692199412229,73.38077545166016,0.0
2003-11-04,73.3807692204124,73.57462266148889,73.0969139051533,73.2215347290039,0.0
2003-11-05,73.03463772718806,73.36696185261607,72.62616138183961,73.2769546508789,0.0
2003-11-06,73.11077830988047,73.69234407426498,72.76460984697184,73.6646499633789,0.0
2003-11-07,73.83081251791282,73.88620074206412,73.09001218675247,73.11770629882812,0.0
2003-11-10,73.20770669166374,73.27693932936913,72.7023036825139,72.81999969482422,0.0
2003-11-11,72.75765817326418,72.9238227773164,72.55688518705954,72.79920196533203,0.0
2003-11-12,72.85461847224141,73.7131147982835,72.80615509775787,73.6161880493164,0.0
2003-11-13,73.39466120842793,73.76159904508025,73.23542134314383,73.63697814941406,0.0
2003-11-14,73.66464571407722,74.0454278320446,72.89615134818129,73.01384735107422,0.0
2003-11-17,72.63306720712883,72.79230173722667,72.03073219848272,72.64691162109375,0.0
2003-11-18,72.86150716329742,73.00689722513872,71.7953080943519,71.8922348022461,0.0
2003-11-19,72.02383443294279,72.70232717880218,71.94767692222041,72.50154876708984,0.0
2003-11-20,72.00302293993848,72.86151904215455,71.82993875017901,71.8507080078125,0.0
2003-11-21,72.16919150149735,72.23150456446753,71.73994603661568,72.14842224121094,0.0
2003-11-24,72.48075989344677,73.2354046638068,72.47383504467768,73.1038589477539,0.0
2003-11-25,73.2007716880096,73.67848048491061,73.00691294836118,73.38077545166016,0.0
2003-11-26,73.67845826455037,73.69922751700706,72.96535242562256,73.64384460449219,0.0
2003-11-28,73.58156851527016,73.84465993079483,73.52618029283217,73.69926452636719,0.0
2003-12-01,73.97620775769808,74.55084873823344,73.94159407679498,74.4954605102539,0.0
2003-12-02,74.3431234973076,74.61313442606637,74.12850078011746,74.30850982666016,0.0
2003-12-03,74.53009301853253,74.82779819538794,74.12853621586927,74.19084930419922,0.0
2003-12-04,74.19775538750409,74.57854285222322,74.03852083470309,74.4954605102539,0.0
2003-12-05,74.16314550633199,74.63393490405453,73.81697698689223,73.97621154785156,0.0
2003-12-08,73.90002201985646,74.52312614119289,73.85848350580407,74.47466278076172,0.0
2003-12-09,74.7031067432655,74.72387599238775,73.76152871426396,73.89999389648438,0.0
2003-12-10,73.92078574305013,74.06618109556919,73.35999471688416,73.89309692382812,0.0
2003-12-11,73.85849405302069,74.8416110947935,73.85156920565304,74.72391510009766,0.0
2003-12-12,74.75158961964115,74.9108240925956,74.35003309131422,74.8692855834961,0.0
2003-12-15,75.58242939431963,75.62397320636036,74.41238345039675,74.4954605102539,0.0
2003-12-16,74.55083181243867,75.11854781505603,74.44005538162995,74.8831558227539,0.0
2003-12-17,74.81393083578087,75.11856079101562,74.6339270277893,75.11856079101562,0.0
2003-12-18,75.1531629990556,75.97012064788704,75.04238657380559,75.96319580078125,0.0
2003-12-19,76.02999152084229,76.07868389097356,75.52915268116602,75.75174713134766,0.0
2003-12-22,75.67522961886209,76.28041076660156,75.66827204969627,76.28041076660156,0.0
2003-12-23,76.15519948643286,76.48213093150012,76.08563441034985,76.3291015625,0.0
2003-12-24,76.18299841940777,76.43341776537234,76.120396236451,76.2525634765625,0.0
2003-12-26,76.31515458760418,76.57253146335736,76.25950467278166,76.30819702148438,0.0
2003-12-29,76.586488719892,77.40034932670468,76.3638942298132,77.32383728027344,0.0
2003-12-30,77.2751305247412,77.40034024240691,77.1081860035438,77.33773803710938,0.0
2003-12-31,77.36556805019389,77.57424738852204,77.10123345841217,77.40730285644531,0.0
2004-01-02,77.72726922596021,78.04029614226218,77.02470867064959,77.37251281738281,0.0
2004-01-05,77.69248905113665,78.26983987946005,77.6229239787703,78.21419525146484,0.0
2004-01-06,78.01943886293137,78.41593542935624,77.90813897414574,78.29072570800781,0.0
2004-01-07,78.17940936715053,78.64546561245416,77.83160524849355,78.55503845214844,0.0
2004-01-08,78.77765295580502,78.88895284953844,78.44375858167578,78.86808013916016,0.0
2004-01-09,78.48548983734374,78.95154614884264,78.09594556031247,78.1794204711914,0.0
2004-01-12,78.29072618551525,78.77764993424516,78.15855889354391,78.75678253173828,0.0
2004-01-13,78.66633234114529,78.76372237604475,77.74117742676195,78.29766082763672,0.0
2004-01-14,78.43677429645732,79.0628226754432,78.3741668050243,78.95152282714844,0.0
2004-01-15,79.00023941293406,79.34108601550197,78.31158863837877,79.14631652832031,0.0
2004-01-16,79.32717567377485,79.51498759032967,79.04197370718478,79.45934295654297,0.0
2004-01-20,79.66802095503753,79.75149586494112,79.17413967901635,79.43846893310547,0.0
2004-01-21,79.38972787035036,80.20359314829902,79.10453139047242,80.06446838378906,0.0
2004-01-22,80.09235453951833,80.25929907743435,79.70281551535722,79.85585021972656,0.0
2004-01-23,79.99496151932894,80.25233852345829,79.26457061741117,79.59846496582031,0.0
2004-01-26,79.57061811802986,80.64185533635901,79.56366055035255,80.6001205444336,0.0
2004-01-27,80.51663933820392,81.03834542462856,79.75147147286151,79.7723388671875,0.0
2004-01-28,79.98103654638625,80.18971583095107,78.56199512165303,78.8611068725586,0.0
2004-01-29,78.99324378946719,79.19497074888879,78.29763578059321,78.9375991821289,0.0
2004-01-30,78.96541883226408,79.10454361827964,78.66630717616555,78.9375991821289,0.0
2004-02-02,79.09064809008844,79.7723464428652,78.68719937831163,79.2784652709961,0.0
2004-02-03,79.11849155771286,79.39673595671688,78.90981223876273,79.14631652832031,0.0
2004-02-04,78.7358762550589,79.11150523593633,78.45763197584581,78.4993667602539,0.0
2004-02-05,78.72198530253257,78.97936226859777,78.45069850641485,78.72894287109375,0.0
2004-02-06,78.895867359392,79.78624485491237,78.7428327322741,79.61234283447266,0.0
2004-02-09,79.76539407094658,79.90451890050909,79.50106485538225,79.63323211669922,0.0
2004-02-10,79.49411323466487,80.09233677886701,79.48020340420273,79.89060974121094,0.0
2004-02-11,79.89060726037755,80.96184461307756,79.41759343330314,80.73925018310547,0.0
2004-02-12,80.66967691223421,80.87835617016694,80.39839016197338,80.44708251953125,0.0
2004-02-13,80.56535197278367,80.8296812125607,79.82105131442218,80.08538055419922,0.0
2004-02-17,80.58620534178729,80.9896593536268,80.53055541455373,80.80879974365234,0.0
2004-02-18,80.82967192010737,81.10791626566218,80.23840600272183,80.45404815673828,0.0
2004-02-19,80.9200980245863,80.96183281566532,80.03667269490708,80.1549301147461,0.0
2004-02-20,80.32884534284823,80.38448997106686,79.52193720237382,79.9114761352539,0.0
2004-02-23,80.14801459655652,80.1758395742305,79.4176235270623,79.70977783203125,0.0
2004-02-24,79.48712754254359,79.98796617509892,78.62457506818058,79.57060241699219,0.0
2004-02-25,79.6193162098998,80.03668008041012,79.52193148368303,79.9045181274414,0.0
2004-02-26,79.72365694158441,80.1966707341095,79.53583975394106,79.95320892333984,0.0
2004-02-27,80.1270922396497,80.5096734793845,79.73754812643168,80.00883483886719,0.0
2004-03-01,80.29406821766648,80.92706902625554,80.1688585083641,80.80186462402344,0.0
2004-03-02,80.64883663729454,81.36531241389379,80.15495532825108,80.328857421875,0.0
2004-03-03,80.16886044453472,80.60013952189665,79.93930842075802,80.47492980957031,0.0
2004-03-04,80.49577425920076,80.76010344004747,80.35664944791125,80.68358612060547,0.0
2004-03-05,80.28710409736958,81.35138388606315,80.1897193655329,80.95488739013672,0.0
2004-03-08,80.92704698533639,81.1218217189246,79.93233245805094,79.96710968017578,0.0
2004-03-09,80.06449670054162,80.14101402131753,79.46627326924039,79.64713287353516,0.0
2004-03-10,79.8001858250117,79.83496305611818,78.29766933455748,78.31158447265625,0.0
2004-03-11,78.18635997621901,78.7915356922915,77.28206722537311,77.29598236083984,0.0
2004-03-12,77.7203184731437,78.4020116420174,77.61597616568379,78.31158447265625,0.0
2004-03-15,78.09589322616085,78.15154312945432,77.14291384082796,77.35159301757812,0.0
2004-03-16,77.75509687420531,77.94986635395699,77.10122335755011,77.76205444335938,0.0
2004-03-17,78.03333015747384,78.78458830709143,77.97768022630153,78.63155364990234,0.0
2004-03-18,78.39505070028753,78.7915472059211,77.85943466207269,78.65242767333984,0.0
2004-03-19,78.46741439511545,78.5790990725606,77.51108871469263,77.5250473022461,0.0
2004-03-22,77.16208605281287,77.18302660257235,76.15689705896656,76.54082489013672,0.0
2004-03-23,76.95966842801643,77.06437652502628,76.33840713161297,76.40821075439453,0.0
2004-03-24,76.4919717414371,76.88287625605163,75.9823952200221,76.47103118896484,0.0
2004-03-25,76.8410209501781,77.6926392078083,76.63858666552204,77.48322296142578,0.0
2004-03-26,77.45525681983261,78.03463682628278,77.34357212348858,77.50411987304688,0.0
2004-03-29,77.92293926425077,78.69777140858335,77.88804013000228,78.59306335449219,0.0
2004-03-30,78.39064738645696,78.92814100796251,78.33480237169246,78.85833740234375,0.0
2004-03-31,78.87231872307078,79.15852051196279,78.44650968270842,78.94910430908203,0.0
2004-04-01,78.92816964554017,79.48660934445688,78.9142110496213,79.42378234863281,0.0
2004-04-02,80.14276795967652,80.16370851589451,79.5075480098035,80.02410125732422,0.0
2004-04-05,79.8984433032676,80.5406451390927,79.88448470930398,80.46385955810547,0.0
2004-04-06,80.15672622481438,80.40104157291046,80.01013701595673,80.2055892944336,0.0
2004-04-07,80.24047222133997,80.2614180975208,79.65411550445474,80.01709747314453,0.0
2004-04-08,80.56157870167497,80.56157870167497,79.39583657113053,79.83560943603516,0.0
2004-04-12,79.98222759423115,80.33125109883959,79.9752456329497,80.1497573852539,0.0
2004-04-13,80.45687700037396,80.48479951192036,78.89324830782328,79.02587890625,0.0
2004-04-14,78.60705932169662,79.32604675359991,78.56517821325177,79.15153503417969,0.0
2004-04-15,79.19339024396979,79.42374691643282,78.4325219524488,78.85134887695312,0.0
2004-04-16,79.14454730237122,79.61224272382239,78.8653328322014,79.45867156982422,0.0
2004-04-19,79.26321931043549,79.57035629275721,79.06776172537212,79.45867156982422,0.0
2004-04-20,79.63318815238564,79.80071790988015,78.02767822223211,78.12540435791016,0.0
2004-04-21,78.32082776260236,78.84436272177932,78.09047642807599,78.64891052246094,0.0
2004-04-22,78.51632085225506,80.04504000404096,78.48839833603711,79.75186157226562,0.0
2004-04-23,79.8705325419509,79.97524065194723,79.43076487077717,79.82865142822266,0.0
2004-04-26,79.92637330107343,80.23351565378277,79.29813000038405,79.71695709228516,0.0
2004-04-27,79.73790298028152,80.35916432054908,79.54942732722145,79.7867660522461,0.0
2004-04-28,79.50056448253152,79.58433203142829,78.53027967526451,78.75365447998047,0.0
2004-04-29,78.6838375308087,79.1026645530338,77.59488620788852,78.06257629394531,0.0
2004-04-30,78.29992023657255,78.44650944788016,77.41340300847166,77.45528411865234,0.0
2004-05-03,77.74146647865447,78.38366819408616,77.72750256163376,78.28594207763672,0.0
2004-05-04,78.35575987981423,79.06078869820686,77.94391478955384,78.22312927246094,0.0
2004-05-05,78.46742652620608,78.85134898851437,78.2929148636096,78.72570037841797,0.0
2004-05-06,78.19521134116627,78.59309786086685,77.48320584695084,78.04862213134766,0.0
2004-05-07,77.63676549062717,78.34179424566157,76.7572250366211,76.7572250366211,0.0
2004-05-10,76.39422316738501,76.61061591358616,75.64033154583694,75.96841430664062,0.0
2004-05-11,76.40819964549028,76.8200500136706,76.31745548163497,76.61063385009766,0.0
2004-05-12,76.48497922387192,77.16208539727015,75.4309271809837,77.09925842285156,0.0
2004-05-13,76.61762755290715,77.35057358640884,76.5268780494676,76.7781753540039,0.0
2004-05-14,76.7502299755454,77.30168748923825,76.27555802234606,76.81305694580078,0.0
2004-05-17,76.01028647764626,76.43609528841175,75.67522712451195,76.15687561035156,0.0
2004-05-18,76.42913485718762,76.74325908060155,76.31745014991242,76.54082489013672,0.0
2004-05-19,77.13420452405585,77.60887676492325,76.19184200450815,76.27560424804688,0.0
2004-05-20,76.40121021403765,76.69439387949953,76.11501383253221,76.51988220214844,0.0
2004-05-21,76.76423219458707,77.16910074726637,76.41520868207239,76.65254211425781,0.0
2004-05-24,77.15512650592461,77.31567964350704,76.56178767913599,76.9736328125,0.0
2004-05-25,76.7153638692818,78.16730286020673,76.50594764582456,78.07655334472656,0.0
2004-05-26,77.94388428140086,78.38365171295678,77.83917622845722,78.34874725341797,0.0
2004-05-27,78.55817937347743,78.90022077885756,78.22311460088902,78.78853607177734,0.0
2004-05-28,78.69081863780681,78.79552139797313,78.43253940282277,78.78156280517578,0.0
2004-06-01,78.5023376759337,78.78155744394961,78.0904926455077,78.67684936523438,0.0
2004-06-02,78.9002509921006,79.21437533525359,78.50236441798087,78.97005462646484,0.0
2004-06-03,78.74668192127423,79.01194319494658,78.23012862225998,78.24408721923828,0.0
2004-06-04,78.86532592773438,79.28415292199645,78.67685031862824,78.86532592773438,0.0
2004-06-07,79.17942404073749,80.14272640703793,79.17244208372634,80.0659408569336,0.0
2004-06-08,79.83561663082837,80.21953918599169,79.69600407158067,80.17765808105469,0.0
2004-06-09,79.93334254644296,80.06596782028159,79.38188492165202,79.43074798583984,0.0
2004-06-10,79.60525484804145,79.82164764404297,79.52846927674912,79.82164764404297,0.0
2004-06-14,79.45169448828376,79.47263504226467,78.78855209240506,79.03286743164062,0.0
2004-06-15,79.50753874923964,79.89146132842869,79.23530089876333,79.59130096435547,0.0
2004-06-16,79.57734680175781,79.71695405184168,79.36793060095678,79.57734680175781,0.0
2004-06-17,79.47263016306285,79.62620131706103,79.10964815643732,79.45867156982422,0.0
2004-06-18,79.35641263028428,80.02198124949386,79.29336163057985,79.60862731933594,0.0
2004-06-21,79.69267953846206,79.96591115498468,79.25830872354928,79.3073501586914,0.0
2004-06-22,79.25830757100526,79.78375380207956,78.93603452402688,79.7066879272461,0.0
2004-06-23,79.59458701216164,80.45631574584914,79.4614722707323,80.39326477050781,0.0
2004-06-24,80.26012153640046,80.51934348160248,80.04994634809422,80.14102172851562,0.0
2004-06-25,80.1550739437906,80.52638842665804,79.64363725834971,79.75572967529297,0.0
2004-06-28,80.23210377669594,80.29516008000726,79.45444856668821,79.48246765136719,0.0
2004-06-29,79.53849038243041,79.9868704215888,79.46142456209584,79.81172180175781,0.0
2004-06-30,79.91687031750715,80.42129956566457,79.62262170445383,80.23914337158203,0.0
2004-07-01,80.04296063735099,80.14805093259359,78.87296853493227,79.12518310546875,0.0
2004-07-02,79.27931619048464,79.37039159720159,78.88697943783303,79.08314514160156,0.0
2004-07-06,78.72586008691646,78.78190362321381,78.20741595152059,78.38957214355469,0.0
2004-07-07,78.33349638799382,78.86594988851445,78.29146241391267,78.62074279785156,0.0
2004-07-08,78.33352703781101,78.6908319926458,77.90616365039106,78.07431030273438,0.0
2004-07-09,78.2704507463903,78.42458245531476,78.03224573847594,78.27745819091797,0.0
2004-07-12,78.13035904584198,78.49467147173615,77.76605196506395,78.31251525878906,0.0
2004-07-13,78.41055661511025,78.48061501526016,78.18636652756257,78.36852264404297,0.0
2004-07-14,77.94817452818542,78.73984468308929,77.8500916893518,78.13032531738281,0.0
2004-07-15,78.28444030919925,78.40354545531335,77.55582127259991,77.62588500976562,0.0
2004-07-16,78.16536291774388,78.23542132988223,77.37369270486346,77.56285095214844,0.0
2004-07-19,77.59088644444671,77.73801073443998,77.05843281510319,77.23358154296875,0.0
2004-07-20,77.43677837508723,78.39659562137317,77.24061259514362,78.21443939208984,0.0
2004-07-21,78.34050226376436,78.50864350183669,76.68009083432013,76.77117156982422,0.0
2004-07-22,76.61705441335343,77.33866626484061,76.20370066597513,76.98136138916016,0.0
2004-07-23,76.79920237545085,76.86225334054423,76.14764901058238,76.33680725097656,0.0
2004-07-26,76.49797606023735,76.66611737745183,75.81139055184443,76.18971252441406,0.0
2004-07-27,76.3998957942781,77.14252487041223,76.34384690491649,76.9043197631836,0.0
2004-07-28,76.75018164709984,77.32466931277878,76.07760576741748,77.13550567626953,0.0
2004-07-29,77.44379623104857,77.67499393638965,77.06547417097696,77.46481323242188,0.0
2004-07-30,77.28961610004963,77.69596235624569,77.13548439286394,77.65392303466797,0.0
2004-08-02,77.19854955165872,78.01824425734405,77.10046669859113,77.81507110595703,0.0
2004-08-03,77.71698406026967,77.80805946317211,77.17752839750014,77.21255493164062,0.0
2004-08-04,76.98836084417083,77.59087278960442,76.81321214712882,77.2055435180664,0.0
2004-08-05,77.26861246394873,77.33166343953962,75.85340776716166,75.94448852539062,0.0
2004-08-06,75.40504483784238,75.63624249186311,74.69744767146301,74.85858154296875,0.0
2004-08-09,74.97767074128545,75.2999491286241,74.87258577271349,74.96366119384766,0.0
2004-08-10,75.18079167410892,75.95144987548947,75.14576515729905,75.93042755126953,0.0
2004-08-11,75.44005640722779,75.89544414532321,75.03371009661251,75.7763442993164,0.0
2004-08-12,75.44006797549167,75.62922626903139,74.70444110537106,74.94965362548828,0.0
2004-08-13,75.03369204896325,75.20884072570924,74.67638725176965,75.09674835205078,0.0
2004-08-16,75.06172761963647,76.11261983609035,75.03370318578399,75.87442016601562,0.0
2004-08-17,76.18967535109505,76.56098969528912,76.03554365838502,76.30177307128906,0.0
2004-08-18,76.02854897429003,77.18453151850763,76.0075319845048,77.0864486694336,0.0
2004-08-19,76.93230968944795,77.07943394917238,76.49093691027461,76.86225128173828,0.0
2004-08-20,76.79219115210807,77.50679544690512,76.72213274596935,77.4017105102539,0.0
2004-08-23,77.45075597001643,77.6048823335176,77.10045857593245,77.2055435180664,0.0
2004-08-24,77.51380392041989,77.57686022836175,76.96033341788058,77.31063079833984,0.0
2004-08-25,77.29661165266464,77.95516701144048,76.99535572908916,77.83606719970703,0.0
2004-08-26,77.73798437297205,77.9831914398095,77.66091853123554,77.83606719970703,0.0
2004-08-27,77.90616532911918,78.20742140633102,77.80108035053496,78.08131408691406,0.0
2004-08-30,77.92014147269865,78.00420941375836,77.38068057370371,77.43672943115234,0.0
2004-08-31,77.52783592748462,77.87813338529155,77.13549914006263,77.84310150146484,0.0
2004-09-01,77.73100469941846,78.21441690753758,77.40172957495183,77.99022674560547,0.0
2004-09-02,77.93416315109376,78.95703090581166,77.93416315109376,78.87296295166016,0.0
2004-09-03,78.69782924896732,79.04111926576347,78.47363908665544,78.55070495605469,0.0
2004-09-07,78.8449550360762,79.25830348421911,78.69082329435673,79.06914520263672,0.0
2004-09-08,78.90098738474869,79.20924545849434,78.68379936459111,78.87296295166016,0.0
2004-09-09,78.86598372743275,79.08316648018994,78.48766176303519,78.80293273925781,0.0
2004-09-10,78.83093713934315,79.35638332329617,78.52267901276889,79.20925903320312,0.0
2004-09-13,79.38439441286522,79.68565038814731,79.17421918169353,79.46846771240234,0.0
2004-09-14,79.37740880718114,79.6506404060588,79.30034293620383,79.62962341308594,0.0
2004-09-15,79.37741235366991,79.41944634149367,78.94304154740111,79.02711486816406,0.0
2004-09-16,79.06212379828544,79.42643609532433,79.0270972646064,79.26529693603516,0.0
2004-09-17,79.46157422686643,79.75001634559372,79.27866521082646,79.60227966308594,0.0
2004-09-20,79.2645785239682,79.48970181632865,78.99020967913397,79.1238784790039,0.0
2004-09-21,79.32088360019893,79.82741249615806,79.17314690010487,79.46862030029297,0.0
2004-09-22,79.14501043766802,79.15907830010543,78.42039475643925,78.47667694091797,0.0
2004-09-23,78.51183343460636,78.5821834673237,78.05455017089844,78.05455017089844,0.0
2004-09-24,78.20934169610584,78.60331163242272,78.18120060298573,78.41336059570312,0.0
2004-09-27,78.16009963177929,78.2304496840536,77.79427613953389,77.91387176513672,0.0
2004-09-28,78.02643218831368,78.44853784793233,77.67467657740403,78.28672790527344,0.0
2004-09-29,78.23748443070802,78.68773119534696,78.08974771425133,78.68069458007812,0.0
2004-09-30,78.47665298480298,78.77916292482497,78.27263415387068,78.6243896484375,0.0
2004-10-01,78.9761604917889,79.95404052734375,78.94098278855039,79.95404052734375,0.0
2004-10-04,80.27062192317436,80.50981850753291,80.05957179653771,80.08770751953125,0.0
2004-10-05,80.09473562902531,80.3128277142983,79.87664891111592,80.12991333007812,0.0
2004-10-06,80.03847495744284,80.67867279052734,79.97516151937428,80.67867279052734,0.0
2004-10-07,80.46758944530254,80.48166267158504,79.7500105584277,79.81332397460938,0.0
2004-10-08,79.60230828547161,80.03848187617685,79.03949707295227,79.15206146240234,0.0
2004-10-11,79.34197815089847,79.51081930597535,79.24348702982333,79.47564697265625,0.0
2004-10-12,78.9339320009315,79.37714736575114,78.75102300555363,79.16609191894531,0.0
2004-10-13,79.49677611229342,79.54602168811084,78.31487692530983,78.46965026855469,0.0
2004-10-14,78.56811608109078,78.7439938476255,77.79425498181064,77.83646392822266,0.0
2004-10-15,78.10379751974303,78.61032635469303,77.78721968158108,78.27264404296875,0.0
2004-10-18,78.0123560048827,78.7229038148835,77.87868716024057,78.56813049316406,0.0
2004-10-19,78.80733104090885,78.95507313264699,77.801309698151,77.9068374633789,0.0
2004-10-20,77.65354593305466,77.96309250530136,77.21033591427134,77.75203704833984,0.0
2004-10-21,77.94199758258672,78.31485761718703,77.53395984506176,78.25857543945312,0.0
2004-10-22,78.22340512330884,78.265614074017,77.28773402194199,77.37918853759766,0.0
2004-10-25,77.21031022106911,77.47061114905313,76.9289048278845,77.2876968383789,0.0
2004-10-26,77.4776967690483,78.51185922857957,77.301818945791,78.46965026855469,0.0
2004-10-27,78.35707151087891,79.56711157168792,78.17416247274859,79.41233825683594,0.0
2004-10-28,79.3420112029693,79.89074921108352,79.13799226222015,79.65155792236328,0.0
2004-10-29,79.5811743653336,79.94699776098858,79.4264010707768,79.637451171875,0.0
2004-11-01,79.89071737790167,80.08769962362092,79.63745295701588,79.85554504394531,0.0
2004-11-02,79.96811541717585,80.60127655957466,79.65153752965865,79.88369750976562,0.0
2004-11-03,80.92489707302408,81.15705707037614,80.36912254937737,80.88972473144531,0.0
2004-11-04,80.7490368935986,82.07867299803048,80.67868682771618,81.99425506591797,0.0
2004-11-05,82.34597743311939,82.76104641098247,81.95200756237857,82.50778198242188,0.0
2004-11-08,82.2967290849509,82.47260685620091,82.11381469998905,82.38818359375,0.0
2004-11-09,82.36705427192406,82.66252755032004,82.14193100733257,82.22634887695312,0.0
2004-11-10,82.35303970463458,82.6977641423216,82.14198951290085,82.28972625732422,0.0
2004-11-11,82.43742950620954,83.09873164648329,82.38114733100248,82.91581726074219,0.0
2004-11-12,82.9932047349653,83.7178203040287,82.78918587333402,83.57008361816406,0.0
2004-11-15,83.61313929752383,83.80364787918269,83.42263071586497,83.77542877197266,0.0
2004-11-16,83.5143782890555,83.54966025727597,83.06985455914929,83.17568969726562,0.0
2004-11-17,83.5214192636646,84.06472593735666,83.3097382626944,83.66959381103516,0.0
2004-11-18,83.6342961835103,83.82481012535096,83.42262060546238,83.782470703125,0.0
2004-11-19,83.75423616319877,83.76835109667005,82.65350821631056,82.85107421875,0.0
2004-11-22,82.6746794177338,83.34499882653202,82.5758964115143,83.2462158203125,0.0
2004-11-23,83.21092529488541,83.44377323552824,82.81579331071788,83.37321472167969,0.0
2004-11-24,83.45083012041961,83.67662060768879,83.2956035343288,83.57078552246094,0.0
2004-11-26,83.620214575325,83.95184568002011,83.47204000619419,83.50731658935547,0.0
2004-11-29,83.81777603534368,83.9730080658368,82.89344670520808,83.12628936767578,0.0
2004-11-30,83.26031709133231,83.42965860182971,83.00630213395142,83.18270111083984,0.0
2004-12-01,83.37324716643172,84.31874346313585,83.33090773503055,84.12823486328125,0.0
2004-12-02,84.03647917355279,84.57979108652708,83.97297812005374,84.19876861572266,0.0
2004-12-03,84.18467566048808,84.77032176202819,84.02944364482478,84.14234161376953,0.0
2004-12-06,84.11408233642578,84.41748877340272,83.8530099286603,84.11408233642578,0.0
2004-12-07,84.31166485389527,84.40339577953772,83.28855280330552,83.33088684082031,0.0
2004-12-08,83.4085096458545,83.83892367331867,83.26739258709638,83.81775665283203,0.0
2004-12-09,83.3590949769626,84.29048130249915,83.0698034719023,84.11408233642578,0.0
2004-12-10,83.90947168328465,84.36105267462247,83.86008018058426,84.19876861572266,0.0
2004-12-13,84.50218029932341,84.95376131845207,84.21288334908172,84.9325942993164,0.0
2004-12-14,84.7985516460334,85.34891582145437,84.7985516460334,85.22896575927734,0.0
2004-12-15,85.1654348267745,85.4547317699972,84.8902528181467,85.29244232177734,0.0
2004-12-16,85.17952569547319,85.54643314222393,84.69972033694145,85.24302673339844,0.0
2004-12-17,84.68866045356455,85.05021576979449,84.47598499184633,84.67448425292969,0.0
2004-12-20,84.89424662747174,85.2770689314537,84.48306651482088,84.69574737548828,0.0
2004-12-21,84.78792202836094,85.41178311816377,84.68867238383775,85.34797668457031,0.0
2004-12-22,85.34084702847348,85.83710043387576,85.28413683506258,85.55352783203125,0.0
2004-12-23,85.68826784704781,85.9789259844614,85.53939337539205,85.61737060546875,0.0
2004-12-27,85.92218879713104,86.03562002823796,85.34795806357394,85.44011688232422,0.0
2004-12-28,85.52521288531304,86.01437573338347,85.49685507004952,85.90803527832031,0.0
2004-12-29,85.83714522897894,86.06400234710306,85.74498097528142,86.03564453125,0.0
2004-12-30,86.06396478564854,86.18448139390092,85.80874996305643,85.87255096435547,0.0
2004-12-31,85.99311032774004,86.24832526117088,85.63864574338612,85.68827056884766,0.0
2005-01-03,86.17741111178904,86.31920016293583,85.00059173511661,85.28416442871094,0.0
2005-01-04,85.39760271053476,85.4543183392617,83.96556824172963,84.24205017089844,0.0
2005-01-05,84.1782360159393,84.53979135503825,83.65363002007977,83.66072082519531,0.0
2005-01-06,83.96556580747028,84.46890482825447,83.83795835088416,84.0860824584961,0.0
2005-01-07,84.34130011891723,84.52562320859,83.74579683255138,83.96556854248047,0.0
2005-01-10,83.89465310399522,84.68865551068565,83.89465310399522,84.362548828125,0.0
2005-01-11,84.10734911190637,84.17824094111093,83.64654410902688,83.78124237060547,0.0
2005-01-12,83.93719973046774,84.24912483131433,83.31333871137582,84.0577163696289,0.0
2005-01-13,84.10735985977661,84.1711663003043,83.29918100442968,83.3842544555664,0.0
2005-01-14,83.63236776571746,84.02936633555385,83.48349330202882,83.82377624511719,0.0
2005-01-18,83.68906950688701,84.80208780582198,83.61817228086524,84.69574737548828,0.0
2005-01-19,84.667396702593,84.731197720951,83.80250239574401,83.8095932006836,0.0
2005-01-20,83.5756380619174,83.79540431767484,83.15028175035184,83.29915618896484,0.0
2005-01-21,83.50475429825694,83.6536287512279,82.69657560572917,82.78873443603516,0.0
2005-01-24,83.00849592527331,83.18572817935447,82.49807157682689,82.62567901611328,0.0
2005-01-25,82.88091444788087,83.27791306468848,82.74621617059235,82.8596420288086,0.0
2005-01-26,83.17154331822034,83.3700425567297,82.973044079711,83.10774230957031,0.0
2005-01-27,83.07939315744412,83.47639167581927,82.93051871305343,83.2495346069336,0.0
2005-01-28,83.29206861713116,83.3346080360279,82.66821302987033,83.2495346069336,0.0
2005-01-31,83.61817184985819,83.83085270942932,83.44803040742062,83.76705169677734,0.0
2005-02-01,83.83089401987915,84.41930666711342,83.72455353769078,84.29878997802734,0.0
2005-02-02,84.40509587678962,84.78082742977507,84.29167003470899,84.55397033691406,0.0
2005-02-03,84.40511272777147,84.47600997801328,84.05773891812998,84.33422088623047,0.0
2005-02-04,84.36255017597485,85.37631885242065,84.34837397594089,85.23453521728516,0.0
2005-02-07,85.24874701475396,85.44015554298349,85.04315687186966,85.12113952636719,0.0
2005-02-08,85.19201724512976,85.53230562729415,85.12112540971646,85.22037506103516,0.0
2005-02-09,85.36926362754252,85.41888846139207,84.53981765804248,84.58235168457031,0.0
2005-02-10,84.83048153980555,85.08569110850796,84.54690874172357,84.88719177246094,0.0
2005-02-11,84.85881663539406,85.80878450381198,84.68867515474464,85.61737060546875,0.0
2005-02-14,85.56061863446918,85.6811352324264,85.41174423545775,85.55352783203125,0.0
2005-02-15,85.63860855089435,86.08523178608155,85.55353514046432,85.87255096435547,0.0
2005-02-16,85.73082194702407,86.10655361712558,85.54649881140206,85.9293212890625,0.0
2005-02-17,85.94346421036057,86.01435602792832,85.22744441291869,85.23453521728516,0.0
2005-02-18,85.24163623438119,85.41178311816377,85.00060292873917,85.34797668457031,0.0
2005-02-22,85.00060479457912,85.40469418720791,84.06481854803349,84.07899475097656,0.0
2005-02-23,84.31294643055229,84.76666066679674,84.09318011856836,84.68158721923828,0.0
2005-02-24,84.53270147844543,85.29834617834743,84.34838381301317,85.24163055419922,0.0
2005-02-25,85.26294349318869,86.25544581565609,85.19914243817631,86.0853042602539,0.0
2005-02-28,85.886743005115,85.9930834288977,85.0998314413011,85.51809692382812,0.0
2005-03-01,85.6528255072786,86.1490737825216,85.6244676903075,85.94348907470703,0.0
2005-03-02,85.6102970226703,86.43974294008915,85.53231437313168,85.90095520019531,0.0
2005-03-03,86.24832429932987,86.41846578348624,85.56774754530386,85.93639373779297,0.0
2005-03-04,86.52480206205313,87.07776591539023,86.34047897470742,87.00687408447266,0.0
2005-03-07,86.95727198376414,87.37553768156005,86.77294884825508,87.04943084716797,0.0
2005-03-08,86.96433041423556,87.19827831267457,86.56733185351462,86.72329711914062,0.0
2005-03-09,86.46809207566365,86.69494919462176,85.75207209666762,85.75916290283203,0.0
2005-03-10,85.92219608386132,86.13487695587405,85.35505610632615,85.95055389404297,0.0
2005-03-11,86.00019017963695,86.29085371624053,85.18492601515365,85.34797668457031,0.0
2005-03-14,85.5039452346498,85.89385843072314,85.2699973170058,85.87967681884766,0.0
2005-03-15,86.07815885569399,86.10651666505868,85.12819658112282,85.17073059082031,0.0
2005-03-16,84.85881424794162,85.18492640566991,84.29167419216631,84.44763946533203,0.0
2005-03-17,84.58232634609097,84.88716606518857,84.34838386156926,84.6177749633789,0.0
2005-03-18,84.77223857396648,85.07115709294905,84.08899391774376,84.36656188964844,0.0
2005-03-21,84.48751330661361,84.53733303699462,83.81138761859351,84.0533676147461,0.0
2005-03-22,84.24556865660496,84.64412666687251,83.19934844970703,83.19934844970703,0.0
2005-03-23,83.23488944888703,83.78291187014302,83.09254892463358,83.27047729492188,0.0
2005-03-24,83.59788058594481,83.97508793319238,83.31319405388913,83.37013244628906,0.0
2005-03-28,83.5694541332394,83.93954844318809,83.49116516113281,83.49116516113281,0.0
2005-03-29,83.37015047218833,83.9110544570514,82.73672565212894,82.93600463867188,0.0
2005-03-30,83.1139283681551,84.12456055971457,83.10680971048362,84.1103286743164,0.0
2005-03-31,84.1174318682448,84.30959215049077,83.88968373412845,83.9537353515625,0.0
2005-04-01,84.4305846269584,84.68680196407185,83.20644176401468,83.57653045654297,0.0
2005-04-04,83.52671939189453,83.88257623816881,83.08545494773438,83.71887969970703,0.0
2005-04-05,83.8256340628484,84.2526611731491,83.74734512579977,84.11743927001953,0.0
2005-04-06,84.30247496573088,84.65833177087106,84.1103146801305,84.40923309326172,0.0
2005-04-07,84.27403538385035,84.87899104020443,84.20997831697177,84.86475372314453,0.0
2005-04-08,84.81491960003534,84.84338879938508,83.98221588134766,83.98221588134766,0.0
2005-04-11,84.18863356729247,84.28115441476947,83.86124584166708,84.0462875366211,0.0
2005-04-12,83.90392897577058,84.73663271465608,83.32032394980664,84.48041534423828,0.0
2005-04-13,84.38076402986542,84.55157920616077,83.3630133483673,83.4840087890625,0.0
2005-04-14,83.55520041274127,83.62637070607653,82.39510345458984,82.39510345458984,0.0
2005-04-15,82.37374873234116,82.70113640903749,81.20653860500815,81.24212646484375,0.0
2005-04-18,81.22074650372704,81.81858323683136,81.10686973745398,81.49119567871094,0.0
2005-04-19,81.91823532805707,82.22427239719262,81.72607504275983,82.13887023925781,0.0
2005-04-20,82.11752259370131,82.2954510140265,80.81509068367872,80.9930191040039,0.0
2005-04-21,81.69764137794662,82.70827383929843,81.40583606490978,82.56593322753906,0.0
2005-04-22,82.37375188097396,82.91465587746916,81.32753174917946,82.25276184082031,0.0
2005-04-25,82.45915668882664,82.9146530609461,82.35951719679707,82.79366302490234,0.0
2005-04-26,82.53033733456684,83.1068238150662,81.95385085406747,81.98943328857422,0.0
2005-04-27,81.74748335896668,82.60865678310628,81.44856473504008,82.30973815917969,0.0
2005-04-28,82.03923577300338,82.33104099624583,81.27770233154297,81.27770233154297,0.0
2005-04-29,81.8968710963052,82.46624406041592,81.11398734311024,82.3808364868164,0.0
2005-05-02,82.60860091104809,82.8505863690948,82.21715624212435,82.84346771240234,0.0
2005-05-03,82.6086247499634,83.16376067340424,82.33817544698971,82.98583221435547,0.0
2005-05-04,83.02139491143863,83.80427880794443,82.75805891709243,83.62635040283203,0.0
2005-05-05,83.74735963362433,83.98222648545696,83.08546559751572,83.597900390625,0.0
2005-05-06,83.93239124176118,83.9750923233215,83.31319840941515,83.33454895019531,0.0
2005-05-09,83.41998768155857,84.03918074503169,83.30611627824467,83.85413360595703,0.0
2005-05-10,83.5267362502485,83.62637575292017,82.83637296034799,82.98583221435547,0.0
2005-05-11,83.22073083780985,83.55523733724964,82.45207829823943,83.44136047363281,0.0
2005-05-12,83.49823526928523,83.69039554275368,82.52318572998047,82.52318572998047,0.0
2005-05-13,82.77229225352737,83.00004038393146,81.70472187414366,82.3594970703125,0.0
2005-05-16,82.34529186344217,83.15664523371703,82.31682808724469,83.12818145751953,0.0
2005-05-17,82.85063026454496,83.76873655636636,82.67270176257311,83.68333435058594,0.0
2005-05-18,84.04626130439442,84.75086171892212,83.98932833984145,84.54446411132812,0.0
2005-05-19,84.70815623417964,84.9857295532295,84.48040808337646,84.90032196044922,0.0
2005-05-20,84.9359151129909,84.97150297196374,84.5088879550414,84.77934265136719,0.0
2005-05-23,84.84339260732884,85.43411630297348,84.82916072198749,85.24906921386719,0.0
2005-05-24,85.00708834314914,85.28465625919036,84.83627314101243,85.04978942871094,0.0
2005-05-25,84.94303414467672,85.31312833182163,84.57294538747674,84.9857406616211,0.0
2005-05-26,85.25617608101602,85.55509450134859,85.13518606754009,85.44122314453125,0.0
2005-05-27,85.44836028185121,85.58358764648438,85.26331859650071,85.58358764648438,0.0
2005-05-31,85.46260310416595,85.5266547463103,84.97863745371806,85.03557586669922,0.0
2005-06-01,85.06403841168611,86.06043890464656,85.01421865853538,85.76152038574219,0.0
2005-06-02,85.56935625920154,86.00349670040377,85.47682998603999,85.94656372070312,0.0
2005-06-03,85.79709197233163,86.03907203316774,85.21348693331798,85.51240539550781,0.0
2005-06-06,85.37004024539658,85.54796863726271,85.08535916236563,85.43409729003906,0.0
2005-06-07,85.68320839070498,86.29528258197058,85.41275915058888,85.49816131591797,0.0
2005-06-08,85.71171792210097,85.82558933943851,85.1708137573936,85.34162902832031,0.0
2005-06-09,85.2205966309692,85.8184389605295,85.00708577965412,85.74726867675781,0.0
2005-06-10,85.80422157543565,85.86827864666984,85.12097691863087,85.54800415039062,0.0
2005-06-13,85.36295453214402,86.17430782616093,85.27042826338808,85.81845092773438,0.0
2005-06-14,85.72592544712428,86.25971079967162,85.67610569808434,86.01773071289062,0.0
2005-06-15,86.2312445501134,86.28817752599203,85.56935051476044,86.1814193725586,0.0
2005-06-16,86.16006832464235,86.57286361953653,86.06042883000516,86.40205383300781,0.0
2005-06-17,86.85079368250555,87.10804511001665,86.62212635270225,86.72216796875,0.0
2005-06-20,86.5221031902737,87.06518480697413,86.42206155288886,86.75077056884766,0.0
2005-06-21,86.82218743726963,86.92937641336621,86.48633118970064,86.80075073242188,0.0
2005-06-22,86.95083543564077,87.13662934510485,86.51493748566301,86.87223052978516,0.0
2005-06-23,86.69361739687729,86.89370070634824,85.62888524184324,85.65032196044922,0.0
2005-06-24,85.6645846524694,85.75748434002432,84.92141441132813,85.0214614868164,0.0
2005-06-27,85.01433384135389,85.32875356112281,84.85712398146943,85.14295959472656,0.0
2005-06-28,85.32161939065756,85.92186936482122,85.30018267041767,85.85755920410156,0.0
2005-06-29,86.01476064383596,86.0361973619713,85.5788625355469,85.6288833618164,0.0
2005-06-30,85.90756092753301,85.97901846305946,85.00003332557957,85.16439056396484,0.0
2005-07-01,85.35731391593198,85.60742343132377,85.18581476548992,85.41448211669922,0.0
2005-07-05,85.21440142431408,86.21482316033838,85.17152799838128,86.1004867553711,0.0
2005-07-06,86.02903189637888,86.21482583428316,85.3287404757443,85.3787612915039,0.0
2005-07-07,84.5284045784862,85.71461486816406,84.50696786419385,85.71461486816406,0.0
2005-07-08,85.72889053629783,86.6935806274414,85.55024402120237,86.6935806274414,0.0
2005-07-11,86.70075962294737,87.25098869121966,86.68646484348727,87.13665771484375,0.0
2005-07-12,87.17237695371941,87.62971172723819,86.92227285130453,87.36531829833984,0.0
2005-07-13,87.37244948343236,87.5510960277242,87.17236622612309,87.48678588867188,0.0
2005-07-14,87.87981665525207,88.20852566567316,87.52966547844373,87.82979583740234,0.0
2005-07-15,87.74402097820031,87.92266748916207,87.43674876127173,87.77974700927734,0.0
2005-07-18,87.53681549255366,87.62970974224335,87.21525386128437,87.42962646484375,0.0
2005-07-19,87.68686626741405,87.9727018192696,87.47249369241715,87.90838623046875,0.0
2005-07-20,87.60110879624638,88.4157419791075,87.39388362153733,88.20851135253906,0.0
2005-07-21,88.28712333144958,88.32999675698024,87.51536896073885,87.69401550292969,0.0
2005-07-22,87.80834640311528,88.29426521566178,87.62969986102995,88.27997589111328,0.0
2005-07-25,88.18707126100428,88.57294294880555,87.78689934661986,88.02986145019531,0.0
2005-07-26,88.05848547175673,88.2728581230765,87.85839669791865,88.1370849609375,0.0
2005-07-27,88.25139514254285,88.53008332263366,87.92983353531807,88.45862579345703,0.0
2005-07-28,88.58010843319595,89.06602728776153,88.35144105762745,89.01600646972656,0.0
2005-07-29,88.90165890828526,89.05886326999915,88.25138294338889,88.42288208007812,0.0
2005-08-01,88.48723783442104,88.6373003286306,88.21569150520796,88.35861206054688,0.0
2005-08-02,88.51577726654166,89.03742203760515,88.42287758949769,88.88735961914062,0.0
2005-08-03,88.78736584940633,89.13751168116434,88.69447157416577,89.12322235107422,0.0
2005-08-04,88.77304031861071,88.83020306752273,88.30141084003357,88.40859985351562,0.0
2005-08-05,88.21565585734318,88.59439108704845,87.658279546411,87.80834197998047,0.0
2005-08-08,88.00129794746591,88.18709189934489,87.45106348086368,87.64400482177734,0.0
2005-08-09,87.93701381852804,88.31574379499047,87.8012460894464,88.1728286743164,0.0
2005-08-10,88.48002838674186,88.96594703036355,87.76544246681927,88.1298828125,0.0
2005-08-11,88.08701700893978,88.63010391511379,87.90122856755447,88.48004150390625,0.0
2005-08-12,88.30142937214784,88.38718169130254,87.71546882090948,87.9369888305664,0.0
2005-08-15,88.05129097876201,88.51577298594273,87.77260286482532,88.48004150390625,0.0
2005-08-16,88.2084948483299,88.26565758314422,87.24379941676834,87.32955169677734,0.0
2005-08-17,87.31532204993647,87.80124106502898,87.2009855984502,87.32246398925781,0.0
2005-08-18,87.21525072329813,87.57968577179491,87.06518281878742,87.31529235839844,0.0
2005-08-19,87.62970418759288,87.76547731087643,87.32243190196068,87.51537322998047,0.0
2005-08-22,87.59397814852778,88.05846027125462,87.09376453487579,87.51537322998047,0.0
2005-08-23,87.53682240830106,87.61542733804106,86.57213198641848,87.35102844238281,0.0
2005-08-24,87.1366290698678,87.70115273202074,86.52922653529137,86.57210540771484,0.0
2005-08-25,86.71501363569665,86.94368094718425,86.61497202766199,86.88651275634766,0.0
2005-08-26,86.80792174810833,86.81506368376317,86.23625068788296,86.29341888427734,0.0
2005-08-29,86.04334577813725,87.0223255970675,86.02190360788501,86.95801544189453,0.0
2005-08-30,86.64356353599517,86.67929502128979,86.02901906157051,86.50064849853516,0.0
2005-08-31,86.6006894008721,87.65113181830306,86.27912239145043,87.59396362304688,0.0
2005-09-01,87.55110743114157,88.00130027058435,86.56498034087844,87.52967071533203,0.0
2005-09-02,87.78692841550547,87.80836513283064,87.20811524028201,87.37246704101562,0.0
2005-09-06,87.65110732734288,88.465734800618,87.64395994196815,88.39427185058594,0.0
2005-09-07,88.34430669327837,88.70159986102063,88.22282832469267,88.54439544677734,0.0
2005-09-08,88.36577078510784,88.60872758255313,88.11566114415102,88.25143432617188,0.0
2005-09-09,88.48722364057865,89.13749434451304,88.4657869236818,89.0374526977539,0.0
2005-09-12,88.93021451983297,89.08742429268568,88.80158883766782,88.85875701904297,0.0
2005-09-13,88.701588871544,88.90881953738348,88.26569082475415,88.36573791503906,0.0
2005-09-14,88.42289638517002,88.55152212146089,87.90839344000658,88.0441665649414,0.0
2005-09-15,88.31568826705622,88.35856713778853,87.82262759443582,88.00127410888672,0.0
2005-09-16,88.48353652341427,88.7992891272679,88.17495625766904,88.62705993652344,0.0
2005-09-19,88.605557453034,88.66296902481486,88.00992471471255,88.33285522460938,0.0
2005-09-20,88.41177761983876,88.70600776184894,87.45733643067013,87.58650970458984,0.0
2005-09-21,87.39992812381199,87.4573396865954,86.6751222001084,86.76841735839844,0.0
2005-09-22,86.79710610336541,87.30662681136512,86.43111975827343,87.07698059082031,0.0
2005-09-23,87.00523664682247,87.47169604616555,86.76124570028298,87.14876556396484,0.0
2005-09-26,87.5649591145503,87.72283813787442,86.89039257180181,87.24920654296875,0.0
2005-09-27,87.20615820983814,87.54344426928267,86.84734418490862,87.22769165039062,0.0
2005-09-28,87.50037416343169,87.63672522283791,86.97650336287089,87.31378936767578,0.0
2005-09-29,87.22771656195047,88.16780782372696,86.89043040617962,88.02428436279297,0.0
2005-09-30,87.99554884278335,88.29695129394531,87.36403268789097,88.29695129394531,0.0
2005-10-03,88.23954006588143,88.51223674055254,87.87354824521886,87.98119354248047,0.0
2005-10-04,88.11758973248591,88.28981901124342,86.94785744019141,86.99091339111328,0.0
2005-10-05,87.01240535561442,87.05546128871715,85.80678995312773,85.84984588623047,0.0
2005-10-06,85.95745467476462,86.30191841844339,84.80207351012099,85.54122924804688,0.0
2005-10-07,85.90005598881068,86.15123012962054,85.49100831172363,85.8354721069336,0.0
2005-10-10,85.88569608315669,85.90722404133673,84.89537168141518,85.11065673828125,0.0
2005-10-11,85.39054021132658,85.67759245935889,84.90973084403555,84.9886703491211,0.0
2005-10-12,84.95998522457667,85.49102845370244,84.25671279480126,84.32129669189453,0.0
2005-10-13,84.2925774617742,84.73750875710985,83.87635194114408,84.27104949951172,0.0
2005-10-14,84.76621945383951,85.26137903982833,84.36434405969356,85.1609115600586,0.0
2005-10-17,85.25419117021124,85.59147166223902,85.00301704147944,85.47665405273438,0.0
2005-10-18,85.35468690027395,85.3690370530649,84.53659131449422,84.55094146728516,0.0
2005-10-19,84.32129041228795,85.97183701038513,84.04859374197878,85.95748138427734,0.0
2005-10-20,85.74937353287191,85.97901428818578,84.17777183793889,84.44329071044922,0.0
2005-10-21,84.8882377482151,85.23987402206626,84.32848864594268,84.7734146118164,0.0
2005-10-24,84.99587003926263,86.17995197020097,84.97434207325541,86.08666229248047,0.0
2005-10-25,85.91446685791016,86.28763119053153,85.3547176214432,85.91446685791016,0.0
2005-10-26,85.7637365398722,86.50289261354803,85.53409576479748,85.66326904296875,0.0
2005-10-27,85.54124353830383,85.6632444424232,84.6298585138181,84.7518539428711,0.0
2005-10-28,84.98867245156086,86.07946445098803,84.75185393044585,85.9718246459961,0.0
2005-10-31,86.3234717883578,87.04827759307551,86.20864868164062,86.20864868164062,0.0
2005-11-01,86.53159224067835,86.76123299942098,86.27324570270945,86.46700286865234,0.0
2005-11-02,86.23736970817089,87.37122344970703,86.20866392641538,87.37122344970703,0.0
2005-11-03,87.65825003254815,88.02424179854377,87.37119777441563,87.7443618774414,0.0
2005-11-04,87.83769046625689,87.88074640510321,87.22770760730361,87.62957763671875,0.0
2005-11-07,87.8161581151338,87.99556515146645,87.44298841352365,87.71569061279297,0.0
2005-11-08,87.50039997916649,87.85203623735939,87.39993247682565,87.71569061279297,0.0
2005-11-09,87.60801957519226,88.23235237428872,87.4501405535602,87.83048248291016,0.0
2005-11-10,87.7946170948251,88.64141845223693,87.37121915365307,88.51224517822266,0.0
2005-11-11,88.5194447123362,88.871081026464,87.85922802762751,88.81367492675781,0.0
2005-11-14,88.83517418332417,89.00022556361533,88.5409440640099,88.76341247558594,0.0
2005-11-15,88.66293622405429,89.05045050254245,88.16777118200072,88.44046783447266,0.0
2005-11-16,88.53379930776129,88.6629726119599,88.25392472784246,88.61991119384766,0.0
2005-11-17,88.75623006895997,89.45233009563741,88.36871029714777,89.44515228271484,0.0
2005-11-18,89.74656496000189,89.90444401190145,89.22269953331808,89.79679870605469,0.0
2005-11-21,89.81114024440504,90.35653902675286,89.68914480528167,90.24889373779295,0.0
2005-11-22,90.10537252625166,90.79429476910931,90.00490504135995,90.63642120361328,0.0
2005-11-23,90.6005445560729,91.43299575190774,90.57183877603713,91.16029357910156,0.0
2005-11-25,91.12440821193051,91.29663740337772,91.00240728771595,91.23204803466795,0.0
2005-11-28,91.31816745671364,91.33251760838444,90.44983819134356,90.58618927001952,0.0
2005-11-29,90.88760852916272,91.124427138507,90.48573303222656,90.48573303222656,0.0
2005-11-30,90.53598579360222,90.79432693551446,89.91164722338543,89.99776458740234,0.0
2005-12-01,90.43548296594705,91.16028881755602,90.40678266247804,90.91629791259766,0.0
2005-12-02,90.973678241894,91.1961465938083,90.779921135456,91.03108978271484,0.0
2005-12-05,90.92347606282348,90.9450095044028,90.55031186813206,90.83736419677734,0.0
2005-12-06,91.17463936815912,91.66979896390852,90.87323144784156,91.00958251953124,0.0
2005-12-07,90.97369043329408,91.0454576064706,90.1914786162828,90.47853088378906,0.0
2005-12-08,90.57899871144244,91.0095743768574,90.04795557326621,90.4211196899414,0.0
2005-12-09,90.53594828340816,90.980874125484,90.29195192398568,90.65794372558594,0.0
2005-12-12,90.9306491562482,91.03829445828552,90.3924281211291,90.74406433105467,0.0
2005-12-13,90.72253281480538,91.64109580277888,90.6292431433937,91.36122131347656,0.0
2005-12-14,91.27509070332532,91.92095140744703,91.2392071197336,91.7200164794922,0.0
2005-12-15,91.7415680214527,91.85639113840811,91.2679363516804,91.45452117919922,0.0
2005-12-16,91.82386474443136,91.88158062583084,91.16014862060548,91.16014862060548,0.0
2005-12-19,91.42710999820588,91.52811007125898,90.67681980974632,90.69124603271484,0.0
2005-12-20,90.79945122700433,91.3260936164622,90.52530899030644,90.7778091430664,0.0
2005-12-21,91.05917012717808,91.4487441626739,90.75616993426712,90.9220962524414,0.0
2005-12-22,91.12409140125058,91.3982391357422,90.95816509214394,91.3982391357422,0.0
2005-12-23,91.46317194950473,91.52088784554893,91.2034559213966,91.44874572753906,0.0
2005-12-27,91.59301389586118,91.65794564354296,90.45314991735728,90.51808166503906,0.0
2005-12-28,90.71287691079924,90.89323494812218,90.53973473611455,90.7200927734375,0.0
2005-12-29,90.69845160716248,90.87159378359875,90.22230374184956,90.31609344482422,0.0
2005-12-30,90.0347623132193,90.22233076717204,89.71733030792666,89.82554626464844,0.0
2006-01-03,90.3160903573088,91.6218807547886,89.73894245013068,91.40544891357422,0.0
2006-01-04,91.52090115955208,91.97540152281432,91.4054693506712,91.8383331298828,0.0
2006-01-05,91.73010791234395,92.04753434649535,91.53531813057116,91.89603424072266,0.0
2006-01-06,92.35774354245876,92.76174377035228,91.8815956989354,92.6607437133789,0.0
2006-01-09,92.6463285368899,93.10804473812183,92.61747609039276,92.89883422851562,0.0
2006-01-10,92.62468065392564,93.05032301426444,92.53089094435946,92.99260711669922,0.0
2006-01-11,93.07915018074792,93.38215026870594,92.86992875761511,93.28836059570312,0.0
2006-01-12,93.12247133029466,93.26675557118897,92.66075515452371,92.92047119140624,0.0
2006-01-13,92.75453060014206,92.9925935065061,92.48759323694864,92.83387756347656,0.0
2006-01-17,92.48760067747476,92.64631663327282,92.20624257550206,92.58139038085938,0.0
2006-01-18,92.04031302908209,92.99259772225004,91.73731285361134,92.21345520019533,0.0
2006-01-19,92.43710306591257,92.89881919241364,92.20623949857163,92.56695556640624,0.0
2006-01-20,92.5453213103026,92.56696339554864,90.87881469726562,90.87881469726562,0.0
2006-01-23,91.05193011949991,91.4920040704506,90.99421423974822,91.20343017578124,0.0
2006-01-24,91.35498213696728,91.73013006441091,91.20348199460854,91.29727172851562,0.0
2006-01-25,91.65073676633136,91.75173682234244,90.78501492383462,91.37659454345705,0.0
2006-01-26,91.80223382632464,92.10523398437688,91.44873364193036,91.881591796875,0.0
2006-01-27,92.09803443732147,92.81946661494452,91.94652883642082,92.7328872680664,0.0
2006-01-30,92.6607437133789,92.92767007648416,92.59581746422045,92.6607437133789,0.0
2006-01-31,92.57418466505467,92.73288962063108,91.97538911736406,91.98260498046876,0.0
2006-02-01,92.21348621883853,92.65355490509552,92.14134408194847,92.62470245361328,0.0
2006-02-02,92.4154424558652,92.44429489190831,91.47757866587372,91.54972076416016,0.0
2006-02-03,91.3188701512818,92.62466039963373,91.00143828817713,91.09522247314452,0.0
2006-02-06,91.21789432123325,91.47761036834297,91.02310453385532,91.33332061767578,0.0
2006-02-07,91.17456816739782,91.37657373751468,90.46756793630033,90.52528381347656,-1.0
2006-02-08,90.792249505445,92.41547760678785,90.61189143908376,91.3477554321289,0.0
2006-02-09,91.56416206985168,92.05473612475976,91.16737771185072,91.19623565673828,0.0
2006-02-10,91.21066726685414,91.7156675720018,90.50366133555691,91.36216735839844,0.0
2006-02-13,91.33330401484145,91.47037787703478,90.86437204257648,91.19623565673828,0.0
2006-02-14,91.23229300843164,92.3649410648789,91.0519350026019,92.1629409790039,0.0
2006-02-15,92.11245992630695,92.5741815800761,91.795028009369,92.48760223388672,0.0
2006-02-16,92.58861131753592,93.2162648537838,92.4731795168257,93.18019104003906,0.0
2006-02-17,93.10086688018752,93.1802248959868,92.76179272251656,92.92771911621094,0.0
2006-02-21,93.14416120458984,93.35337180999696,92.55258120277044,92.6968765258789,0.0
2006-02-22,92.89882826947874,93.53368112533563,92.81224891917591,93.2595443725586,0.0
2006-02-23,93.2595179945408,93.52644431270282,92.54529634951145,93.12244415283205,0.0
2006-02-24,93.14412566226424,93.4110520934223,92.89161995136422,93.36055755615234,0.0
2006-02-27,93.3533188974016,93.81503504836051,93.26675055915348,93.39661407470705,0.0
2006-02-28,93.20902155830925,93.72124317334458,92.43709496504616,92.5092315673828,0.0
2006-03-01,92.77618542910876,93.41825964751392,92.70403780575374,93.33168029785156,0.0
2006-03-02,92.99262206650262,93.36776995689551,92.7834115363545,93.3244857788086,0.0
2006-03-03,92.82668293370342,93.83669465213224,92.81225120693357,92.89160919189452,0.0
2006-03-06,93.1657477100044,93.19460015249746,92.23509957302346,92.46595764160156,0.0
2006-03-07,92.2423278032933,92.38661205146592,91.9104696292233,92.32168579101562,0.0
2006-03-08,92.12689229938132,92.66075610516754,91.7517499667528,92.51647186279295,0.0
2006-03-09,92.54532433981356,92.83389282466192,91.89603424072266,91.89603424072266,0.0
2006-03-10,92.13409314730517,92.94930944163576,91.93930890143506,92.76895141601562,0.0
2006-03-13,92.94933377305333,93.18019739020696,92.72569152405018,92.94212341308594,0.0
2006-03-14,92.8555206769669,93.95208942784528,92.78337307127636,93.916015625,0.0
2006-03-15,93.89439856390598,94.4066202811649,93.67797770552532,94.33447265625,0.0
2006-03-16,94.51484225843372,94.8467059621354,94.39220008763924,94.5292739868164,0.0
2006-03-17,94.65162583654411,94.81097290107326,94.43434443214386,94.60816955566406,0.0
2006-03-20,94.62272482133194,94.81103918745512,94.31128055597884,94.45613861083984,0.0
2006-03-21,94.42713662546336,94.87621085016453,93.76078089908565,93.8621826171875,0.0
2006-03-22,93.80423011449396,94.5285312039326,93.76077381744084,94.43437957763672,0.0
2006-03-23,94.3474484121969,94.44161108294568,93.91287442434326,94.23880767822266,0.0
2006-03-24,94.15190165705091,94.57199761097594,93.97082638649482,94.31124877929688,0.0
2006-03-27,94.1808916827993,94.36196699727856,93.9708491808658,94.17365264892578,0.0
2006-03-28,94.10843244458636,94.54301750609667,93.4710550201837,93.59418487548828,0.0
2006-03-29,93.73182969503948,94.52131542427368,93.64490602759224,94.18089294433594,0.0
2006-03-30,94.2388137926485,94.86895219449724,93.83320695688576,94.0142822265625,0.0
2006-03-31,94.17363735655266,94.33298449157566,93.70283498418168,94.03601837158205,0.0
2006-04-03,94.20983274170794,94.78926467779704,93.78973685167432,93.96356201171876,0.0
2006-04-04,93.96358700780794,94.68788817255285,93.6955991134791,94.56475830078124,0.0
2006-04-05,94.60096240097565,95.08624278756876,94.43437625082151,94.89067840576172,0.0
2006-04-06,94.7748285721824,95.03557747963724,94.29678706652176,94.789306640625,0.0
2006-04-07,94.92686040773418,95.17312002552224,93.68831223759516,93.82592010498048,0.0
2006-04-10,93.9708251953125,94.2170849076774,93.62315272284258,93.9708251953125,0.0
2006-04-11,94.05048896503112,94.2025859854412,92.89160294801609,93.17407989501952,0.0
2006-04-12,93.2682649666389,93.52901383050768,93.15237412670638,93.34793853759766,0.0
2006-04-13,93.13787646191103,93.61591784379604,92.93507303661885,93.22480010986328,0.0
2006-04-17,93.31172087584342,93.65938234221876,92.72503869759792,93.18859100341795,0.0
2006-04-18,93.384129367595,94.8399815559626,93.384129367595,94.66614532470705,0.0
2006-04-19,94.70234813775768,94.93412974406588,94.33295863615368,94.84720611572266,0.0
2006-04-20,94.88346791197682,95.50636745637814,94.59375182005267,94.97763061523438,0.0
2006-04-21,95.38319413284472,95.45561759686817,94.60818680930144,94.9920654296875,0.0
2006-04-24,94.80376344801182,94.93414338328073,94.43437389333754,94.81825256347656,0.0
2006-04-25,94.9123967304112,94.97034213576268,94.10118315940232,94.42711639404295,0.0
2006-04-26,94.52129470012147,94.98484696768362,94.37643668875042,94.44886016845705,0.0
2006-04-27,94.08671045844032,95.33975934534236,93.8621788810064,94.9051742553711,0.0
2006-04-28,94.73133122418044,95.42666510794196,94.67339686482772,95.22386169433594,0.0
2006-05-01,95.22386765982692,95.4628883519702,94.39092580547488,94.44886016845705,0.0
2006-05-02,94.89066202595107,95.2166062900181,94.69510872985718,95.15866088867188,0.0
2006-05-03,94.9920557046064,95.11519657955466,94.485047300527,94.80374145507812,0.0
2006-05-04,94.94135406155472,95.33247164664353,94.86168052822784,95.14415740966795,0.0
2006-05-05,95.64397544084387,96.18720133954012,95.49911741158338,95.9843978881836,0.0
2006-05-08,95.97714050655584,96.16546587704086,95.86849975585938,95.86849975585938,0.0
2006-05-09,95.911980933437,96.16549082009436,95.83230734494136,96.0568389892578,0.0
2006-05-10,95.90472467774606,96.15098443361806,95.52808495867409,96.0061264038086,0.0
2006-05-11,95.97711381658688,96.00609204335304,94.53576201569572,94.84720611572266,0.0
2006-05-12,94.41988674733928,94.68063557135908,93.57245583226428,93.60867309570312,0.0
2006-05-15,93.28274598868444,93.97084096511448,93.15237707859822,93.79700469970705,0.0
2006-05-16,93.98530369635668,94.1591399333999,93.4420778890486,93.65937042236328,0.0
2006-05-17,93.1958295220568,93.50728476985068,91.8196562041326,91.87760162353516,0.0
2006-05-18,92.23973471137532,92.52945622745932,91.34160298489545,91.41403198242188,0.0
2006-05-19,91.8920838830702,92.34114703497607,91.11708191583573,92.05867004394533,0.0
2006-05-22,91.46477118276184,92.1093989251905,90.89981702881138,91.35612487792967,0.0
2006-05-23,92.11659009191904,92.44252329151313,90.6607437133789,90.6607437133789,0.0
2006-05-24,91.03017999949712,91.9065838361562,90.3638241854062,91.38508605957033,0.0
2006-05-25,91.92831921130222,92.51500701904295,91.57341312334673,92.51500701904295,0.0
2006-05-26,92.71778749351245,92.98578643798828,92.35564243956746,92.98578643798828,0.0
2006-05-30,92.68881086497784,92.7105390134025,91.2981541060117,91.33436584472656,0.0
2006-05-31,91.7110090472752,92.35563659667967,91.40679837964043,92.35563659667967,0.0
2006-06-01,92.26147528740226,93.39138879975272,92.18180172159616,93.2392807006836,0.0
2006-06-02,93.61591260747392,93.74628149417352,92.94231792227836,93.4348373413086,0.0
2006-06-05,93.32619387139252,93.33343290312273,91.81964084876974,92.07315063476562,0.0
2006-06-06,92.13834674237091,92.2614766091155,91.0881123067602,91.84862518310548,0.0
2006-06-07,91.92106378509996,92.45704510157286,91.10984448845448,91.1605453491211,0.0
2006-06-08,90.9577417101037,91.62409745627797,89.71918737993873,91.08087158203124,0.0
2006-06-09,91.52269870241206,91.95727831070302,90.74769665106632,90.79115295410156,0.0
2006-06-12,91.1750044460076,91.21122170503052,89.68294621069133,89.80607604980469,0.0
2006-06-13,89.6250219024522,90.42175205468888,88.76310729980469,88.76310729980469,0.0
2006-06-14,88.97313057121477,89.54532901393739,88.61098007779371,89.451171875,0.0
2006-06-15,89.77710152765522,91.52266948878685,89.71191709390895,91.34883880615234,0.0
2006-06-16,91.14879822513194,91.34522147806906,90.54496975620008,90.68319702148438,0.0
2006-06-19,91.22880409526093,91.2870056206496,89.88292573546444,89.97022247314453,0.0
2006-06-20,90.21760661768528,90.79960541671308,90.0066301797761,90.27580261230467,0.0
2006-06-21,90.2102818799106,91.44703352423252,90.18118112293338,90.94506072998048,0.0
2006-06-22,90.90141937217808,90.98144507731595,90.2393950983312,90.5449447631836,0.0
2006-06-23,90.4503774267836,91.15605566393396,90.232124480101,90.53040313720705,0.0
2006-06-26,90.60316046356397,90.98145931490424,90.3921840761306,90.93053436279295,0.0
2006-06-27,90.94507266245664,91.14877243762186,90.04296572900698,90.1448211669922,0.0
2006-06-28,90.34854364563488,90.77049090719188,89.95569160178198,90.75594329833984,0.0
2006-06-29,91.08331107004996,92.64744256011434,91.061486883045,92.58924102783205,0.0
2006-06-30,92.78566403375716,92.87296632674416,92.3637112765916,92.59651184082033,0.0
2006-07-03,92.70564507120189,93.12759230869456,92.61834277185667,92.97482299804688,0.0
2006-07-05,92.60380756521388,92.72020509619163,92.04362744926996,92.44375610351562,0.0
2006-07-06,92.53832415987031,93.01120193777363,92.45102740422324,92.71292877197266,0.0
2006-07-07,92.53103016921484,92.80020249953785,91.87627691231634,92.10907745361328,0.0
2006-07-10,92.34915424812188,92.70562886157866,91.96357887330498,92.28367614746094,0.0
2006-07-11,92.10908166040475,92.69108581542967,91.62165637205308,92.69108581542967,0.0
2006-07-12,92.50197308305758,92.68384876526947,91.46164395878924,91.70172119140624,0.0
2006-07-13,91.26516516075654,91.43249313898464,90.21028900146484,90.21028900146484,0.0
2006-07-14,90.30487617706078,90.3994550468309,89.35912633218169,89.86109924316406,0.0
2006-07-17,89.8611142577471,90.28306707693896,89.59194186134177,89.73016357421875,0.0
2006-07-18,89.9993319911816,90.2466857229452,89.03902893045954,90.18848419189452,0.0
2006-07-19,90.3412811286813,91.85448800342516,90.00663056895226,91.43981170654295,0.0
2006-07-20,91.7526346471132,91.88358534389006,90.69048146232532,90.81415557861328,0.0
2006-07-21,91.0469412888554,91.0760420556402,90.07936160727571,90.17393493652344,0.0
2006-07-24,90.53043037328383,91.89813333947964,90.53043037328383,91.81810760498048,0.0
2006-07-25,91.65075256475588,92.6110554873802,91.46160039124425,92.14545440673828,0.0
2006-07-26,92.09451471209414,92.72016714240964,91.79624165135422,92.26911926269533,0.0
2006-07-27,92.66928733016104,92.89481693024712,91.81083396473616,92.1818618774414,0.0
2006-07-28,92.42193493510244,93.22218671935369,92.29098423946826,93.10578918457033,0.0
2006-07-31,92.87300871310823,93.09125621957692,92.72022824305265,93.01123046875,0.0
2006-08-01,92.64016845445222,92.66926922137036,92.10181814247608,92.55287170410156,0.0
2006-08-02,92.81479175665916,93.45499765704191,92.79296756467429,93.17854309082033,0.0
2006-08-03,92.64015361423046,93.52043640887942,92.50193193151604,93.42585754394533,0.0
2006-08-04,93.90605987847748,94.16067919018798,92.74205654422792,93.26585388183594,0.0
2006-08-07,93.04755401611328,93.17850466442404,92.68380283196149,93.04755401611328,0.0
2006-08-08,93.185782131677,93.45496557509954,92.3564298185284,92.69108581542967,0.0
2006-08-09,93.25125286616736,93.5568136447197,92.10907986369595,92.37825775146484,0.0
2006-08-10,92.08727487814086,92.75657589761887,91.86902189116132,92.66200256347656,0.0
2006-08-11,92.51649059114308,92.5383147778422,91.94903953535196,92.40009307861328,0.0
2006-08-14,92.8511305368799,93.23671147629707,92.3346044921246,92.47283172607422,0.0
2006-08-15,93.30217410155475,93.7532219952463,93.04754939537366,93.57862854003906,0.0
2006-08-16,94.08064273872816,94.4953134535013,93.87693179543272,94.35708618164062,0.0
2006-08-17,94.2697939989129,94.84451620366607,94.20432142510737,94.59716796875,0.0
2006-08-18,94.71357258547933,95.07732391357422,94.2770665514416,95.07732391357422,0.0
2006-08-21,94.70628812626784,94.77904283042216,94.42984467226196,94.669921875,0.0
2006-08-22,94.5680451474118,94.95362054837028,94.3425100687778,94.66261291503906,0.0
2006-08-23,94.70627605540663,94.89543382177486,93.98605563979804,94.40072631835938,0.0
2006-08-24,94.56803795565928,94.64806366113876,94.13880311673915,94.3206787109375,0.0
2006-08-25,94.31340631313948,94.7571832005678,94.24793376437262,94.43708038330078,0.0
2006-08-28,94.32070197040414,95.17188972986378,94.31343094113308,94.88815307617188,0.0
2006-08-29,94.93181137049962,95.17915957232788,94.4371038660352,94.99728393554688,0.0
2006-08-30,95.20825026821952,95.33192436326011,94.97545523661589,95.05548095703124,0.0
2006-08-31,95.19366626997642,95.29551613283122,94.9972375698984,95.04088592529295,0.0
2006-09-01,95.40469096721525,95.72479388884524,95.18643796603034,95.60839080810548,0.0
2006-09-05,95.67384200142097,95.9212012679267,95.44831802088288,95.79024505615234,0.0
2006-09-06,95.38284838646906,95.41922572978744,94.81539735328349,94.94634246826172,0.0
2006-09-07,94.61896284147576,94.98999617969125,94.10244234042364,94.50984191894533,0.0
2006-09-08,94.63351632325978,94.90997079569485,94.45164071788008,94.77901458740234,0.0
2006-09-11,94.47348282230192,95.07731127879411,94.19702829742864,94.87361145019533,0.0
2006-09-12,94.98272816242778,95.91393050905492,94.844500906149,95.8048095703125,0.0
2006-09-13,95.76847669375012,96.35775223820352,95.68117990222008,96.1904296875,0.0
2006-09-14,96.00123703709318,96.20493685380858,95.84845662415292,96.1976547241211,0.0
2006-09-15,96.67919333058754,96.7376508367024,96.21884743845138,96.42345428466795,0.0
2006-09-18,96.29918916993488,96.73761472732996,96.19689135982604,96.55493927001952,0.0
2006-09-19,96.54035864227572,96.54767279909586,95.77313035095383,96.3138427734375,0.0
2006-09-20,96.63535410675163,97.01532232608083,96.49651892182582,96.82533264160156,0.0
2006-09-21,96.89839716398576,97.00069500274928,96.0288599596816,96.35767364501952,0.0
2006-09-22,96.21153734963788,96.21884035625372,95.72196831529368,96.06539916992188,0.0
2006-09-25,96.25536404445582,97.07375780418973,95.75849207392704,96.80339050292967,0.0
2006-09-26,96.81802577796348,97.62180252729247,96.7449511099776,97.60718536376952,0.0
2006-09-27,97.5414607649462,97.89219477122724,97.38070535589384,97.72413635253906,0.0
2006-09-28,97.72406783940744,97.9067432989288,97.38794008805306,97.68753051757812,0.0
2006-09-29,97.76794071363533,97.8702385590382,97.53411069578364,97.60718536376952,0.0
2006-10-02,97.57796092493264,97.78987079378854,97.1468493291638,97.2418441772461,0.0
2006-10-03,97.10299553416608,97.81908042536774,96.92762302729628,97.44642639160156,0.0
2006-10-04,97.35142319094317,98.6447688375985,97.24182235208576,98.58631134033205,0.0
2006-10-05,98.58631238764112,98.94436038109158,98.46209438574058,98.77629089355467,0.0
2006-10-06,98.60822113147272,98.71783310842316,98.206332848574,98.65206146240234,0.0
2006-10-09,98.53517179316508,98.86398547202698,98.38171946322797,98.71053314208984,0.0
2006-10-10,98.71783828039672,98.97357727409349,98.52784863691274,98.84205627441406,0.0
2006-10-11,98.52784316503347,98.95895461732071,98.1332690382815,98.72513580322266,0.0
2006-10-12,98.97360922921408,99.66047107053106,98.93707188985309,99.58009338378906,0.0
2006-10-13,99.49239220911672,99.8942805601004,99.404700382775,99.83582305908205,0.0
2006-10-16,99.75542374998555,100.14269485430091,99.68234910215683,99.98924255371094,0.0
2006-10-17,99.7189044236734,99.8869627644602,99.13434058441712,99.67506408691406,0.0
2006-10-18,100.13540090155232,100.37653390848348,99.44855036167262,99.80658721923828,0.0
2006-10-19,99.66043745483556,100.0184854203942,99.54352246816826,99.9673309326172,0.0
2006-10-20,99.98924255371094,100.0696202064722,99.61658860888647,99.98924255371094,0.0
2006-10-23,99.7846360176756,100.69071026348249,99.6604180496385,100.44957733154295,0.0
2006-10-24,100.31078843050754,100.78574035949312,100.26694808624792,100.74921417236328,0.0
2006-10-25,100.64689220703772,101.13646118336608,100.47882272813422,101.09262084960938,0.0
2006-10-26,101.31912628727576,101.5675622528473,100.82224320650668,101.40680694580078,0.0
2006-10-27,101.2825996795604,101.38489750853888,100.566514876711,100.77111053466795,0.0
2006-10-30,100.5884582220232,100.98303246768184,100.39846853183631,100.69805908203124,0.0
2006-10-31,100.88804037040666,101.02686439831254,100.28885931991576,100.68343353271484,0.0
2006-11-01,100.9976308940986,101.06339139790283,99.90157789885048,100.00387573242188,0.0
2006-11-02,99.74813426269152,100.11348529293308,99.63853341347048,99.94542694091795,0.0
2006-11-03,100.30345521690576,100.39113587902024,99.09779036469992,99.77003479003906,0.0
2006-11-06,100.076957241239,101.04147814526291,100.0696430850084,100.89533996582033,0.0
2006-11-07,100.9830023127046,101.55294891381156,100.8368641597896,101.2825927734375,0.0
2006-11-08,100.83685915229636,101.60409835403247,100.00385945745806,101.50180053710938,0.0
2006-11-09,101.57486003239312,101.66985484065894,100.76378053388424,100.96837615966795,0.0
2006-11-10,100.93917814464544,101.08531632096076,100.6322846294948,101.0122528076172,0.0
2006-11-13,100.9683784574794,101.5967825080092,100.88801195588756,101.26066589355467,0.0
2006-11-14,101.5456551669449,102.10829881407427,100.92455402339438,102.0206069946289,0.0
2006-11-15,101.98409826958424,102.6271085410113,101.95486394155662,102.31291198730467,0.0
2006-11-16,102.61978332608882,102.79514465778786,101.92561870565076,102.57594299316406,0.0
2006-11-17,102.24713082053908,102.61248183952128,102.10099264287184,102.6051788330078,0.0
2006-11-20,102.5175427889826,102.83905360960232,102.25448949480582,102.66368103027344,0.0
2006-11-21,102.6563217129436,102.78784271307534,102.51017240218346,102.76592254638672,0.0
2006-11-22,102.84632488346656,103.1459154329281,102.66364935081388,102.97054290771484,0.0
2006-11-24,102.4736841987948,102.91209884466186,102.44444986595832,102.55406188964844,0.0
2006-11-27,102.50288219243492,102.55403668751224,101.11455276391752,101.1437759399414,0.0
2006-11-28,101.0122448199847,101.6844892975794,100.91724999555886,101.58219146728516,0.0
2006-11-29,101.91103669184623,102.68557923964596,101.62606327992688,102.64173889160156,0.0
2006-11-30,102.61975587562546,103.06548439050763,102.12287288626344,102.68551635742188,0.0
2006-12-01,102.68557656101972,102.78057141239177,101.54568294307728,102.45906066894533,0.0
2006-12-04,102.48094253670874,103.43085724647514,102.46632537666196,103.2408676147461,0.0
2006-12-05,103.43819419483584,103.73048174355354,103.21898132070504,103.68663024902344,0.0
2006-12-06,103.66469086404936,103.81084018613684,103.39433468751768,103.59893035888672,0.0
2006-12-07,103.78161175963665,103.97890443596432,103.10936720841738,103.14590454101562,0.0
2006-12-08,103.1239701749558,103.68660265092626,102.86822003160415,103.33586883544922,0.0
2006-12-11,103.33586942162002,103.82543839485778,103.2774119271044,103.63545989990234,0.0
2006-12-12,103.53318694469316,103.66470797672956,102.94862300872866,103.55510711669922,0.0
2006-12-13,103.92777951741448,104.00815721215405,103.43821034023044,103.66472625732422,0.0
2006-12-14,103.65737592031678,104.66574814852844,103.6427587598658,104.57805633544922,0.0
2006-12-15,104.80806546298268,104.9917587921881,104.5141606209544,104.58763122558594,0.0
2006-12-18,104.73463070424324,104.98446226514362,104.15416445631897,104.30111694335938,0.0
2006-12-19,104.0071311797597,104.74924795050192,103.7426124238545,104.49942779541016,0.0
2006-12-20,104.54353400219946,104.82275141665092,104.34514209131292,104.44066619873048,0.0
2006-12-21,104.53618014071012,104.6537353248506,103.83814788421012,104.0585708618164,0.0
2006-12-22,104.0732744746886,104.0806181703795,103.36054358145198,103.41932678222656,0.0
2006-12-26,103.46341156528786,104.05123236233788,103.44136926642652,104.02919006347656,0.0
2006-12-27,104.24229280119243,104.77868542545414,104.21290680001796,104.7125473022461,0.0
2006-12-28,104.63904833681816,104.852127619907,104.33044495523326,104.49209594726562,0.0
2006-12-29,104.3818728446371,104.73456082055576,103.91896216816669,104.0585708618164,0.0
2007-01-03,104.52151260509643,104.96972481236516,103.28709871660335,103.87490844726562,0.0
2007-01-04,103.77204245882282,104.37456201868696,103.31648654597576,104.09534454345705,0.0
2007-01-05,103.84550706615336,103.8969353646815,103.14747470555491,103.26502990722656,0.0
2007-01-08,103.47078272717536,103.90429628854844,103.0519565595176,103.74264526367188,0.0
2007-01-09,103.83081840573982,104.04390895194418,103.1621719785834,103.65447998046876,0.0
2007-01-10,103.29440285619592,104.02183225517707,103.08866728690283,103.9997787475586,0.0
2007-01-11,104.02922100584858,104.7933804210802,103.97043778748424,104.45539093017578,0.0
2007-01-12,104.44798260743576,105.24889373779295,104.41859661915738,105.24889373779295,0.0
2007-01-16,105.12403841516758,105.39590099237778,104.8742069318298,105.043212890625,0.0
2007-01-17,104.9623472971452,105.410559360005,104.87416689655508,105.0872573852539,0.0
2007-01-18,105.19743811747776,105.26356498977734,104.56553295476556,104.73452758789062,0.0
2007-01-19,104.73455320407504,105.14603555976312,104.67578122215308,104.94029998779295,0.0
2007-01-22,105.12399199413638,105.14603429002788,104.286339903269,104.61699676513672,0.0
2007-01-23,104.52882200300046,105.13134135449882,104.3818696185552,104.92560577392578,0.0
2007-01-24,105.05053234960324,105.79264929516796,105.00644774852516,105.7706069946289,0.0
2007-01-25,105.70448851800788,105.74857312259968,104.34515341375626,104.52884674072266,0.0
2007-01-26,104.7566287485106,104.8154007427958,104.0291991870424,104.4333267211914,0.0
2007-01-29,104.47741767960582,104.9256298426148,104.1467719358207,104.37454986572266,0.0
2007-01-30,104.5949906995344,104.96972107123898,104.38190014977476,104.91828155517578,0.0
2007-01-31,104.80072989444368,105.9028899551604,104.63172394600576,105.62367248535156,0.0
2007-02-01,105.91756119504304,106.2923027340503,105.7412227877457,106.25556182861328,0.0
2007-02-02,106.34373601696969,106.50538703906952,106.0865720903568,106.40251922607422,0.0
2007-02-05,106.32165445545292,106.49800401764904,106.05713571803209,106.43187713623048,0.0
2007-02-06,106.52010218796076,106.56418679869827,106.0498476538396,106.46131896972656,0.0
2007-02-07,106.63027303018862,106.80662261760531,106.22615677811618,106.6964111328125,0.0
2007-02-08,106.38045125751968,106.63027142712644,106.00572100310956,106.55680084228516,0.0
2007-02-09,106.58621000137356,106.78460192588857,105.35913997150392,105.76326751708984,0.0
2007-02-12,105.7632717168118,105.83674232054004,105.2121917359712,105.40322875976562,0.0
2007-02-13,105.6383572243018,106.46864340372016,105.63100231600798,106.29230499267578,0.0
2007-02-14,106.39519177839044,107.20343580057686,106.3804931709318,106.9903564453125,0.0
2007-02-15,107.03437400028112,107.24010952880174,106.85802445651542,107.12989807128906,0.0
2007-02-16,106.86540431002508,107.10052587819143,106.71109702173774,107.07848358154295,0.0
2007-02-20,106.95357880902633,107.42383318046473,106.54210763548627,107.30626678466795,0.0
2007-02-21,106.99033687822894,107.3283375174474,106.7992998632144,107.26219940185548,0.0
2007-02-22,107.31361569882998,107.5854781636478,106.66701176980597,107.1813507080078,0.0
2007-02-23,107.08587531989389,107.12260501910896,106.56418129236734,106.7625732421875,0.0
2007-02-26,107.15197570156244,107.24014489665085,106.35841931051966,106.66702270507812,0.0
2007-02-27,105.71916447905656,105.95428605710148,102.13346791694669,102.5008544921875,0.0
2007-02-28,103.1547793384896,104.32306569860911,102.72126596638176,103.55155181884766,0.0
2007-03-01,102.38329763628138,103.7867171752767,101.43544511701856,103.24298095703124,0.0
2007-03-02,102.90499715480316,103.35320929121748,101.88366277336736,101.89100646972656,0.0
2007-03-05,101.34727834794732,102.55966104943296,100.90642108429432,100.9211196899414,0.0
2007-03-06,101.97183706192544,102.95643058716578,101.19297916250392,102.6478271484375,0.0
2007-03-07,102.56701758611617,103.20627807665224,102.42740884436974,102.54497528076172,0.0
2007-03-08,103.26503130943392,103.7205983646923,102.91969818441208,103.41199493408205,0.0
2007-03-09,103.83077401984497,103.91159950079312,102.927006341422,103.44134521484376,0.0
2007-03-12,103.1768541201292,103.85284413655016,102.98581711931988,103.5956802368164,0.0
2007-03-13,103.00048891924467,103.43401357398332,101.42807491626724,101.58238220214844,0.0
2007-03-14,101.7146488048756,102.3979937117277,100.48023520917404,102.3392105102539,0.0
2007-03-15,102.11144939877362,102.8609213260892,101.98653927951288,102.47883605957033,0.0
2007-03-16,102.76722876125976,103.00329412964396,101.88937896393266,102.19183349609376,0.0
2007-03-19,102.73035431708249,103.51968532293331,102.64920824410918,103.4237823486328,0.0
2007-03-20,103.33530252267616,104.0508605486506,103.24678359368036,103.9918441772461,0.0
2007-03-21,104.08775079659648,105.96884564030734,103.8811991176304,105.70327758789062,0.0
2007-03-22,105.8434169976194,105.99095227097726,105.33441073674786,105.62210845947266,0.0
2007-03-23,105.69586960655847,106.0868431014319,105.59996662457192,105.77701568603516,0.0
2007-03-26,105.85816459779716,105.96881322903556,104.818022439281,105.63685607910156,0.0
2007-03-27,105.5778420804487,105.60735588691698,105.03933330270304,105.38604736328124,0.0
2007-03-28,104.854897217315,105.09833543474392,104.20572863750454,104.61884307861328,0.0
2007-03-29,105.15000649699678,105.20165004226946,104.15413479235224,104.72953033447266,0.0
2007-03-30,104.92871232482466,105.37131823253372,103.6893910195508,104.7516632080078,0.0
2007-04-02,104.86970520019533,105.09101380167634,104.36807161975676,104.86970520019533,0.0
2007-04-03,105.46714766256284,106.21220773727325,105.4228882282929,105.99828338623048,0.0
2007-04-04,105.99831556856948,106.1901102607084,105.60734210552862,106.11634826660156,0.0
2007-04-05,105.98355024334992,106.55157270829066,105.93929079916016,106.40403747558594,0.0
2007-04-09,106.70651332654674,106.81717322700788,106.33766950411662,106.55160522460938,0.0
2007-04-10,106.47045033014004,106.85405102549178,106.42619087610316,106.677001953125,0.0
2007-04-11,106.8319432108678,106.86144576753726,105.8876925541214,106.24179077148438,0.0
2007-04-12,106.03518851628895,106.90565422550486,105.74010680927124,106.71385955810548,0.0
2007-04-13,106.89097446344071,107.20081329345705,106.4926279417722,107.20081329345705,0.0
2007-04-16,107.57699583729968,108.33681324799416,107.56962301273144,108.21878051757812,0.0
2007-04-17,108.4179584369952,108.73515873408888,108.18189297813612,108.50647735595705,0.0
2007-04-18,108.14503276600932,108.95648256814142,108.1229030331653,108.6392822265625,0.0
2007-04-19,108.10812664463124,108.73515438925725,107.96796419106184,108.60974884033205,0.0
2007-04-20,109.3400384601999,109.6351089477539,108.46956138634572,109.6351089477539,0.0
2007-04-23,109.45071965338946,109.71628767371269,109.1556490780174,109.22203826904295,0.0
2007-04-24,109.34743484732137,109.47284039436784,108.67614765503954,109.26628875732422,0.0
2007-04-25,109.71630354594552,110.40235905445488,109.1925515104578,110.26956939697266,0.0
2007-04-26,110.27692177774225,110.50560312943232,109.98922406816128,110.39494323730467,0.0
2007-04-27,109.98184265379638,110.46134635219872,109.797420752,110.30642700195312,0.0
2007-04-30,110.38759131060148,110.46136458598558,109.3327032611819,109.39170837402344,0.0
2007-05-01,109.4875828155837,110.26215698014532,108.93431716321376,109.67200469970705,0.0
2007-05-02,109.84160902014555,110.61618275694047,109.73096045326584,110.31372833251952,0.0
2007-05-03,110.63102151706435,110.94822181431933,110.45397242283002,110.91134643554688,0.0
2007-05-04,111.20638921610448,111.4793299856568,110.81541574655525,111.33179473876952,0.0
2007-05-07,111.30231821730275,111.53837241627453,111.2506746778968,111.35395050048828,0.0
2007-05-08,111.08099247767184,111.33180354283596,110.74903533187003,111.2063980102539,0.0
2007-05-09,111.1252646353694,112.7334295292746,110.9260858226273,111.50886535644533,0.0
2007-05-10,111.19164369369943,111.4055793913649,110.11462615060644,110.3433074951172,0.0
2007-05-11,110.46870304642744,111.3391688928237,110.44657332194062,111.28753662109376,0.0
2007-05-14,111.28755141711856,111.61213576103708,110.49822028475134,111.04411315917967,0.0
2007-05-15,111.16947720791666,111.87766198998642,110.7932607258199,111.0735855102539,0.0
2007-05-16,111.24329036716394,111.8555724151,110.9334629313805,111.83344268798828,0.0
2007-05-17,111.67113029965584,112.09899037338148,111.47195153549347,111.61211395263672,0.0
2007-05-18,112.13590178217292,112.5858917236328,111.98836649531512,112.5858917236328,0.0
2007-05-21,112.55639980021992,113.0358923418533,112.49738342865824,112.52688598632812,0.0
2007-05-22,112.64489085464056,112.98423209309216,112.4088366830292,112.43833923339844,0.0
2007-05-23,112.82928046956984,113.23501077244066,112.39404762477018,112.45306396484376,0.0
2007-05-24,112.51947539656024,113.02110875836247,111.19901970174011,111.43507385253906,0.0
2007-05-25,111.75967885424996,112.14327958357715,111.52361340351928,111.89984130859376,0.0
2007-05-29,112.084279191017,112.4973825324357,111.72280813916473,112.30558776855467,0.0
2007-05-30,111.73012509730938,113.26450479900184,111.64159496574688,113.22024536132812,0.0
2007-05-31,113.36042536138916,113.5227174955474,112.95469502599356,113.10224151611328,0.0
2007-06-01,113.51540566582966,113.89899522883812,113.2424535174233,113.6629409790039,0.0
2007-06-04,113.26450558177048,113.89154430305511,113.2202461437909,113.67761993408205,0.0
2007-06-05,113.41209829586138,113.53011975986068,112.76292959087648,113.22767639160156,0.0
2007-06-06,112.76295801646395,112.82934721724033,111.94412410488768,112.01051330566406,0.0
2007-06-07,111.8039325143724,112.49736066965922,109.95971348700094,109.98922729492188,0.0
2007-06-08,110.34330112262204,111.5309784857784,109.98183018384636,111.42031860351562,0.0
2007-06-11,111.33916194064616,112.0916062948683,111.169496978102,111.61211395263672,0.0
2007-06-12,111.14738773013924,111.78917233084614,110.32118123210556,110.39494323730467,0.0
2007-06-13,111.02202337832544,112.1801987261896,110.4466277456998,112.0474090576172,0.0
2007-06-14,112.17280982503164,112.95475712520384,112.15068009059075,112.7629623413086,0.0
2007-06-15,113.45636530655936,113.84161928940146,113.3007782715567,113.40451049804688,0.0
2007-06-18,113.63421582975664,113.64162043212168,113.1007905363256,113.27118682861328,0.0
2007-06-19,113.01929382686018,113.63421496054887,112.8785272498459,113.55271911621094,0.0
2007-06-20,113.78239597587158,113.78239597587158,111.84132735805366,111.97467803955078,0.0
2007-06-21,111.93021654284895,112.69330884499554,111.31529541791544,112.59699249267578,0.0
2007-06-22,112.25617856386069,112.44139532633186,111.01893194712125,111.53753662109376,0.0
2007-06-25,111.30788574998236,112.0561575089322,110.4040269139612,111.0041275024414,0.0
2007-06-26,111.28564145361076,111.4708582109497,109.85576220849262,109.86316680908205,0.0
2007-06-27,109.74469177513342,111.55241004311392,109.69282563076608,111.42645263671876,0.0
2007-06-28,111.41156768798828,112.17465968820204,110.885547216566,111.41156768798828,0.0
2007-06-29,111.79683207120604,112.35248235248388,110.50031474822444,111.44862365722656,0.0
2007-07-02,111.77461092941236,112.55252361174368,111.70053100545442,112.45620727539062,0.0
2007-07-03,112.74512130060916,112.98220413884395,112.60436608323069,112.86366271972656,0.0
2007-07-05,112.90815464920172,113.02669611212433,112.33769505526696,112.7451629638672,0.0
2007-07-06,112.89331617623247,113.47859612747727,112.55991698510756,113.33782958984376,0.0
2007-07-09,113.47121566223676,113.61938683162276,113.07114106968542,113.42676544189452,0.0
2007-07-10,112.82663737190838,113.06372025271294,111.70052760228862,111.81165313720705,0.0
2007-07-11,111.68572887896646,112.64885848679698,111.51533259061324,112.60440826416016,0.0
2007-07-12,112.8859144952972,114.64918178091288,112.86368938705284,114.3824691772461,0.0
2007-07-13,114.51586281104488,115.17523424908276,114.382500819951,114.72330474853516,0.0
2007-07-16,114.82697648769116,115.22703967997889,114.52321831490386,114.70843505859376,0.0
2007-07-17,114.78250528101076,115.18998434366765,114.59728855296056,114.64915466308594,0.0
2007-07-18,114.2639297694964,114.6862294431454,113.57492879215512,114.44174194335938,0.0
2007-07-19,114.98258128896316,115.22706880900742,114.64919332698854,114.8862762451172,0.0
2007-07-20,114.75288046633216,114.82697168260084,113.22669637094992,113.72307586669922,0.0
2007-07-23,114.22688771602284,114.62696229350836,113.57493233432837,114.0713119506836,0.0
2007-07-24,113.44152667461076,114.30093492026226,111.6930804838543,112.09315490722656,0.0
2007-07-25,112.62661128981291,112.90072847881072,111.31527345549422,112.3228530883789,0.0
2007-07-26,111.27084264202657,111.722772070235,108.45554512063312,109.66316223144533,0.0
2007-07-27,109.80387860026738,110.29284211982026,107.46273668830098,107.50718688964844,0.0
2007-07-30,108.11473659117944,109.5075704354666,107.64058207255292,109.18900299072266,0.0
2007-07-31,109.89281576018637,110.72999918135602,107.4553567268592,107.95915222167967,0.0
2007-08-01,107.55909967274432,108.914888068376,106.64783613968386,108.48518371582033,0.0
2007-08-02,108.72965278330058,109.4705198918656,107.618352120453,109.35198974609376,0.0
2007-08-03,109.11490406509462,109.3371664529484,106.0921649825932,106.53668975830078,0.0
2007-08-06,106.84044752851771,108.78151567781924,105.5957849446161,108.32218170166016,0.0
2007-08-07,108.12211748621498,110.38916839756904,107.59609701171505,109.4779052734375,0.0
2007-08-08,109.95209749595062,111.5671824721203,109.15936421159778,111.0041275024414,0.0
2007-08-09,109.22600125289928,110.35212210222564,107.64054654471802,107.71463775634766,0.0
2007-08-10,106.97378596853292,108.53701579497064,106.03288171065051,107.21086883544922,0.0
2007-08-13,108.53702709756348,108.82596480624817,107.44054698572604,107.59612274169922,0.0
2007-08-14,107.94433508068612,108.21104769102918,105.7365542701844,105.95140075683594,0.0
2007-08-15,105.73653710933024,107.02564973422342,104.18071191738098,104.49187469482422,0.0
2007-08-16,103.56578663006196,105.89952432035594,101.49877280039895,105.2771987915039,0.0
2007-08-17,107.7961487929572,108.02581575482404,104.75118496249256,107.21086883544922,0.0
2007-08-20,107.55165516623212,107.77391751505384,106.15882166469989,107.15899658203124,0.0
2007-08-21,107.1293870257378,108.1443713337432,106.78858318615129,107.37386322021484,0.0
2007-08-22,108.17400831878844,108.75929969695018,107.67022408391382,108.64816284179688,0.0
2007-08-23,109.15934682944908,109.38901380281602,107.8776500171129,108.55184173583984,0.0
2007-08-24,108.52223616198236,109.89284515380858,108.37406496672112,109.8928451538086,0.0
2007-08-27,109.5371942100877,109.89280721689846,108.70741545455108,108.8704071044922,0.0
2007-08-28,108.28515774188033,108.35183307986956,106.28481846904548,106.4774398803711,0.0
2007-08-29,106.9590003460834,108.71486340071976,106.65525336779312,108.56668090820312,0.0
2007-08-30,107.75914327449664,109.04825640732813,107.65542230781394,108.27774810791016,0.0
2007-08-31,109.38900892742842,110.01875040449904,108.78150386089524,109.34455871582033,0.0
2007-09-04,109.24081632220746,111.11520857493564,109.20377071823542,110.44843292236328,0.0
2007-09-05,109.79651032246952,109.9150517806354,108.90747199569668,109.49275207519533,0.0
2007-09-06,109.61125935182297,110.10023423572196,108.996338447174,109.74462127685548,0.0
2007-09-07,108.52222229661602,108.82598055617127,107.6183634248452,108.21847534179688,0.0
2007-09-10,108.55186567231634,108.70003685186455,106.929364690133,108.01102447509766,0.0
2007-09-11,108.34440111478176,109.42606067366718,108.26290528735332,109.2704849243164,0.0
2007-09-12,109.12225973026564,109.97426328416724,108.89259284421382,109.55196380615234,0.0
2007-09-13,110.0557971884011,110.7225729790941,109.796489211613,110.322509765625,0.0
2007-09-14,109.61868849612704,110.4558605357257,109.45569684847416,110.31509399414062,0.0
2007-09-17,109.8779954958666,110.12988759146587,109.37421130466808,109.72241973876952,0.0
2007-09-18,110.26326238313467,112.98224354331366,109.74465762453876,112.9526138305664,0.0
2007-09-19,113.6563922240713,114.38243861041008,113.13778766240074,113.61934661865234,0.0
2007-09-20,113.60456940748838,113.6712447398119,112.693305951526,112.81925201416016,0.0
2007-09-21,113.6744959578724,113.97968371929612,112.95244504441423,113.12364959716795,0.0
2007-09-24,113.45867876634932,113.7564383175695,112.6696358327554,112.915283203125,0.0
2007-09-25,112.26022037750216,112.89294946740094,112.00713328488872,112.69196319580078,0.0
2007-09-26,113.33208325278996,113.71916481271344,112.69191470914588,113.28742218017578,0.0
2007-09-27,113.82340657978592,113.96484091777158,113.28745085603138,113.95738983154295,0.0
2007-09-28,113.77870680975089,114.03179377148152,113.13108723803404,113.57772064208984,0.0
2007-10-01,113.59264670200388,115.19306273953109,113.51820399210656,114.85809326171876,0.0
2007-10-02,115.08885626545866,115.1186265360825,114.49334862771067,114.70177459716795,0.0
2007-10-03,114.49336173407984,114.93999535310904,113.89785402816244,114.47103118896484,0.0
2007-10-04,114.71666508940211,114.8283178018822,114.3295834221988,114.64967346191406,0.0
2007-10-05,115.40153371717848,116.19802786202618,115.10378547815849,116.01193237304688,0.0
2007-10-08,115.6695064216188,115.74394915717605,115.20799326459084,115.3940887451172,0.0
2007-10-09,115.82580960587438,116.49574866507533,115.40150653891313,116.4808578491211,0.0
2007-10-10,116.15330550900572,116.45106497848786,115.6843528019102,116.28730010986328,0.0
2007-10-11,116.81583314587998,117.25502705047832,115.0367610567304,115.72904205322266,0.0
2007-10-12,115.72156281724456,116.38406195418384,115.58012850289327,116.36917114257812,0.0
2007-10-15,116.32457098627536,116.39156263604332,114.59015967262287,115.38664245605467,0.0
2007-10-16,114.93999535310904,115.02187780465223,114.24027465053348,114.47103118896484,0.0
2007-10-17,115.36428786614664,115.4461703182559,113.49589364230027,114.82089233398438,0.0
2007-10-18,114.22534367214485,114.77619009415194,113.94992614032168,114.40399932861328,0.0
2007-10-19,113.95738204016104,116.48083533432292,111.40415847820962,111.4115982055664,0.0
2007-10-22,110.80864843170356,112.2229689666672,110.6597743793435,112.0592041015625,0.0
2007-10-23,112.7440560293624,113.10879578896495,111.84334918467128,112.96736145019533,0.0
2007-10-24,112.55795914485616,112.95248052768902,110.79376683464189,112.7589340209961,0.0
2007-10-25,112.88549740088342,113.36190130688054,111.56794976986384,113.02693176269533,0.0
2007-10-26,113.93503110994224,114.35188293457033,113.07154583986384,114.35188293457033,0.0
2007-10-29,114.58268194012508,114.9623239172676,114.29982458742104,114.7315673828125,0.0
2007-10-30,114.22538994231684,114.44870676377288,113.79364711639924,113.9350814819336,0.0
2007-10-31,114.6198722728098,115.5801308697214,113.77127772768596,115.1186065673828,0.0
2007-11-01,114.1062252625326,114.19555875848664,112.0963976581358,112.4239273071289,0.0
2007-11-02,112.79617684482324,113.14603721065698,111.06921692006313,112.55052947998048,0.0
2007-11-05,111.38927405203782,112.52073738507718,110.8905396898391,111.69447326660156,0.0
2007-11-06,112.2974587578167,113.22793617316438,111.58284710514825,113.19816589355467,0.0
2007-11-07,111.98477076290207,112.49839588901716,109.83350837322776,110.10148620605467,0.0
2007-11-08,110.16105106007484,110.46623892246934,107.9874578750988,109.543212890625,0.0
2007-11-09,108.4489935881686,109.82609319621214,107.85348583625206,108.03958129882812,0.0
2007-11-12,108.09168274829484,109.1338126919049,106.96765899658205,106.96765899658205,0.0
2007-11-13,108.21078568357314,110.39927013553816,108.09913294964252,110.22806549072266,0.0
2007-11-14,111.07660699827623,111.21059021464649,109.26031434285632,109.92281341552734,0.0
2007-11-15,109.10404209753872,109.78887196680544,107.5780571887414,108.33731842041016,0.0
2007-11-16,108.91050397402064,109.02960779309522,107.61528685627198,108.52342224121094,0.0
2007-11-19,108.14380809747672,108.20336001610087,106.58805255790908,107.01234436035156,0.0
2007-11-20,107.2058758097522,108.32988829948252,105.784103768912,107.66738891601562,0.0
2007-11-21,106.50615352226046,107.1239918037168,105.456572416713,105.4640121459961,0.0
2007-11-23,106.49866950341678,107.44402585566402,106.22324061737037,107.28771209716795,0.0
2007-11-26,107.51105390743636,107.8460347916198,104.70474280424897,104.9206085205078,0.0
2007-11-27,105.5086724100242,106.61779393845808,104.92060447199026,106.1265106201172,0.0
2007-11-28,107.33238271364156,109.77395340730205,107.29516136266544,109.52086639404295,0.0
2007-11-29,109.1412306861348,109.96005502045564,108.75416041751244,109.5580825805664,0.0
2007-11-30,110.94267031775378,111.56050864071352,109.66978366455398,110.6598129272461,0.0
2007-12-03,110.30993983573735,110.50347501310556,109.63998940632776,109.9302978515625,0.0
2007-12-04,109.1710402058512,109.82608848231467,108.91050202608112,108.94772338867188,0.0
2007-12-05,110.11640182292324,111.06176995452076,110.04197045280443,110.7714614868164,0.0
2007-12-06,110.63745940299188,112.55796561617554,110.59279831683752,112.3569793701172,0.0
2007-12-07,112.71426341029672,112.773815302833,112.06665503630283,112.33463287353516,0.0
2007-12-10,112.6100587950548,113.332109927895,112.297419854809,113.20556640625,0.0
2007-12-11,113.25021722299957,113.80850342819214,110.04193431449738,110.10148620605467,0.0
2007-12-12,112.44632352350952,112.9748396491662,109.57300904947628,111.18831634521484,0.0
2007-12-13,110.40674514849516,111.20322799265097,109.64747231813584,110.95758056640624,0.0
2007-12-14,110.11637754359592,110.98731411304368,109.49855073853396,109.55065155029295,0.0
2007-12-17,109.13378466012648,109.3273197832676,107.831116886031,107.98744201660156,0.0
2007-12-18,108.75415028862352,109.03700755729388,107.16117420705862,108.59038543701172,0.0
2007-12-19,108.6350465132038,109.34220672242148,107.89066495437233,108.59038543701172,0.0
2007-12-20,109.30503883392248,109.31992965272336,108.06936211588582,109.2752685546875,0.0
2007-12-21,110.28175438962803,111.06750578067772,110.07222220783446,110.85049438476562,0.0
2007-12-24,111.36687544442954,111.86076633738732,111.11243365385369,111.6736831665039,0.0
2007-12-26,111.23958767087446,112.01036899758124,111.1273423975266,111.91309356689452,0.0
2007-12-27,111.51647102465152,111.52395023616688,110.24430852978249,110.50621795654295,0.0
2007-12-28,111.15727964274376,111.20966838696724,109.93001507421832,110.22935485839844,0.0
2007-12-31,110.07967335646728,110.46131867527568,109.30140145869204,109.41365814208984,0.0
2008-01-02,109.6531238277734,109.99736168744376,107.67004793004055,108.4557876586914,0.0
2008-01-03,108.44082313001276,108.87485718140331,107.81222681502368,108.40340423583984,0.0
2008-01-04,107.26597064956104,107.34080846202474,105.4475282768923,105.74685668945312,0.0
2008-01-07,106.12103649906476,106.43533479808116,104.84139424011572,105.65707397460938,0.0
2008-01-08,106.32308707495744,106.93671381095032,103.59915712654302,103.95087432861328,0.0
2008-01-09,104.08554673357126,105.35770948044012,103.04536519471048,105.0434112548828,0.0
2008-01-10,104.52704947758488,106.8618540025054,104.2950682931337,105.73186492919922,0.0
2008-01-11,105.35023725863265,106.1883659157382,104.01820646345566,104.8787841796875,0.0
2008-01-14,105.63459189908777,106.1584222337424,105.06585203405284,105.7243881225586,0.0
2008-01-15,104.60935878356536,105.8815327262149,103.19501130700628,103.39706420898438,0.0
2008-01-16,102.79094652509006,104.10800753581192,101.98274610306288,102.50657653808594,0.0
2008-01-17,103.12767478867828,103.18006353182288,99.4758094274016,99.8499755859375,0.0
2008-01-18,100.83032804975026,101.03986024226204,98.10639812844887,98.82479095458984,0.0
2008-01-22,95.19535806451036,99.101648156448,94.28987660131487,97.82200622558594,0.0
2008-01-23,95.10555501408705,100.41871923263804,94.91847192778096,100.17176818847656,0.0
2008-01-24,100.6357685889968,101.3691427856662,99.7602207847116,101.01742553710938,0.0
2008-01-25,102.15485811746268,102.34194122900792,99.22888693106644,99.55814361572266,0.0
2008-01-28,99.72279161885666,101.41403049176868,98.82479484153666,101.20449829101562,0.0
2008-01-29,101.84804130216963,102.10995078351075,100.93507488672095,101.7058563232422,0.0
2008-01-30,101.4589008327924,103.6739581823336,100.72553833099184,100.95751953125,0.0
2008-01-31,99.82752824499332,103.6739559640796,99.67786406273667,102.79840850830078,0.0
2008-02-01,103.22496774504958,104.47468141818727,102.91066952354,104.45223236083984,0.0
2008-02-04,104.17537461194108,104.2427217979284,103.00048708047105,103.13519287109376,0.0
2008-02-05,101.72828164743136,101.96026280370826,100.02956434698618,100.3738021850586,0.0
2008-02-06,100.71056027541208,101.21194153607432,99.08668058736268,99.56561279296876,0.0
2008-02-07,98.63021889178232,100.86772560249833,98.57783013949214,100.22415924072266,0.0
2008-02-08,99.59553245862712,100.44115152152672,98.8546908684666,99.58057403564452,0.0
2008-02-11,99.60304317704323,100.44865099184442,98.80980127188596,100.0894546508789,0.0
2008-02-12,100.9575575566476,102.00521866810432,100.261602275098,101.01742553710938,0.0
2008-02-13,101.78066402331405,102.56641516036775,101.12961862738224,102.05006408691406,0.0
2008-02-14,102.48411504605386,102.5215339480122,100.86771439807738,101.15208435058594,0.0
2008-02-15,100.65069880602287,101.18949899936833,100.20918546995088,101.12963104248048,0.0
2008-02-19,102.31202107599026,102.43923623170062,100.73303903247673,101.41402435302734,0.0
2008-02-20,100.26903459101872,102.184763176974,100.0969099653083,101.71331024169922,0.0
2008-02-21,102.26710320815532,102.52901268335232,100.32892513338594,100.86771392822266,0.0
2008-02-22,101.00241150915818,101.6609475875461,99.42342989840144,101.48882293701172,0.0
2008-02-25,101.42896468255,103.00794644430728,100.86023619050954,102.76848602294922,0.0
2008-02-26,102.33447552765293,103.98080484290558,102.14739239140494,103.53929138183594,0.0
2008-02-27,102.94057676174135,104.1229430212646,102.82833149793736,103.43447875976562,0.0
2008-02-28,102.70113848304524,103.23993870248326,102.18478732119664,102.42424774169922,0.0
2008-02-29,101.47388417194809,101.53374071917564,99.363581194798,100.14185333251952,0.0
2008-03-03,99.63298175870683,100.13436312907574,98.95948712236584,99.90238189697266,0.0
2008-03-04,98.9519967240697,99.8275443208434,98.02407179346184,99.52073669433594,0.0
2008-03-05,99.8424730733154,100.85272603305827,99.03427298924952,100.1492919921875,0.0
2008-03-06,99.51322794747504,99.69283181359953,97.69478590487512,98.07643127441406,0.0
2008-03-07,97.11105257565114,98.58526761625583,96.2205356160468,97.06615447998048,0.0
2008-03-10,97.16348137989372,97.23082855909524,95.4797333879742,95.78655242919922,0.0
2008-03-11,97.82201325538892,99.3186780709014,96.49746169643936,99.2288818359375,0.0
2008-03-12,99.3336052534474,100.10438638890152,98.15123918676984,98.3009033203125,0.0
2008-03-13,96.99135895439078,99.25880512251214,96.23554737123226,98.51795196533205,0.0
2008-03-14,99.35610448245131,99.38603275681858,95.62192137487683,96.99137115478516,0.0
2008-03-17,94.71642982399575,96.72944005906838,94.3422636311682,96.01104736328124,0.0
2008-03-18,97.7471615136554,100.04454715893344,97.2682292977073,99.99964904785156,0.0
2008-03-19,100.38129026555504,100.76293561263628,97.31312339034848,97.52266693115234,0.0
2008-03-20,97.8024289917927,99.9532555973028,97.2083132455064,99.32906341552734,0.0
2008-03-24,100.25407036289332,102.13416323287537,100.20143372962544,101.31444549560548,0.0
2008-03-25,101.4197629469422,101.93867058244209,100.6000449452991,101.41224670410156,0.0
2008-03-26,101.1189381515443,101.59271383685498,100.10368322911891,100.1713638305664,0.0
2008-03-27,100.92340614475935,101.10389923279506,99.53966022868885,99.8555145263672,0.0
2008-03-28,100.0134368928956,100.2916870002348,98.56199904949422,98.9004135131836,0.0
2008-03-31,98.73494669097042,99.81788196066192,98.5845415646634,99.246337890625,0.0
2008-04-01,100.4797124966961,102.90878996534433,100.4045041703488,102.73582458496094,0.0
2008-04-02,103.0666996634579,103.53295905136788,102.26201435833386,102.80348205566406,0.0
2008-04-03,102.24699106953712,103.36000300292947,102.05898175425972,103.0591812133789,0.0
2008-04-04,103.11933833070036,103.75105830681105,102.36730112239556,102.94637298583984,0.0
2008-04-07,103.68336859146348,104.20980382937331,102.8335743299016,102.9990234375,0.0
2008-04-08,102.41996586155616,102.9689498996892,102.23947277119862,102.8937530517578,0.0
2008-04-09,102.73580380452717,102.87869271057708,101.4422988842123,102.1492156982422,0.0
2008-04-10,101.84086451155432,102.78091090322998,101.44980199956804,102.2920913696289,0.0
2008-04-11,101.14148629219228,101.61526192101124,100.02846298360444,100.30672454833984,0.0
2008-04-14,100.16382923825738,100.42703535405848,99.68252592417764,99.96829223632812,0.0
2008-04-15,100.4571211444242,100.5398456876835,99.51707473246692,100.20143127441406,0.0
2008-04-16,101.1791048010402,102.96144120788468,101.16407231545897,102.91632080078124,0.0
2008-04-17,102.29209122992884,103.21709366502522,102.02135741048896,103.06668853759766,0.0
2008-04-18,104.4880778721373,104.95433738665224,103.97668647460932,104.1421356201172,0.0
2008-04-21,103.95409814396396,104.51812603962884,103.66833181328067,104.19475555419922,0.0
2008-04-22,103.92401698043696,104.01425776758398,102.95388261790076,103.73600769042967,0.0
2008-04-23,103.84882201230572,104.36772955540044,103.11934495537226,103.57057189941406,0.0
2008-04-24,103.84132695887877,105.0897118136309,103.05920162630964,104.02182006835938,0.0
2008-04-25,104.8339812677868,105.2024836274757,103.71345318199904,104.9843978881836,0.0
2008-04-28,105.1949673079911,105.4732174001988,104.8189487076339,105.0069580078125,0.0
2008-04-29,104.82646771504096,105.08215761598926,104.23987960101728,104.59333801269533,0.0
2008-04-30,104.75125909904594,105.72890977797516,103.97666168212892,103.9766616821289,0.0
2008-05-01,104.06690509435032,106.12747955322266,103.98418054836212,106.12747955322266,0.0
2008-05-02,107.04496092451762,107.0675211201073,105.7063357687096,106.42076873779295,0.0
2008-05-05,106.0748271190897,106.4959660267801,105.59352387099,105.9093780517578,0.0
2008-05-06,105.30020928242618,106.93964420593352,105.05203572998133,106.82684326171876,0.0
2008-05-07,106.70654920101136,106.81935018179864,104.63093082829258,104.92422485351562,0.0
2008-05-08,105.08969404848736,105.5258770496114,104.51813836934218,104.65351104736328,0.0
2008-05-09,104.2323905089226,104.8264950188324,104.11957801134814,104.45799255371094,0.0
2008-05-12,104.72116411106045,105.7063308566158,104.33010161371872,105.63113403320312,0.0
2008-05-13,105.886844250233,105.954524846872,105.0821589062667,105.64618682861328,0.0
2008-05-14,106.08986357490105,106.93965756958184,105.63112055248048,105.86425018310548,0.0
2008-05-15,106.06734924837951,107.26309742876872,105.90942782137152,107.1878890991211,0.0
2008-05-16,107.43601913663711,107.44353537647405,106.49597277413513,107.28561401367188,0.0
2008-05-19,107.39840255707398,108.51894182255104,107.01486781662564,107.57889556884766,0.0
2008-05-20,106.99233603660952,107.0449726737042,106.03724557617171,106.70655822753906,0.0
2008-05-21,106.64640819952642,106.87953792764016,104.53318521220044,104.90168762207033,0.0
2008-05-22,104.85655316945828,105.41306489158166,104.53318264490136,104.91671752929688,0.0
2008-05-23,104.57078947683247,105.02953269154546,103.42017331906,103.51041412353516,0.0
2008-05-27,103.63074379117174,104.53318626968726,103.42769050407269,104.27749633789062,0.0
2008-05-28,104.660997683134,105.28518982842353,103.78111568801748,104.7587661743164,0.0
2008-05-29,104.63096369947972,105.984621794901,104.59335953567808,105.28523254394533,0.0
2008-05-30,105.63867219337494,105.84172546155636,105.24009337353807,105.54843139648438,0.0
2008-06-02,105.15739331809569,105.17995352257452,103.78116346898533,104.45799255371094,0.0
2008-06-03,104.75877829790647,104.99942422113006,103.20205587434484,103.84880828857422,0.0
2008-06-04,103.55551569396204,104.6534950078468,103.37503411783275,103.79617309570312,0.0
2008-06-05,104.21727105525508,105.95447439282202,104.02174559967864,105.87174987792967,0.0
2008-06-06,104.946819823018,105.13482917007636,102.44253394317892,102.49517059326172,0.0
2008-06-09,102.92380206324616,103.40510536740378,101.83335051986148,102.7433090209961,0.0
2008-06-10,102.0288803470491,103.10429945533213,101.78823442240572,102.23193359375,0.0
2008-06-11,102.25450951073788,102.47259527207274,100.72034703897248,100.72787475585938,0.0
2008-06-12,101.22420161401058,102.17928050062396,100.412000141998,101.11138916015624,0.0
2008-06-13,101.65283850621664,102.6680930322362,101.08881076402214,102.38983154296876,0.0
2008-06-16,101.93864766331576,102.97645122580364,101.87096706742732,102.45002746582033,0.0
2008-06-17,103.08173767093594,103.11933034829946,101.80326533564175,101.95368194580078,0.0
2008-06-18,101.29187379052144,101.91606592945668,100.55488068227407,100.96097564697266,0.0
2008-06-19,100.88576057543804,101.70548963969676,100.39694110768004,101.08881378173828,0.0
2008-06-20,100.40028488783656,100.58923454090728,99.17589482636124,99.44798278808594,0.0
2008-06-23,99.8334497924378,99.93926115154852,99.25149308361556,99.34973907470705,0.0
2008-06-24,99.0474326504174,100.09799249569988,98.39744523683852,99.15324401855467,0.0
2008-06-25,99.55378418320088,100.8235201893056,99.19100411468104,99.6218032836914,0.0
2008-06-26,98.68465461262949,99.32707667152891,96.8027114534606,96.91607666015624,0.0
2008-06-27,96.95388072288796,97.39224546316116,96.01669171349776,96.38703155517578,0.0
2008-06-30,96.65909456483632,97.43001246223932,96.21317610296092,96.72711944580078,0.0
2008-07-01,95.6236500088813,97.0974609494056,95.17773153893272,97.0294418334961,0.0
2008-07-02,97.33931333982024,97.61896671200536,95.19284771493506,95.36668395996094,0.0
2008-07-03,96.0695535573234,96.0695535573234,94.46725856537569,95.46491241455078,0.0
2008-07-07,95.82774224404146,96.24342817502227,93.65859734733634,94.48997497558594,0.0
2008-07-08,94.46728423188726,96.28120238675656,93.87020252690225,96.16783142089844,0.0
2008-07-09,96.36433002832212,96.54572009381528,94.01379571299506,94.3161163330078,0.0
2008-07-10,94.04404446299375,95.0719312873602,93.40161663933654,94.70159149169922,0.0
2008-07-11,93.6963409915412,95.15503232756524,92.57775667409008,93.59808349609376,0.0
2008-07-14,94.67136239713544,94.8527525005042,92.50977729717552,92.75163269042967,0.0
2008-07-15,92.05629272318416,93.3335887266096,90.71096606553203,91.444091796875,0.0
2008-07-16,91.79174830595731,94.1498422872211,91.52721991854466,93.68880462646484,0.0
2008-07-17,94.5806686232074,95.42716541998077,93.7870775158394,94.62601470947266,0.0
2008-07-18,95.3591358798443,95.54808558513034,94.58822361944377,95.21553802490234,0.0
2008-07-21,95.6161223141819,95.83530469140156,94.61846797741975,95.2684555053711,0.0
2008-07-22,94.58820044084123,96.59106797933296,94.3614585435456,96.34921264648438,0.0
2008-07-23,96.65907435390892,97.61137635799844,96.40210561936308,96.87069702148438,0.0
2008-07-24,96.99919633238706,97.05210777371764,94.59576215212138,94.86029052734376,0.0
2008-07-25,95.14749806532046,95.60097613293831,94.60332207766444,94.8376235961914,0.0
2008-07-28,94.86030623992094,95.27599210804247,93.28068379545532,93.44696044921876,0.0
2008-07-29,93.70391966821386,95.5178318249423,93.4469451273628,95.44225311279295,0.0
2008-07-30,96.06959686080812,97.19574135267594,95.44228240151874,97.14282989501952,0.0
2008-07-31,96.28875332167635,97.17304216274354,95.70678510692272,95.85794830322266,0.0
2008-08-01,96.0771208401816,96.19804561863474,94.82249238680144,95.35155487060548,0.0
2008-08-04,95.26086077176171,95.33643948210324,94.29343944030406,94.46726989746094,0.0
2008-08-05,95.24576341992376,97.16549308768374,94.45217812985528,97.01433563232422,0.0
2008-08-06,96.75739158420215,97.72481338534617,96.34925943066536,97.44515991210938,0.0
2008-08-07,96.71202519308314,97.07481119715212,95.63879215407292,95.9940185546875,0.0
2008-08-08,95.66900603007286,98.20092489315354,95.5178428220844,97.77767944335938,0.0
2008-08-11,97.85328675808223,99.39511147523994,97.67189086617935,98.7904815673828,0.0
2008-08-12,98.4654221250894,98.78285609334591,97.29393220939588,97.76253509521484,0.0
2008-08-13,97.33929975535912,97.98928703360068,96.4928089865131,97.17303466796876,0.0
2008-08-14,96.62129543551144,98.46544596357748,96.55327632568245,97.9061508178711,0.0
2008-08-15,98.20094359340996,98.63175449350068,97.72479813800663,98.38233947753906,0.0
2008-08-18,98.5788114619363,98.61660370059728,96.4852575244676,97.0369873046875,0.0
2008-08-19,96.30388318495396,96.5079520931958,95.63122270396931,95.97888946533205,0.0
2008-08-20,96.281193463575,96.70443887951365,95.48760254240374,96.42479705810548,0.0
2008-08-21,95.79751900811664,97.07482110677051,95.68414800987894,96.5911102294922,0.0
2008-08-22,97.24862404098933,97.9893035888672,96.59108281713873,97.9893035888672,0.0
2008-08-25,97.34689851172917,97.98932064322744,95.79750849387328,96.00157165527344,0.0
2008-08-26,96.00153378298072,96.64396719361685,95.66898632646978,96.28118133544922,0.0
2008-08-27,96.4021425612702,97.36956413592873,96.21319285477324,97.2184066772461,0.0
2008-08-28,97.7096811685758,98.51082615981672,97.58119673909152,98.3974609375,0.0
2008-08-29,98.04980842748456,98.35968880864807,97.12773265541357,97.33935546875,0.0
2008-09-02,98.2765180651923,98.7904672514851,96.37946144286924,96.73468780517578,0.0
2008-09-03,96.65154266357423,97.12013996729527,95.93353615321014,96.65154266357422,0.0
2008-09-04,95.96378018379176,96.16028949787112,93.6888240478784,93.74172973632812,0.0
2008-09-05,93.18241809035896,94.43704087566296,92.20743712065344,94.03646850585938,0.0
2008-09-08,96.77247475769671,96.92364374606824,94.0364867502766,95.97888946533205,0.0
2008-09-09,96.06201347744708,96.25852275372236,92.81208253193157,93.1295166015625,0.0
2008-09-10,93.6359154458981,94.39927386945264,92.62314779386256,93.50743103027344,0.0
2008-09-11,92.29813355565854,95.03412098836726,91.90511502708291,94.86029052734376,0.0
2008-09-12,93.93823352772226,95.38936583956256,93.5905667717368,95.29866790771484,0.0
2008-09-15,91.9277855661058,94.96609929691724,90.61269756053082,90.76385498046876,0.0
2008-09-16,88.57960524017516,92.44929665596192,88.42844780684896,92.28302001953124,0.0
2008-09-17,90.42376692466796,92.09408156139118,87.67265978579597,88.13369750976562,0.0
2008-09-18,89.22204545862958,92.04873119170932,86.00990074540225,90.7487564086914,0.0
2008-09-19,96.3139572958551,97.3021849314298,93.75217691999109,94.35271453857422,0.0
2008-09-22,94.6036042373257,94.83165864210234,91.49449693021312,92.21665954589844,0.0
2008-09-23,91.86696394551514,92.75636552565528,89.91331833289264,90.11856842041016,0.0
2008-09-24,90.7267116833988,91.22082564892996,89.54084280585515,90.40744018554688,0.0
2008-09-25,90.76473210961156,92.67276953488856,90.03496612456885,91.82137298583984,0.0
2008-09-26,90.33139582492925,92.36105717083863,90.08814059770036,91.866943359375,0.0
2008-09-29,90.567061090885,90.7190934555168,84.356445621102,84.6681137084961,0.0
2008-09-30,86.28729644801369,88.78826798329422,84.02197684413245,88.17252349853516,0.0
2008-10-01,87.62521589232418,88.70466690535035,86.62178688559894,88.22575378417969,0.0
2008-10-02,87.38193476262833,87.50356529708166,84.4248605397732,85.02539825439453,0.0
2008-10-03,85.79318104208124,87.7620276087416,83.3758290978992,83.8775405883789,0.0
2008-10-06,81.4525992047912,81.80988171072237,76.50386763900913,79.60537719726562,0.0
2008-10-07,81.21692498105655,81.58941413065133,75.75128206382402,76.04014587402344,0.0
2008-10-08,74.1321321677131,77.67454417830744,73.59240956946765,74.1245346069336,0.0
2008-10-09,75.758907140501,76.48867313310633,68.60567046145641,68.94774627685547,0.0
2008-10-10,65.95267469478155,71.4107223293602,63.53532199200905,67.27537536621094,0.0
2008-10-13,71.35749192821272,77.04358673095703,68.37760725867949,77.04358673095703,0.0
2008-10-14,79.59017650596233,80.22112200891752,73.82046145514958,75.90333557128906,0.0
2008-10-15,74.0865094068016,74.3449714153923,68.19516471876138,68.43081665039062,0.0
2008-10-16,69.39624409570327,72.04164480266316,65.78541973214995,71.2814712524414,0.0
2008-10-17,69.92833870406287,74.94548121370968,69.66988257158891,70.85575103759766,0.0
2008-10-20,72.48256947200095,75.33322117488247,71.52474887592635,75.1127700805664,0.0
2008-10-21,73.71404782428873,74.98353656660532,72.3837437914064,72.87025451660156,0.0
2008-10-22,70.8481647147193,72.87022891821428,66.53798255421259,68.9021224975586,0.0
2008-10-23,68.63605818543034,70.27802974239617,65.23047874186499,69.70030212402344,0.0
2008-10-24,63.90018479429767,68.35480212443915,63.85457623859107,66.1655044555664,0.0
2008-10-27,65.35214761380838,68.04316377176613,63.626549705335655,63.816593170166016,0.0
2008-10-28,66.39358229346841,71.63878309884966,64.25749559809948,71.2739028930664,0.0
2008-10-29,71.28145846077913,73.86604922765363,70.01197025164146,70.75694274902344,0.0
2008-10-30,72.8094487907007,73.38718252763886,70.62015023972369,73.20474243164062,0.0
2008-10-31,72.27729379919441,74.93029754446614,71.82119088419684,73.60759735107422,0.0
2008-11-03,73.56957597259502,74.2613365057561,72.93863069942527,73.8204345703125,0.0
2008-11-04,75.302786385677,76.67110102973814,73.51637978902092,76.32902526855469,0.0
2008-11-05,75.40919616463063,76.5570595799836,72.2164703228537,73.12107849121094,0.0
2008-11-06,71.80596617067027,72.55093852486421,68.46120263287247,69.06934356689453,0.0
2008-11-07,69.66988642151273,71.45629257597977,68.79568593751245,71.34986877441406,0.0
2008-11-10,72.37611245151459,72.61936772007624,69.11496770133104,70.41486358642578,0.0
2008-11-11,68.99335204157636,70.04238943779153,67.38938540989409,68.24077606201172,0.0
2008-11-12,67.07011146141487,67.61743151789514,64.70597137703217,65.23809051513672,0.0
2008-11-13,65.47376210834277,69.73073969012597,62.40265950418905,69.30503845214844,0.0
2008-11-14,67.96711427860168,69.98156938007574,65.77020756476719,65.84622955322266,0.0
2008-11-17,65.66378551592175,67.32096399491321,64.73637870812266,64.97203063964844,0.0
2008-11-18,64.72879493498509,66.30235434027807,63.02600738618303,66.19593048095703,0.0
2008-11-19,65.30651162017531,66.03627752278256,61.51324147894975,61.95414352416992,0.0
2008-11-20,60.91267512390327,62.72189101294884,57.05099975832926,57.35506439208984,0.0
2008-11-21,58.88302699369723,61.498025173529534,56.51128405387287,60.44898223876953,0.0
2008-11-24,62.27341035707935,66.12748968524201,61.08754157907958,64.6375503540039,0.0
2008-11-25,66.3631389681402,66.5227746833621,63.71773303099656,65.116455078125,0.0
2008-11-26,64.08261372342993,67.79986082485946,64.03699938008413,67.63262176513672,0.0
2008-11-28,67.37417149512353,68.51443168213136,67.26015011615334,68.48402404785156,0.0
2008-12-01,66.52280101050697,66.55320865396378,62.22781851662021,62.41786193847656,0.0
2008-12-02,63.45167577113726,64.98722351499957,62.36462755753144,64.81998443603516,0.0
2008-12-03,63.39847059783801,66.76603941027923,63.20082386537282,66.37834930419922,0.0
2008-12-04,65.42053165789892,66.93328114730362,63.6569293131716,64.84280395507812,0.0
2008-12-05,63.58853638733687,67.21456268228279,62.516688598468846,66.84207916259766,0.0
2008-12-08,68.67407915686452,70.2248339723619,66.95609102372316,69.17579650878906,0.0
2008-12-09,68.69687543754263,70.03477650794446,67.64023482642402,68.0355224609375,0.0
2008-12-10,68.65884986391649,69.4494307647003,67.65542137439508,68.49921417236328,0.0
2008-12-11,68.0659392815043,69.1757919509109,66.41636409613267,66.84966278076172,0.0
2008-12-12,65.03284201161341,67.70865004672771,64.7667766601106,67.64783477783203,0.0
2008-12-15,67.67062537470618,67.76945161660059,65.59535549019273,66.70520782470703,0.0
2008-12-16,69.84471893310547,69.95114272841569,67.03208011477213,69.84471893310547,0.0
2008-12-17,69.0541932767629,70.26287277581669,68.46125857142827,69.16822052001953,0.0
2008-12-18,69.47988262021407,69.68512698295945,67.0549264770312,67.87591552734375,0.0
2008-12-19,68.28126296220351,69.44610935063217,67.5072537294607,67.58389282226562,0.0
2008-12-22,67.88276475316906,67.95173291875261,65.51475834019064,66.7179183959961,0.0
2008-12-23,67.07814772861516,67.38468676458878,65.75237472964209,66.02825927734375,0.0
2008-12-24,66.25047761499414,66.57234673845682,65.90562493947371,66.41141510009766,0.0
2008-12-26,66.85588165874006,66.90186629704003,66.2887884581516,66.7945785522461,0.0
2008-12-29,66.85587838469661,66.92485241539698,65.59907413859234,66.60298919677734,0.0
2008-12-30,67.06280887349662,68.24298010583466,66.58000809628201,68.18167114257812,0.0
2008-12-31,68.26597348271159,69.7143642052531,68.10504182984529,69.1549301147461,0.0
2009-01-02,69.30819442748898,71.60722779402583,68.85604815842976,71.2393798828125,0.0
2009-01-05,70.98650120678903,71.77584108956523,70.41940781580269,71.15509796142578,0.0
2009-01-06,71.76049566246705,72.38123281185773,71.02480567329253,71.63021850585938,0.0
2009-01-07,70.50369083642971,70.70294203457759,69.12426845962794,69.48445129394531,0.0
2009-01-08,69.09363185813937,69.80632672239436,68.7181187949409,69.76801300048828,0.0
2009-01-09,69.85995133863673,69.98256339009369,65.41515192351604,68.27361297607422,0.0
2009-01-12,68.08204236624843,68.13569209395982,66.21983084979374,66.63365173339844,0.0
2009-01-13,66.4650473583651,67.3463386743253,66.0588799458154,66.75625610351562,0.0
2009-01-14,65.55309268794191,65.71402429071817,63.72919534306784,64.6564712524414,0.0
2009-01-15,64.46489836269134,65.33086550146048,62.62567048127792,64.67947387695312,0.0
2009-01-16,65.79834255702772,65.89796524222528,63.64491627435341,65.18526458740234,0.0
2009-01-20,64.54920484631108,65.18526638743651,61.34588435238849,61.74438095092773,0.0
2009-01-21,62.79428246310491,64.5568716492476,61.66775489264324,64.41127014160156,0.0
2009-01-22,63.16211345203761,64.40359366976928,62.20418280936507,63.41500854492188,0.0
2009-01-23,61.99725578531128,64.36525689436687,61.74436076005008,63.69087600708008,0.0
2009-01-26,64.05867341976843,65.41510517725823,63.4609262100566,64.12764739990234,0.0
2009-01-27,64.47258232665725,65.25425725327932,63.8365206216272,64.77912139892578,0.0
2009-01-28,66.21211583428587,67.39994540182806,65.95922093755632,66.97079467773438,0.0
2009-01-29,65.98990590205183,67.04745889534718,64.73310176042797,64.7944107055664,0.0
2009-01-30,65.1239485150429,65.44581175404423,63.00117129098814,63.4763069152832,0.0
2009-02-02,62.51070813248458,63.74452299853017,62.3114569652352,63.28471755981445,0.0
2009-02-03,63.68322318195901,64.64881883448237,63.00884216489582,64.1736831665039,0.0
2009-02-04,64.60285612862944,65.42284466765672,63.63726023560574,63.859500885009766,0.0
2009-02-05,63.37668711391007,65.36152238737625,59.567959902086415,64.80975341796875,0.0
2009-02-06,65.0319719644348,66.93250238471818,64.8940297688705,66.65662384033203,0.0
2009-02-09,66.64131606008316,67.23906382600836,66.15085605487558,66.74860382080078,0.0
2009-02-10,66.1125209839114,66.69494429600726,63.18508595655767,63.69087600708008,0.0
2009-02-11,63.95145339269758,64.41126482190725,63.146795085071055,64.06640625,0.0
2009-02-12,62.97053100830084,64.2350006999695,62.11222884415822,64.11238861083984,0.0
2009-02-13,64.0280928287908,64.55686662006765,63.40734973514677,63.42267990112305,0.0
2009-02-17,61.43020102430744,63.57596292307119,60.67151547438419,60.70983505249024,0.0
2009-02-18,61.146609372455245,61.26156218111482,59.98942789963627,60.564186096191406,0.0
2009-02-19,61.18495954574962,61.422530384377446,59.79021239133061,59.9128303527832,0.0
2009-02-20,58.80161341007241,60.03542262051617,58.06591757806133,59.33038711547852,0.0
2009-02-23,59.98176209306595,59.98176209306595,57.16161500894036,57.20759963989258,0.0
2009-02-24,57.69805475608361,59.73652726080228,57.24590864376094,59.37635040283203,0.0
2009-02-25,59.11579250740181,60.096712170940144,57.958611101160926,58.90888214111328,0.0
2009-02-26,59.6369290812352,61.05466524461494,57.88199946505902,57.95097351074219,0.0
2009-02-27,56.71715078272095,58.00460961089773,56.56387839440003,56.65584182739258,0.0
2009-03-02,55.57529608635576,56.6481794691973,53.92766022160148,54.10391616821289,0.0
2009-03-03,54.87794062266851,54.946908834439554,53.36824073305976,53.69776916503906,0.0
2009-03-04,54.586733517563246,55.84353831094659,53.697770892282136,54.96990585327149,0.0
2009-03-05,53.720754652998735,54.96990007808868,52.24170935868483,52.72451019287109,0.0
2009-03-06,53.18429605143284,53.98895406537819,51.421701807421584,52.81644821166992,0.0
2009-03-09,52.07309133763149,53.644099445813154,51.904500507780064,52.195709228515625,0.0
2009-03-10,53.26859135716307,55.46033641703908,53.16130362808461,55.30706405639648,0.0
2009-03-11,55.943147513882366,56.51790587875102,55.04652586790593,55.66726303100586,0.0
2009-03-12,55.65193143217988,58.05058725622316,55.15380641178764,57.85900115966797,0.0
2009-03-13,58.24985791338658,58.99321315208925,57.26893770646802,58.311161041259766,0.0
2009-03-16,58.97786925110776,59.751878796879154,58.09657194810993,58.134891510009766,0.0
2009-03-17,58.29584252829105,60.05077263604425,57.8207066977816,59.9128303527832,0.0
2009-03-18,59.6292689210029,61.99727667467828,59.062175578191095,61.25392150878906,0.0
2009-03-19,62.02027497276556,62.073918866311054,60.30366453256383,60.4952507019043,0.0
2009-03-20,60.78931125672134,60.9050868940793,59.068128365770015,59.20705795288086,0.0
2009-03-23,60.77387622706338,63.513874346526094,60.44198918066588,63.45984649658203,0.0
2009-03-24,62.70344319327346,63.567894577361145,62.14001080975918,62.20947265625,0.0
2009-03-25,62.69572671094033,63.83031137989013,61.02085185101878,62.86552429199219,0.0
2009-03-26,63.482969999983474,64.29339324903675,62.76516840152208,64.14674377441406,0.0
2009-03-27,63.328593730920176,63.69906848157587,62.75743583339184,62.98898696899414,0.0
2009-03-30,61.59200762348607,61.64603546273889,60.1718380239089,60.81245803833008,0.0
2009-03-31,61.406747449445945,62.57993147842164,61.01311868068166,61.37587356567383,0.0
2009-04-01,60.61178594377455,62.84237332574189,60.457422357824015,62.56451416015625,0.0
2009-04-02,64.12359863573451,65.30449687206705,62.61852752212889,64.39373779296875,0.0
2009-04-03,64.4400431523814,65.049789162557,63.80714319943575,65.03435516357422,0.0
2009-04-06,64.32424797467733,65.04976936650306,63.5138307813943,64.5249252319336,0.0
2009-04-07,63.48297874169468,63.79171173092284,62.911826539207375,63.01988220214844,0.0
2009-04-08,63.33633202836052,64.01554581220927,62.93498324675264,63.69909286499024,0.0
2009-04-09,65.35081233846174,66.23841757682138,65.08839309488363,66.23069763183594,0.0
2009-04-13,65.54377172625617,66.79413786506174,65.28135247473745,66.24613952636719,0.0
2009-04-14,65.62864205307801,66.19208001259265,64.8954066001465,65.10379791259766,0.0
2009-04-15,64.71016453509696,65.9296562206792,64.5326470968633,65.79844665527344,0.0
2009-04-16,66.32330209637502,67.26493492811336,65.42797714534802,66.76324462890625,0.0
2009-04-17,67.01798005831782,67.65088023149161,66.48541563492498,67.2109375,0.0
2009-04-20,66.02229856905632,67.1877628058006,64.32427007334167,64.39373779296875,0.0
2009-04-21,63.922928268076,65.70585278850011,63.86890043074777,65.65182495117188,0.0
2009-04-22,65.05750802174386,66.63975493343382,64.88770459280535,65.2504653930664,0.0
2009-04-23,65.38169520753635,65.92969360489592,64.54811769242879,65.89110565185547,0.0
2009-04-24,66.40050047348014,67.38844143310746,66.1380812323384,66.88675689697266,0.0
2009-04-27,66.13034031955229,67.15687478967368,66.02228467939118,66.25382995605469,0.0
2009-04-28,65.58235179339557,66.83271178106953,65.42026830938568,66.04544830322266,0.0
2009-04-29,66.7786560498798,68.19882476034168,66.60885858181261,67.45014953613281,0.0
2009-04-30,68.34549866492846,68.70825355211385,67.08741292012083,67.47332763671875,0.0
2009-05-01,67.48876918981097,68.08307527706961,66.9330510420104,67.83609008789062,0.0
2009-05-04,68.34552398130438,70.19019653885408,68.21430845372721,70.14388275146484,0.0
2009-05-05,69.90460205078125,70.18246115964135,69.34116388876154,69.90460205078125,0.0
2009-05-06,70.7613226926426,71.16267140704738,69.93546543441337,71.11636352539062,0.0
2009-05-07,71.7878601241258,71.89591577804164,69.68076309558373,70.12842559814453,0.0
2009-05-08,71.0314754662333,71.9499545528648,70.57609883952543,71.76471710205078,0.0
2009-05-11,70.77677094576214,71.09322390373136,70.26736647916292,70.4217300415039,0.0
2009-05-12,70.72274524122686,70.87711469681203,69.34888947377826,70.21334075927734,0.0
2009-05-13,69.26400717988625,69.47240453125151,68.30693984108869,68.44586944580078,0.0
2009-05-14,68.47672194041074,69.55728454055405,68.30691848899777,69.03244018554688,0.0
2009-05-15,68.9784198087365,69.4646703815136,68.03678666805665,68.46900939941406,0.0
2009-05-18,69.11735774295813,70.49892783898179,68.36096198302354,70.41403198242188,0.0
2009-05-19,70.37543234837771,70.98517851858797,70.08985323921291,70.3291244506836,0.0
2009-05-20,70.96972988325116,71.62578975892005,69.78111747252551,69.8582992553711,0.0
2009-05-21,69.04788448864018,69.31030964959527,68.12169120094843,68.85492706298828,0.0
2009-05-22,69.04787411438625,69.46466279780415,68.44584797898007,68.70826721191406,0.0
2009-05-26,68.19888184980013,70.66873486344218,68.16800795105534,70.46806335449219,0.0
2009-05-27,70.5761260089098,70.81539138701153,69.10192811372832,69.2099838256836,0.0
2009-05-28,69.81970275393546,70.49891066107404,68.77001405925344,70.17474365234375,0.0
2009-05-29,70.56064254953131,72.32041264471366,69.98949044059815,71.41737365722656,0.0
2009-06-01,72.29727465852613,73.45501901752776,72.11203720989172,73.14628601074219,0.0
2009-06-02,72.86070216987743,73.60937768792489,72.72949257499673,73.20802307128906,0.0
2009-06-03,72.58285817349459,72.65232001277208,71.59491720204133,72.28184509277344,0.0
2009-06-04,72.55197560401594,73.0690999743144,72.01169729006112,72.96104431152344,0.0
2009-06-05,73.70198656731064,73.84091609261132,72.39759890661124,72.97647094726562,0.0
2009-06-08,72.42847735212175,73.40098416956654,71.81101728614087,72.67546844482422,0.0
2009-06-09,73.08454567815471,73.43186663782188,72.56741537811382,73.04595184326172,0.0
2009-06-10,73.69429518165077,73.70200923811356,71.9268046338735,72.8607177734375,0.0
2009-06-11,72.99966088092516,74.18055948395552,72.98422098795047,73.18489837646484,0.0
2009-06-12,72.86069957382826,73.43185170482272,72.55196662324512,73.38554382324219,0.0
2009-06-15,72.5211099196699,72.56741781222082,71.31705760460459,71.70297241210938,0.0
2009-06-16,71.95767319544944,72.00398108516694,70.68415323088799,70.73046112060547,0.0
2009-06-17,70.6995757929947,71.26301387730044,70.10526971293287,70.6609878540039,0.0
2009-06-18,70.76906233211956,71.52545208978962,70.42945540254115,71.17813110351562,0.0
2009-06-19,71.85962613859353,71.95276508965216,71.03686123248768,71.44048309326172,0.0
2009-06-22,70.74189998384436,70.78071182178628,69.27490252183624,69.29818725585938,0.0
2009-06-23,69.44566102675536,69.7638955760094,68.96442150526947,69.3525161743164,0.0
2009-06-24,69.98126649944177,70.69535960530771,69.54659623868459,69.9502182006836,0.0
2009-06-25,69.60087050468864,71.54134312445927,69.52325278426831,71.47148895263672,0.0
2009-06-26,71.23089189856137,71.59570182957084,70.84279723524996,71.28522491455078,0.0
2009-06-29,71.49483260401881,72.04592657163383,71.09897420519266,71.9527816772461,0.0
2009-06-30,71.96831302666703,72.23221469352518,70.84283436014866,71.37064361572266,0.0
2009-07-01,71.67331549041663,72.36412939982087,71.57241301557767,71.66555786132812,0.0
2009-07-02,70.73414166417089,71.68885728272626,69.6707659194215,69.7095718383789,0.0
2009-07-06,69.03425913947656,69.80268467578144,68.81692714309561,69.7017822265625,0.0
2009-07-07,69.63194808856646,69.71732939352555,68.30466496855018,68.35123443603516,0.0
2009-07-08,68.76263653961095,68.92564157328822,67.52849786931817,68.3046875,0.0
2009-07-09,68.7781478737923,69.00324352568585,68.23481762567378,68.4366226196289,0.0
2009-07-10,68.07181730519034,68.68500772553263,67.80015216247058,68.27362823486328,0.0
2009-07-13,68.5452821661679,69.9889948848915,67.98642486577747,69.93466186523438,0.0
2009-07-14,70.1520172958486,70.39264011030365,69.64749876902773,70.3305435180664,0.0
2009-07-15,71.26196507265702,72.58149094191313,70.38487295908978,72.38744354248047,0.0
2009-07-16,72.1855919241659,73.35763921460195,72.0458776384063,72.2709732055664,0.0
2009-07-17,73.00838059631924,73.2101915192458,72.60476467232189,73.06271362304688,0.0
2009-07-20,73.48961483334274,73.96309085529403,73.10928367405339,73.83889770507812,0.0
2009-07-21,74.41327145476424,74.43655618662171,73.287793399532,74.18041229248047,0.0
2009-07-22,73.70693931219775,74.6150794224048,73.65260629505343,74.1648941040039,0.0
2009-07-23,74.21146000592884,76.12864853887149,74.1493634402159,75.80265045166016,0.0
2009-07-24,75.44561288444537,76.17523286933624,75.04976052493936,76.1131362915039,0.0
2009-07-27,75.9734239457364,76.37704579038137,75.5542809171539,76.3382339477539,0.0
2009-07-28,75.80268087611672,76.35377479383585,75.33696236820147,75.981201171875,0.0
2009-07-29,75.63188469124414,76.13640298144513,75.2748383361208,75.79488372802734,0.0
2009-07-30,76.71077146972738,77.48696058283556,76.53224536809718,76.58657836914062,0.0
2009-07-31,76.57109474278697,77.20756989078755,76.36152026323524,76.69528198242188,0.0
2009-08-03,77.50251724117831,78.0303263166041,77.08337421758822,77.9604721069336,0.0
2009-08-04,77.61116825766949,78.27092799367482,77.4481692114932,78.16226196289062,0.0
2009-08-05,78.21660995473253,78.28647008610137,77.2929485162097,77.93718719482422,0.0
2009-08-06,78.2942530664675,78.4106767778783,77.16877450735373,77.53358459472656,0.0
2009-08-07,78.34855666145795,79.19460022966153,77.92165014053097,78.55036163330078,0.0
2009-08-10,78.1933046740518,78.56587812580065,77.82849477304988,78.3873519897461,0.0
2009-08-11,78.03808193288019,78.09241495327232,77.19979597095427,77.40937042236328,0.0
2009-08-12,77.27741196740394,78.82979071112425,77.2386060519239,78.2398910522461,0.0
2009-08-13,78.59693811931672,78.86860321740097,77.82074874087313,78.83755493164062,0.0
2009-08-14,78.79875460016444,78.86085118075246,77.38608996199414,78.23213958740234,0.0
2009-08-17,76.72632532221512,76.80394308221082,76.15194679202031,76.30718231201172,0.0
2009-08-18,76.47795628646892,77.18429162751788,76.3382419290008,76.9126205444336,0.0
2009-08-19,76.3071769485944,77.85179809666269,76.22955919405423,77.587890625,0.0
2009-08-20,77.68878046887583,78.56587812580065,77.51802380542232,78.3873519897461,0.0
2009-08-21,79.03162093201684,80.04842736280601,78.87638538842609,79.92424011230469,0.0
2009-08-24,80.25024278508187,80.68490706887623,79.62928873235558,79.9164810180664,0.0
2009-08-25,80.23471540242895,80.92552362376412,79.90095366118842,80.07171630859375,0.0
2009-08-26,79.823323822055,80.44427777900849,79.55165868658378,80.0794677734375,0.0
2009-08-27,80.0328999395064,80.50637600896927,79.12475964438157,80.25799560546875,0.0
2009-08-28,80.90222022742208,80.99535916135912,79.69136078954648,80.2424545288086,0.0
2009-08-31,79.45851950728189,79.62151858809064,79.00832818589251,79.52837371826172,0.0
2009-09-01,79.13250903689848,80.13379409978474,77.6111784836167,77.77417755126953,0.0
2009-09-02,77.44817687227413,77.96046471537643,77.28517780997481,77.4792251586914,0.0
2009-09-03,77.9294267466856,78.2166130708219,77.30070922674116,78.12347412109375,0.0
2009-09-04,78.2786994196713,79.24117261280632,78.0458461539325,79.21788787841797,0.0
2009-09-08,79.94751704495933,79.98632888799531,79.4740409848281,79.90094757080078,0.0
2009-09-09,80.0406460430366,80.78578709109055,79.79226569368528,80.51412200927734,0.0
2009-09-10,80.56850308242912,81.3912623700598,80.11831158012403,81.33692932128906,0.0
2009-09-11,81.49212033602687,81.73274306769997,80.94102659369352,81.32135772705078,0.0
2009-09-14,80.63056523768641,81.8569461010179,80.06395020410126,81.71723175048828,0.0
2009-09-15,81.84917187848663,82.3614597376028,81.31360520614874,82.05874633789062,0.0
2009-09-16,82.35369193098194,83.31616510286288,82.0665056507271,83.30064392089844,0.0
2009-09-17,83.18422552660675,83.8750336931829,82.71851302087143,83.17646789550781,0.0
2009-09-18,83.56482065603456,83.57262118527743,82.94870974717749,83.2294692993164,0.0
2009-09-21,82.58219392355338,83.44786854993623,82.40282333253724,83.01892852783203,0.0
2009-09-22,83.51027245714411,83.73644032279955,83.13592420880254,83.50247192382812,0.0
2009-09-23,83.69741975197397,84.25113845832513,82.66016926892122,82.808349609375,0.0
2009-09-24,82.9877161933601,83.16708673659686,81.53712698690285,81.8958740234375,0.0
2009-09-25,81.71647795777221,82.1688133976941,81.1783545568286,81.45911407470703,0.0
2009-09-28,81.77110727160463,83.09691803653718,81.75551215792746,82.91754150390625,0.0
2009-09-29,83.06570486371231,83.46344265675793,82.49638515494912,82.66796112060547,0.0
2009-09-30,82.94875219169765,83.0267396738509,81.5917509620281,82.34823608398438,0.0
2009-10-01,80.32833492041334,82.45742835720571,80.28933820304786,80.30493927001953,0.0
2009-10-02,79.56400968279947,80.40628844158157,79.54061404228794,79.93055725097656,0.0
2009-10-05,80.25034808836892,81.35778584981587,80.0163796824007,81.12381744384766,0.0
2009-10-06,81.7087073331659,82.7537583544158,81.66191604641476,82.28582763671875,0.0
2009-10-07,82.09867893321666,82.59781194781692,81.94270395682304,82.51202392578125,0.0
2009-10-08,83.09690836035072,83.58043417885088,82.55098424422049,83.1436996459961,0.0
2009-10-09,83.16711812309416,83.65065002441406,82.94875079671206,83.65065002441406,0.0
2009-10-12,84.04056464561316,84.2979226493949,83.66621653547215,83.9781723022461,0.0
2009-10-13,83.75201066109364,84.00157410279944,83.26068430869022,83.80660247802734,0.0
2009-10-14,84.7892670671956,85.3351852747409,83.77541216739752,85.24939727783203,0.0
2009-10-15,84.83606840141908,85.56136322021484,84.79707763915611,85.56136322021484,0.0
2009-10-16,84.85166517325648,85.21820688028494,84.40713004552238,84.9218521118164,0.0
2009-10-19,85.0622219073938,85.88889970883031,84.79706334846584,85.62374114990234,0.0
2009-10-20,85.74853935142181,85.77973553308978,84.75808587123285,85.17142486572266,0.0
2009-10-21,85.03882592122164,86.02927917272085,84.34472740204666,84.40711975097656,0.0
2009-10-22,84.37592918353268,85.53795849677833,83.83780555086071,85.26499938964844,0.0
2009-10-23,85.54577927281392,85.60037110715905,83.93920852625357,84.2901611328125,0.0
2009-10-26,84.38374182210593,85.2494165685765,83.14372477719938,83.37769317626953,0.0
2009-10-27,83.47126046896153,83.75202011633483,82.79276294619477,82.99552917480469,0.0
2009-10-28,82.78496428306438,83.0423282906433,81.38116601450903,81.42796325683594,0.0
2009-10-29,82.03627019158539,83.3386793353,81.84129854911089,83.1749038696289,0.0
2009-10-30,82.90196198372125,83.15152549993492,80.67148545440882,80.76506805419922,0.0
2009-11-02,81.20959246374971,82.20785234603743,80.39071507406338,81.35777282714844,0.0
2009-11-03,80.90545064552826,81.73213465542587,80.74947567388317,81.61515045166016,0.0
2009-11-04,82.28581201360531,82.92531859471977,81.6151092638925,81.82567596435547,0.0
2009-11-05,82.40282577917294,83.35428248816378,82.23124976523697,83.33088684082031,0.0
2009-11-06,82.8707426530871,83.75981280314332,82.7069671991359,83.54924011230469,0.0
2009-11-09,84.18874542235523,85.49895498234008,84.1263590243078,85.45216369628906,0.0
2009-11-10,85.24936808229393,85.73289972199663,84.98420960088482,85.46773529052734,0.0
2009-11-11,86.0292892604763,86.42703309396634,85.49117155052663,85.90451049804688,0.0
2009-11-12,85.78753504007479,86.23207021091628,84.81267668734667,85.03104400634766,0.0
2009-11-13,85.249403894083,85.85771450114828,84.81266929415158,85.49117279052734,0.0
2009-11-16,86.08385590582313,87.1055111028219,86.037064627356,86.73116302490234,0.0
2009-11-17,86.50502958704381,86.87157728064315,86.17747860768137,86.83258056640625,0.0
2009-11-18,86.7701671505859,86.90274641763119,86.23204360191095,86.77796173095703,0.0
2009-11-19,86.18525644798795,86.8091620610618,85.10900929908235,85.64713287353516,0.0
2009-11-20,85.20262247451042,85.60036635985996,85.01545133143082,85.34300231933594,0.0
2009-11-23,86.34902975596903,87.14451132670676,86.25544123879808,86.42701721191406,0.0
2009-11-24,86.56745477165742,86.72342978761621,85.79536832755015,86.55965423583984,0.0
2009-11-25,86.69998644016519,86.95735042999085,86.42702733734806,86.86376190185547,0.0
2009-11-27,84.5396979179233,86.03707857217405,84.45390992678855,85.45216369628906,0.0
2009-11-30,85.38198318215566,85.94349650714112,84.32133698485717,85.74073028564453,0.0
2009-12-01,86.50500803915185,87.08212832577205,86.35683365210004,86.8013687133789,0.0
2009-12-02,86.78576288994066,87.35508261440751,86.50500329295173,86.76236724853516,0.0
2009-12-03,86.99635708384282,87.48768352508694,86.01369825129174,86.0838851928711,0.0
2009-12-04,87.22250422165796,87.64364365009628,85.81871207692542,86.57520294189453,0.0
2009-12-07,86.49723236080791,86.98075828221454,86.16967544139273,86.44263458251953,0.0
2009-12-08,85.81871938501025,86.38803325244672,85.21820339051921,85.48336791992188,0.0
2009-12-09,85.45999260449058,85.92792347056366,85.0232519727671,85.80313873291016,0.0
2009-12-10,86.33344290258326,86.66099979155662,86.13847125560356,86.28665161132812,0.0
2009-12-11,86.65319061279297,86.84816224031702,86.26324735774487,86.65319061279297,0.0
2009-12-14,87.24591827392577,87.347301392448,86.6687978913948,87.24591827392578,0.0
2009-12-15,86.92615054177311,87.28489762587854,86.56740345766768,86.84036254882812,0.0
2009-12-16,87.19133469797596,87.44869278473757,86.77798975244058,86.97296142578125,0.0
2009-12-17,86.34902634844853,86.51280178448862,85.84989951002315,85.92788696289062,0.0
2009-12-18,86.40618945518031,86.48460276340485,85.68483248344062,86.41403198242188,0.0
2009-12-21,86.84529267131475,87.58232881237826,86.84529267131475,87.29222106933594,0.0
2009-12-22,87.48040894152759,87.79404430190077,87.37063746271151,87.60586547851562,0.0
2009-12-23,87.8175345912464,87.90378443414468,87.42549202610691,87.77832794189453,0.0
2009-12-24,87.96653847787857,88.28801036488048,87.81756034516498,88.19392395019531,0.0
2009-12-28,88.52320036287091,88.5937651435914,88.06842961347002,88.38206481933594,0.0
2009-12-29,88.60948719987799,88.62516627477702,88.24880865623545,88.25664520263672,0.0
2009-12-30,87.99790127494859,88.3272156855431,87.95085208622332,88.22528076171875,0.0
2009-12-31,88.42130804086882,88.44483562786078,87.33927234101651,87.37847900390625,0.0
2010-01-04,88.1076760937166,88.90744054728387,87.43336218995941,88.86039733886719,0.0
2010-01-05,88.80545820895533,89.13477243407117,88.48398052579957,89.09556579589844,0.0
2010-01-06,89.00936232997525,89.3778833851743,88.93879752302882,89.15834045410156,0.0
2010-01-07,88.99367015493704,89.64446230631039,88.7427631303479,89.5346908569336,0.0
2010-01-08,89.29948617578525,89.8718711527817,89.11914988285406,89.8326644897461,0.0
2010-01-11,90.2325509521215,90.27175163359516,89.57391609313605,89.95812225341797,0.0
2010-01-12,89.36218986029336,89.55036863048312,88.77412596911701,89.11912536621094,0.0
2010-01-13,89.34651500696658,90.12276373904984,88.89175009226352,89.87185668945312,0.0
2010-01-14,89.7699069315984,90.2795634742859,89.71502121051482,90.11490631103516,0.0
2010-01-15,89.95811069265423,90.04435457365163,88.7584551374693,89.10345458984375,0.0
2010-01-19,89.0877790808223,90.27174364503986,89.0642514955038,90.21685791015624,0.0
2010-01-20,89.60524645323169,89.73853948777538,88.58593938766286,89.29945373535156,0.0
2010-01-21,89.32297583962935,89.59740443645448,87.47253446947308,87.58230590820312,0.0
2010-01-22,87.19027948678014,87.6136862497305,85.53585909125208,85.62995147705078,0.0
2010-01-25,86.41402250798072,86.57084312514043,85.78675798562648,86.06902313232422,0.0
2010-01-26,85.73188036556239,86.61790054729354,85.49665837432703,85.70835876464844,0.0
2010-01-27,85.59857453710231,86.31209489623576,84.93994588137446,86.11607360839844,0.0
2010-01-28,86.39835594460003,86.44539914551062,84.61064252484859,85.12813568115234,0.0
2010-01-29,85.49664544098017,86.09255182973766,84.06961070781263,84.2029037475586,0.0
2010-02-01,84.79880712199478,85.52016399837277,84.28915059638838,85.51232147216797,0.0
2010-02-02,85.669161061254,86.71198995787523,85.37120482042273,86.54733276367188,0.0
2010-02-03,86.15527427670892,86.6257301531945,85.86516659925046,86.11607360839844,0.0
2010-02-04,85.44960001742706,85.48880068463252,83.44233801873105,83.45802307128906,0.0
2010-02-05,83.55211038217303,83.80301738702269,81.99962515907033,83.63052368164062,0.0
2010-02-08,83.69322730901823,84.1558405480614,82.96402805385362,83.0267562866211,0.0
2010-02-09,83.99903982163498,84.79881002323415,83.32472611522586,84.06961059570312,0.0
2010-02-10,83.93629422982737,84.36753735248494,83.19925248065074,83.9049301147461,0.0
2010-02-11,83.79520645065458,84.87724211809723,83.30907136302845,84.78314971923828,0.0
2010-02-12,83.88931607043742,84.75965155879518,83.51295833509793,84.71260833740234,0.0
2010-02-16,85.35553164301815,86.13177446419876,84.54008216151576,86.04552459716797,0.0
2010-02-17,86.46104546579252,86.57082286315826,86.04548139624848,86.45320892333984,0.0
2010-02-18,86.31209091430644,87.143219222123,86.28072679184802,86.96288299560547,0.0
2010-02-19,86.73552014853273,87.48039880880604,86.53165629058886,87.14324188232422,0.0
2010-02-22,87.46469009213469,87.4882116865996,86.90014789659985,87.15889739990234,0.0
2010-02-23,86.92368706795237,87.1902731685869,85.8730097733391,86.10039520263672,0.0
2010-02-24,86.35914815067137,87.03346193794745,86.1396052398551,86.89232635498047,0.0
2010-02-25,85.65346948242693,86.83743986345264,85.41824750094808,86.77471160888672,0.0
2010-02-26,86.85313433604254,87.12756900290485,86.33564109935547,86.8296127319336,0.0
2010-03-01,87.19030235064113,87.8175731229296,87.16678074354736,87.7313232421875,0.0
2010-03-02,88.10764899526352,88.39775666740299,87.81753534102918,87.97434997558594,0.0
2010-03-03,88.20176757272465,88.57813120794897,87.83324646671878,88.05279541015625,0.0
2010-03-04,88.17038833592997,88.44482297269677,87.84107395032504,88.31936645507812,0.0
2010-03-05,88.89175602548075,89.6523137707039,88.6800496363834,89.58174896240234,0.0
2010-03-08,89.58958319330381,89.79344105313659,89.44060508011421,89.59741973876953,0.0
2010-03-09,89.330827097419,90.16195549535443,89.28378389967786,89.74639129638672,0.0
2010-03-10,89.78560749814524,90.3893505343824,89.70720016620608,90.1462860107422,0.0
2010-03-11,89.93458007738317,90.54617162655282,89.66015142319576,90.52264404296876,0.0
2010-03-12,90.91466419316934,90.93034924501136,90.27955718174174,90.53046417236328,0.0
2010-03-15,90.37365698872556,90.61672147344233,89.85615791302473,90.55399322509766,0.0
2010-03-16,90.80488902622226,91.36158870184084,90.55398204591395,91.2753448486328,0.0
2010-03-17,91.54977442131634,92.11431662868574,91.28318238690552,91.8163604736328,0.0
2010-03-18,91.82424151254624,91.94969206563728,91.40083467943248,91.76935577392578,0.0
2010-03-19,91.30482482910156,92.34407928837354,90.95052985021972,91.30482482910156,0.0
2010-03-22,90.78519234439445,91.9582947479598,90.73008059438824,91.79295349121094,0.0
2010-03-23,91.92678989468124,92.51727543047774,91.6276067122375,92.43854522705078,0.0
2010-03-24,92.09212365080796,92.45428738616248,90.99775762250876,91.9897689819336,0.0
2010-03-25,92.61174380078414,93.03689408224903,91.72995596372726,91.84017944335938,0.0
2010-03-26,92.0134094160674,92.4464286064974,91.42292378724709,91.78508758544922,0.0
2010-03-29,92.24959272232718,92.53302628214372,91.87168531372512,92.36769104003906,0.0
2010-03-30,92.47788571338198,92.76919400538566,92.04486669236516,92.43064880371094,0.0
2010-03-31,92.07640794305328,92.52517686821432,91.80872395567688,92.11577606201172,0.0
2010-04-01,92.74562072753906,93.09990973610456,92.1944971504326,92.74562072753906,0.0
2010-04-05,93.09990240979266,93.56441489587937,92.84008728703373,93.50143432617188,0.0
2010-04-06,93.23374111156951,93.88721330406425,93.13139243349326,93.7218780517578,0.0
2010-04-07,93.5329053718256,93.97379928858402,92.75346018890453,93.18648529052734,0.0
2010-04-08,92.8636952836493,93.66675902588403,92.58813655120792,93.50929260253906,0.0
2010-04-09,93.70611633168411,94.16275992592313,93.5329122849624,94.12339782714844,0.0
2010-04-12,94.2414940813448,94.51705881796852,94.13127058938724,94.27298736572266,0.0
2010-04-13,94.1785367915206,94.5092073491044,93.69039977313646,94.3438720703125,0.0
2010-04-14,94.69027817213654,95.41461181640624,94.54069255558376,95.41461181640624,0.0
2010-04-15,95.25714287711924,95.71378655234253,95.22564958847654,95.49333953857422,0.0
2010-04-16,95.15478712403564,95.49333244337735,93.4935538136298,93.97381591796876,0.0
2010-04-19,93.69823926751344,94.42256669388247,93.2730889937588,94.32808685302734,0.0
2010-04-20,94.91860715739374,95.2492837183075,94.37536439173137,95.17054748535156,0.0
2010-04-21,95.22566082853362,95.44611387505394,94.4698398320865,94.99734497070312,0.0
2010-04-22,94.3280895994406,95.39883713339158,93.78484701721152,95.2807388305664,0.0
2010-04-23,95.21778854587905,95.94211622361058,94.97371704065236,95.90274810791016,0.0
2010-04-26,95.93423020426002,96.14680839346616,95.44609926423036,95.5405731201172,0.0
2010-04-27,94.98946877033518,95.5327115371678,93.09991330321544,93.28099822998048,0.0
2010-04-28,93.72976909518889,94.22577493794218,93.11565890026829,93.98957824707033,0.0
2010-04-29,94.5564171609136,95.3516060413481,94.5327987002512,95.15477752685548,0.0
2010-04-30,95.17053445995586,95.27288914609744,93.5171759085968,93.5407943725586,0.0
2010-05-03,93.98956962472852,95.01308051563744,93.84785282455238,94.75326538085938,0.0
2010-05-04,93.69825649483997,93.7140001345126,92.0527668360989,92.52515411376952,0.0
2010-05-05,91.76932620065558,92.74559997361594,91.30481378196016,91.97402954101562,0.0
2010-05-06,91.5331564479391,92.11576731144304,82.66799630514119,88.91927337646484,0.0
2010-05-07,88.68307967452623,89.57274264505062,86.14005792376395,87.59658813476562,0.0
2010-05-10,91.17882679111425,91.84017363380106,90.47024904022456,91.4543914794922,0.0
2010-05-11,90.59624250726124,92.39919270136208,90.47027536188476,91.1946029663086,0.0
2010-05-12,91.556735465883,92.6038644095268,91.39926907958592,92.4700164794922,0.0
2010-05-13,92.2181018978109,92.65112707206556,91.24183405835416,91.32056427001952,0.0
2010-05-14,90.63561254547368,90.80094780608054,88.86415560174659,89.6672134399414,0.0
2010-05-17,89.91126791730876,90.16320818931976,87.99809441191171,89.71443939208984,0.0
2010-05-18,90.44664580136713,90.71433573116632,88.20280171461424,88.49411010742188,0.0
2010-05-19,87.99809556187152,88.78540967303582,86.88798578862946,87.99022674560547,0.0
2010-05-20,86.11641012085985,86.51794197521146,84.61264338276601,84.66775512695312,0.0
2010-05-21,83.38444388237002,86.116418916662,82.95141870043587,85.90384674072266,0.0
2010-05-24,85.4393123817616,86.12427772213752,84.72285976740137,84.80158996582031,0.0
2010-05-25,82.75457110490682,84.92755932397344,82.1798292691406,84.88819122314453,0.0
2010-05-26,85.40786601806617,86.187305567204,84.12453974288178,84.37648010253906,0.0
2010-05-27,85.9668360017685,87.23441229390303,85.64403430937367,87.20291900634766,0.0
2010-05-28,87.10842963816474,87.17141620640221,85.69913670918218,86.1085433959961,0.0
2010-06-01,85.3054712059726,86.56517241211832,84.53390684515236,84.65987396240234,0.0
2010-06-02,85.09291540281926,86.87224107013036,84.64414657427012,86.86437225341797,0.0
2010-06-03,87.11631440236262,87.43911008963926,86.2738884779225,87.1635513305664,0.0
2010-06-04,85.51020733126629,86.0770745931676,83.81748037051419,84.10091400146484,0.0
2010-06-07,84.40007851271942,84.72288021288402,82.99079140275997,83.05377197265625,0.0
2010-06-08,83.11675342024078,84.10877091734018,82.3924258539213,83.94343566894531,0.0
2010-06-09,84.43157451141236,85.25038201365449,83.14037968276575,83.49467468261719,0.0
2010-06-10,84.91970490458765,86.0376895586719,83.48679338839692,85.93534088134766,0.0
2010-06-11,85.17951896645611,86.40772710612991,85.12440721677153,86.35261535644531,0.0
2010-06-14,87.01396354205218,87.48635687178536,86.13217547424243,86.21878051757812,0.0
2010-06-15,86.82498013709846,88.2578912642457,86.67538856669853,88.17916107177734,0.0
2010-06-16,87.72252428050454,88.50983827908756,87.54931423973963,88.14767456054688,0.0
2010-06-17,88.39962932012223,88.43899742920954,87.43123630656765,88.2894058227539,0.0
2010-06-18,88.46423662474119,88.70155099115225,88.10034976799741,88.3851318359375,0.0
2010-06-21,89.48471575644348,89.5479959741231,87.64154437647971,88.13200378417969,0.0
2010-06-22,88.1319908057816,88.51960848646637,86.54987092589948,86.67643737792969,0.0
2010-06-23,86.73181742170065,87.0403303371135,85.8141909653034,86.40748596191406,0.0
2010-06-24,85.9803040736514,86.09105197890227,84.75415879154903,84.97565460205078,0.0
2010-06-25,85.22880049095899,85.76672151836517,84.461471345289,85.3316421508789,0.0
2010-06-28,85.45819778628876,85.68760587549899,84.75415497660924,85.06266784667969,0.0
2010-06-29,83.8681566265447,85.04684006393254,81.91424400683535,82.43634033203125,0.0
2010-06-30,82.20693003894334,82.9663466956526,81.38422715201486,81.65319061279297,0.0
2010-07-01,81.59785777118105,81.86681533212652,79.99991284744692,81.28934478759766,0.0
2010-07-02,81.56619622472661,81.81142289084794,80.38751852701309,80.84632873535156,0.0
2010-07-06,81.9854716789341,82.56294823140293,80.59320415534708,81.37635803222656,0.0
2010-07-07,81.58202279771942,84.0422200967765,81.49500570724659,83.93938446044922,0.0
2010-07-08,84.64342413992748,84.86491998511147,83.78117159470277,84.7699966430664,0.0
2010-07-09,84.74624324928138,85.41073669058629,84.58803368651294,85.40282440185547,0.0
2010-07-12,85.11802735680449,85.62430511079104,84.76205288566945,85.45818328857422,0.0
2010-07-13,86.3442002271097,87.08779252327233,86.17016606141986,86.74764251708984,0.0
2010-07-14,86.47074447744168,87.0798639008944,86.11476998292008,86.73970794677734,0.0
2010-07-15,86.70806142156981,87.06403590209561,85.56893342739596,86.76343536376953,0.0
2010-07-16,86.2967360269823,86.39166540356993,84.2083380245272,84.37446594238281,0.0
2010-07-19,84.68295769338454,85.1417678105393,84.02637658230644,84.87281036376953,0.0
2010-07-20,83.74951169647785,85.87745867038414,83.70995628834137,85.81417846679688,0.0
2010-07-21,86.25717285462231,86.28090368614754,84.35071558465324,84.69878387451172,0.0
2010-07-22,85.70342723732067,86.96912791395953,85.69552098369006,86.58941650390625,0.0
2010-07-23,86.41538244710975,87.46749357063135,86.17015580753258,87.34092712402344,0.0
2010-07-26,87.49122408631035,88.33765794131672,87.24599744761848,88.25064086914062,0.0
2010-07-27,88.73319777782118,88.82812714949065,87.89467611832144,88.24274444580078,0.0
2010-07-28,88.0607973294072,88.3297608627918,87.3804852591687,87.67317962646484,0.0
2010-07-29,88.21898712243203,88.45630747892754,86.54985648022765,87.24598693847656,0.0
2010-07-30,86.35999898049371,87.69689200572775,86.20970171891238,87.23016357421875,0.0
2010-08-02,88.59081627442774,89.34232696826362,88.23484165413824,89.19993591308594,0.0
2010-08-03,88.97842048963601,89.2078225502922,88.48004888845878,88.77274322509766,0.0
2010-08-04,89.0179747831821,89.4767910004673,88.72528646567581,89.36604309082031,0.0
2010-08-05,88.79648337978463,89.3185858672064,88.66200463071252,89.2711181640625,0.0
2010-08-06,88.39300605110881,89.04958702728078,87.74433736154187,88.90719604492188,0.0
2010-08-09,89.32650012193596,89.53217742649053,88.85186529514867,89.38187408447266,0.0
2010-08-10,88.62243749969778,89.3739480078064,88.10034111661608,88.89930725097656,0.0
2010-08-11,87.53078989657193,87.56243302069676,86.3204690665146,86.46286010742188,0.0
2010-08-12,85.157610645121,86.24135898809826,85.11805523079398,85.93284606933594,0.0
2010-08-13,85.66389184303279,86.19390061756712,85.57687475643054,85.6797103881836,0.0
2010-08-16,85.09432626086691,85.9170294073627,84.78581333534461,85.6401596069336,0.0
2010-08-17,86.37583397531365,87.32510345836795,86.13060129786656,86.69225311279297,0.0
2010-08-18,86.65271412369553,87.31720163441153,86.15434849065853,86.85047912597656,0.0
2010-08-19,86.39955423870408,86.6131377339079,84.98355644104869,85.33953094482422,0.0
2010-08-20,85.08639867740696,85.38700529410694,84.44564210653878,85.06266784667969,0.0
2010-08-23,85.4661159758108,85.88537677509422,84.69878687434115,84.73834228515625,0.0
2010-08-24,83.8128117119032,84.16088007279588,83.0375762257632,83.4805679321289,0.0
2010-08-25,83.02173979343762,84.12131264713994,82.49964336193628,83.80489349365234,0.0
2010-08-26,84.20044531344313,84.31119325295485,82.96638736053954,83.2432632446289,0.0
2010-08-27,83.76532480882517,84.61967087260714,82.51544883054868,84.53265380859375,0.0
2010-08-30,84.31114487240046,84.57219602372538,83.29858941486856,83.3064956665039,0.0
2010-08-31,82.9979828641405,83.8365102560957,82.65782694931588,83.3064956665039,0.0
2010-09-01,84.4298098546982,85.91700001342616,84.37443591355692,85.79833984375,0.0
2010-09-02,86.00404841550677,86.61316199007,85.82210195098007,86.59734344482422,0.0
2010-09-03,87.44376469420267,87.79973924576133,86.97703620083713,87.72063446044922,0.0
2010-09-07,87.3092879364027,87.42003584541382,86.66061902563395,86.7318115234375,0.0
2010-09-08,86.90584176157222,87.6889893786763,86.86628635214642,87.34092712402344,0.0
2010-09-09,88.32183825482979,88.34556908596898,87.50704753074149,87.7443618774414,0.0
2010-09-10,87.90258061644182,88.29019828794345,87.70481563614184,88.18736267089844,0.0
2010-09-13,89.05752602132398,89.3502143251147,88.70154544101862,89.16827392578125,0.0
2010-09-14,88.99423196786023,89.61916996547146,88.66198828365405,89.1128921508789,0.0
2010-09-15,88.85187942465922,89.55592250400323,88.582921859656,89.45308685302734,0.0
2010-09-16,89.1761823704573,89.48469523890402,88.87557575533945,89.4293212890625,0.0
2010-09-17,89.90016807290812,89.98765102831005,89.21621373119518,89.46275329589844,0.0
2010-09-20,89.77288379565448,91.02945116124148,89.48657715368229,90.83062744140624,0.0
2010-09-21,90.9021915237067,91.33164534529,90.2739079488178,90.64769744873048,0.0
2010-09-22,90.50455509442271,91.0135433059124,89.94784506661844,90.20233917236328,0.0
2010-09-23,89.46274084596119,90.401189272531,89.2162013155672,89.47069549560547,0.0
2010-09-24,90.46478491546036,91.3793751632941,90.38525664773958,91.31575012207033,0.0
2010-09-27,91.34757646972794,91.45096262665248,90.79087244379774,90.87834930419922,0.0
2010-09-28,90.9976255884622,91.49071052728544,90.01146177843324,91.19644927978516,0.0
2010-09-29,90.9658348496056,91.3873462729311,90.679528180141,91.03741455078124,0.0
2010-09-30,91.4986895401089,92.08720612421476,90.33755353406715,90.76701354980467,0.0
2010-10-01,91.45095253255504,91.55434474568624,90.60794193844733,91.14874267578124,0.0
2010-10-04,90.95790602580212,91.33964428959342,90.01150288130157,90.4648208618164,0.0
2010-10-05,91.29985442179148,92.50869996660391,91.19646220437532,92.28601837158205,0.0
2010-10-06,92.27010626561506,92.51665179626671,91.9042713609912,92.27806091308594,0.0
2010-10-07,92.6518478618801,92.6757057360042,91.61001357434137,92.16671752929688,0.0
2010-10-08,92.29397723485762,92.93816417382564,91.94404553091516,92.68367004394533,0.0
2010-10-11,92.82681908036554,93.02564279975712,92.4530295170904,92.77114868164062,0.0
2010-10-12,92.46894954400088,93.32786962404356,91.97587051360637,93.0574722290039,0.0
2010-10-13,93.5743785617991,94.28219036882484,93.35169094603236,93.7811508178711,0.0
2010-10-14,93.69371156192888,93.85277421871945,92.82684283599508,93.41535949707033,0.0
2010-10-15,94.06749664086269,94.12316705112389,92.85865084621088,93.6062240600586,0.0
2010-10-18,93.6380220105006,94.37764652745176,93.2960449528217,94.0674819946289,0.0
2010-10-19,93.20064340160911,93.72553506139288,92.27014343644862,92.83480834960938,0.0
2010-10-20,93.0017621161212,94.19470413990884,92.94609173104912,93.74138641357422,0.0
2010-10-21,94.16292181272802,94.71167119361756,93.21651889547296,93.94818878173828,0.0
2010-10-22,94.09132590759954,94.26629173453226,93.84478646107678,94.12313842773438,0.0
2010-10-25,94.75142090746482,95.24450586219147,94.3299156390842,94.4014892578125,0.0
2010-10-26,93.92431919071088,94.51283567212612,93.74140477576609,94.41740417480467,0.0
2010-10-27,93.75736357676408,94.25044885313054,93.25632971598812,94.14705657958984,0.0
2010-10-28,94.68782491750308,94.72759209629756,93.70961542240228,94.16293334960938,0.0
2010-10-29,94.067485858672,94.41741757884388,93.90047464703152,94.2344970703125,0.0
2010-11-01,94.69577932076486,95.23658018581916,93.72551840984802,94.26631927490234,0.0
2010-11-02,94.9741183248174,95.23656710584696,94.71962419195746,95.01388549804688,0.0
2010-11-03,95.180902909183,95.45130028839196,94.20268741957958,95.3956298828125,0.0
2010-11-04,96.45335831718248,97.28046568826764,95.41152400661646,97.23274993896484,0.0
2010-11-05,97.29637870920708,97.7576512242926,97.16913467571864,97.59859466552734,0.0
2010-11-08,97.29636923158878,97.57472728374134,96.97825614504562,97.41566467285156,0.0
2010-11-09,97.6781264834136,97.7815126435944,96.32612748207492,96.7158203125,0.0
2010-11-10,96.6919714090358,97.1532439836444,95.96030143611016,97.10552215576172,0.0
2010-11-11,96.27047150498132,96.88284604456362,95.9762101421265,96.73969268798828,0.0
2010-11-12,96.08753696455848,96.50904232315384,95.1570433162307,95.59445190429688,0.0
2010-11-15,95.89667371553884,96.27046334087672,95.41949792329405,95.45925903320312,0.0
2010-11-16,94.87073463051846,95.02979119232562,93.5187295846819,93.97205352783205,0.0
2010-11-17,94.0118359992303,94.40948356173492,93.7334839190011,94.01979064941406,0.0
2010-11-18,94.9263811905458,95.745533806576,94.9184265441678,95.40355682373048,0.0
2010-11-19,95.3558815460055,95.70580725610644,94.83893852917782,95.66604614257812,0.0
2010-11-22,95.1888545998082,95.62626318216266,94.45717863370548,95.58650207519533,0.0
2010-11-23,94.45718428127086,94.65600803085202,93.83685515339668,94.20269012451172,0.0
2010-11-24,94.7991569431376,95.61831584993163,94.7832537136668,95.59445190429688,0.0
2010-11-26,94.7673399648416,95.28427677811894,94.48103332519533,94.48103332519533,0.0
2010-11-29,94.24245925035248,95.02185103458052,93.63803334019316,94.7673568725586,0.0
2010-11-30,93.82890101387945,94.7752978798422,93.6936962607828,94.2344970703125,0.0
2010-12-01,95.59444682127652,96.42155426501688,95.5864982407733,96.23863983154295,0.0
2010-12-02,96.38975750100074,97.54293896249396,96.33408709028174,97.47135925292967,0.0
2010-12-03,97.13732395811776,97.84513597274704,97.11346608062084,97.73379516601562,0.0
2010-12-06,97.52699415055282,97.85306791432868,97.42360801618406,97.63038635253906,0.0
2010-12-07,98.568889612828,98.62456003445254,97.63044102857076,97.68611145019533,0.0
2010-12-08,97.80537572660222,98.12348885285134,97.35205784731636,98.04396057128906,0.0
2010-12-09,98.59272381019662,98.63248492030633,97.940582141727,98.42571258544922,0.0
2010-12-10,98.72789525984874,99.09373013704167,98.4018275494102,98.99829864501952,0.0
2010-12-13,99.45165729089749,99.57094670493063,99.03014578003936,99.06195831298828,0.0
2010-12-14,99.21301620807274,99.59476034299364,98.84718136539954,99.1493911743164,0.0
2010-12-15,98.96650175551396,99.35619456725895,98.52908712260314,98.69609832763672,0.0
2010-12-16,98.75975698592032,99.3403251446616,98.41777981134577,99.26874542236328,0.0
2010-12-17,99.1991369203152,99.50293607420689,98.99127113105918,99.3750228881836,0.0
2010-12-20,99.64688614652,99.85475202740638,99.1192341098452,99.61490631103516,0.0
2010-12-21,99.9266754203401,100.3104272442361,99.83074203901236,100.24646759033205,0.0
2010-12-22,100.3184489610392,100.59026840921533,100.26248577467764,100.55828857421876,0.0
2010-12-23,100.4463398742748,100.55826622211892,100.16652400466458,100.41436004638672,0.0
2010-12-27,100.0385988057852,100.550263822826,99.96664877191763,100.45433044433594,0.0
2010-12-28,100.65421452159704,100.69418473531157,100.33442231423548,100.59825134277344,0.0
2010-12-29,100.71818459274854,100.89406453042297,100.65422492475984,100.6702117919922,0.0
2010-12-30,100.57428224123896,100.83810520761904,100.35841987839262,100.51032257080078,0.0
2010-12-31,100.35840810511158,100.63023362282031,100.1985150473035,100.53429412841795,0.0
2011-01-03,101.30179051353517,102.01332498104972,100.49431655282248,101.57361602783205,0.0
2011-01-04,101.79746267026732,101.82944249942472,100.88605888763136,101.51764678955078,0.0
2011-01-05,101.19785918201418,102.10926300593891,101.10191969019564,102.04530334472656,0.0
2011-01-06,102.08528178096142,102.19720814064634,101.54163684840798,101.8454360961914,0.0
2011-01-07,101.9813326245263,102.14922214235588,100.8540726906626,101.6455535888672,0.0
2011-01-10,101.1978545975053,101.66155297099482,100.89404927027417,101.51764678955078,0.0
2011-01-11,101.88539211098974,102.1252316484461,101.49364383061354,101.8773956298828,0.0
2011-01-12,102.5010188137854,102.90874795973872,101.90140457070513,102.79682159423828,0.0
2011-01-13,102.83679346362932,102.8847601611899,102.3730950554466,102.62892150878906,0.0
2011-01-14,102.48500093990688,103.39640460863691,102.41305090794144,103.37242126464844,0.0
2011-01-18,103.27646253836862,103.64422743112054,103.15654583369648,103.5482940673828,0.0
2011-01-19,103.46038633087544,103.56431011064431,102.2611700793906,102.53298950195312,0.0
2011-01-20,102.30112472763408,102.65289062686178,101.63755703890008,102.39706420898438,0.0
2011-01-21,103.0366628361706,103.26850594073278,102.51699514812827,102.62892150878906,0.0
2011-01-24,102.564945134726,103.33244876782037,102.54096178985334,103.21253204345705,0.0
2011-01-25,102.9407354133182,103.35646719732624,102.4210798326035,103.26852416992188,0.0
2011-01-26,103.52432807968628,103.97203345091464,103.3164561580042,103.66822814941406,0.0
2011-01-27,103.69223982382736,104.09998119756683,103.50836339592004,103.9240951538086,0.0
2011-01-28,104.04398674397252,104.21188236296912,101.94136341021932,102.1092529296875,0.0
2011-01-31,102.3890776229678,102.95669975186802,102.1332389965484,102.87674713134766,0.0
2011-02-01,103.5003666346326,104.70757331599192,103.4364069682014,104.52369689941406,0.0
2011-02-02,104.251852151996,104.60362417358378,104.1958950753202,104.32381439208984,0.0
2011-02-03,104.13993995541117,104.71556476006224,103.58831070009144,104.55567169189452,0.0
2011-02-04,104.595636875844,104.89143963042284,104.11594552333872,104.8514633178711,0.0
2011-02-07,105.08331985103187,105.850811385226,105.07531726899242,105.50704193115234,0.0
2011-02-08,105.60296691790502,106.0426819280482,105.31515456572558,105.98672485351562,0.0
2011-02-09,105.6989128852754,106.0346919308616,105.21922156354825,105.74687957763672,0.0
2011-02-10,105.2112177134255,105.90675906174452,104.97137208326376,105.7868423461914,0.0
2011-02-11,105.37112828532966,106.5543514724112,105.34714493822418,106.41844177246094,0.0
2011-02-14,106.35446931546431,106.76219836625026,106.23455259436729,106.67425537109376,0.0
2011-02-15,106.34648829925536,106.50638134115124,105.78685655309128,106.33848571777344,0.0
2011-02-16,106.69825223483063,107.13795501699872,106.48238993512852,107.01004791259766,0.0
2011-02-17,106.69828258494688,107.47376460998252,106.60233698053428,107.32986450195312,0.0
2011-02-18,107.42577636451972,107.68161499290214,107.17794031768506,107.55369567871094,0.0
2011-02-22,106.42641619322552,107.57766547785364,105.10728350403828,105.39509582519533,0.0
2011-02-23,105.33114313854716,105.58698175162245,104.09995336052776,104.74752807617188,0.0
2011-02-24,104.63561114363472,105.08331655772656,103.69222142189184,104.67557525634766,0.0
2011-02-25,105.1153000736521,105.85882050481956,105.05134040867628,105.79486083984376,0.0
2011-02-28,106.18658452317428,106.58632318703376,105.83481254712902,106.45040130615234,0.0
2011-03-01,106.78620740687931,106.88214079588256,104.6436015263658,104.67557525634766,0.0
2011-03-02,104.53168717762888,105.38713399134213,104.2119010448544,104.89945220947266,0.0
2011-03-03,105.8508139183998,106.82617742403434,105.8428235352271,106.70626068115234,0.0
2011-03-04,106.626293556411,106.83416548122214,105.21122738656092,105.90676879882812,0.0
2011-03-07,106.218591926229,106.45843764040104,104.5237033577836,105.07533264160156,0.0
2011-03-08,105.2431945629328,106.33048421277,104.78749883124428,105.99470520019533,0.0
2011-03-09,105.7868621358263,106.17060789643938,105.2112373953778,105.8428192138672,0.0
2011-03-10,104.73154601333906,104.87544609887836,103.78016589541444,103.88410186767578,0.0
2011-03-11,103.54833369319134,104.97939311248494,103.52435034307898,104.6036376953125,0.0
2011-03-14,103.9240944545352,104.31583065922108,103.18057396564012,103.97206115722656,0.0
2011-03-15,101.20584363178229,103.39641615341512,101.13389359178322,102.78081512451172,0.0
2011-03-16,102.45303250277738,102.78882377404368,100.15853607649164,100.87806701660156,0.0
2011-03-17,102.33311100575231,102.64490671538567,101.6135800990874,102.21318817138672,0.0
2011-03-18,103.45215823774912,103.48428312472338,102.38423853489071,102.58497619628906,0.0
2011-03-21,103.86166208180788,104.39160015130211,103.7412121439724,104.17481231689452,0.0
2011-03-22,104.15872872353316,104.29522882371852,103.71710354525638,103.8134536743164,0.0
2011-03-23,103.5243949102928,104.38355776674224,103.03460690120288,104.11055755615234,0.0
2011-03-24,104.7047487775495,105.25878662774058,104.11859829566114,105.1062240600586,0.0
2011-03-25,105.37923123989644,105.88508173890574,105.09819365551697,105.42740631103516,0.0
2011-03-28,105.65225413963196,105.92525443601048,105.13836618383785,105.17047882080078,0.0
2011-03-29,105.08214205397212,105.9091801993054,104.73687917382796,105.87706756591795,0.0
2011-03-30,106.43107698425396,106.92087721379768,106.27851444933944,106.60772705078124,0.0
2011-03-31,106.47124840642772,106.76031109607258,106.3507984720447,106.46321105957033,0.0
2011-04-01,107.12164732119018,107.41071004031852,106.6559344819248,106.91287231445312,0.0
2011-04-04,107.13769795341742,107.33041051764764,106.69608490331156,107.0011978149414,0.0
2011-04-05,106.79241016136363,107.45886050705292,106.7442350945514,106.98512268066406,0.0
2011-04-06,107.49902253601378,107.5953726804438,106.88877228248244,107.32237243652344,0.0
2011-04-07,107.12969568881674,107.5793461824606,106.51945748345108,107.04940795898438,0.0
2011-04-08,107.52310075201736,107.58733826008692,106.23837509473002,106.68000030517578,0.0
2011-04-11,106.79243653220708,107.15376187457431,106.10189848259334,106.35884857177734,0.0
2011-04-12,105.7646414347222,105.97340415515694,105.1784909970018,105.56390380859376,0.0
2011-04-13,106.05370307283692,106.13399077127438,105.15440243720272,105.55587768554688,0.0
2011-04-14,104.94562391036608,105.79674944768446,104.6003610894754,105.63616180419922,0.0
2011-04-15,105.82889088501308,106.28656635315394,105.51574064300496,106.02159118652344,0.0
2011-04-18,104.8572784471978,106.01352885838926,103.99009063880418,104.83319091796876,0.0
2011-04-19,104.99379959347628,105.46754968480391,104.7368618128046,105.4354248046875,0.0
2011-04-20,106.69608395053756,107.10558436230885,106.6238090820626,106.87273406982422,0.0
2011-04-21,107.4267186349959,107.46686860167232,106.8726932022399,107.41869354248048,0.0
2011-04-25,107.33840992923996,107.48294738084115,106.95299714505596,107.3062973022461,0.0
2011-04-26,107.63551503378952,108.44649061342164,107.52310245589942,108.2296905517578,0.0
2011-04-27,108.43846915859356,109.09688220774623,107.99684392632818,108.93629455566406,0.0
2011-04-28,108.74359901155718,109.43413705024444,108.7275488202781,109.28961181640624,0.0
2011-04-29,109.32973624775876,109.65894887285732,109.18519879564532,109.54652404785156,0.0
2011-05-02,110.06045793969088,110.14877075440457,109.16114482748236,109.37794494628906,0.0
2011-05-03,109.16914634454712,109.35382151370312,108.43042116382058,108.98445892333984,0.0
2011-05-04,108.93629341504348,108.98446848495844,107.7800427288743,108.2618179321289,0.0
2011-05-05,107.65959899955809,108.35816197814454,106.80847347345237,107.28221130371094,0.0
2011-05-06,108.35014635941468,108.90418418483404,107.33842085141316,107.7559585571289,0.0
2011-05-09,107.74796004396455,108.48667324274643,107.579335000347,108.17352294921876,0.0
2011-05-10,108.53479998467904,109.28957529240394,108.398299892098,109.09686279296876,0.0
2011-05-11,108.9362797402421,108.95234217888157,107.45082884543882,107.94865417480467,0.0
2011-05-12,107.65960443222257,108.68738009131351,107.1055666272957,108.46255493164062,0.0
2011-05-13,108.51873971252758,108.67130224611896,107.2420515399215,107.6274642944336,0.0
2011-05-16,107.24209516709158,108.08519586535976,106.76835718736044,106.94500732421876,0.0
2011-05-17,106.54350412058658,107.07345439264722,106.08581645324718,106.92891693115234,0.0
2011-05-18,106.98511415852188,107.99682723714275,106.75225168474329,107.88441467285156,0.0
2011-05-19,108.2377274405196,108.4224026208332,107.5471895358122,108.14136505126952,0.0
2011-05-20,107.86033661428309,108.14136192366708,107.08147368898597,107.28221130371094,0.0
2011-05-23,105.9734287952574,106.56761671749231,105.66027851576789,106.03766632080078,0.0
2011-05-24,106.3427604372247,106.57561067874649,105.74857268857532,105.94931030273438,0.0
2011-05-25,105.52377208858508,106.7442604971654,105.49165945375208,106.3026351928711,0.0
2011-05-26,106.01354887328264,106.98512432646424,105.81281125710932,106.79241180419922,0.0
2011-05-27,107.08947648732575,107.49095163319058,106.76027617927394,107.20188903808594,0.0
2011-05-31,108.21366368621266,108.33410138417644,107.466913202673,108.31803894042967,0.0
2011-06-01,108.00486725840868,108.33407990363956,105.7967533851639,105.88507843017578,0.0
2011-06-02,105.95735436937036,106.18217953132478,105.15440386180391,105.77266693115234,0.0
2011-06-03,104.50400985604956,105.52376049170492,104.44780968825448,104.72080993652344,0.0
2011-06-06,104.45583244809858,104.6726325237262,103.47623181251056,103.61273193359376,0.0
2011-06-07,104.14266023299032,104.4397602004127,103.46015977172326,103.5484848022461,0.0
2011-06-08,103.38792950142609,103.73320467943992,102.92221661716064,103.11492919921876,0.0
2011-06-09,103.39594392742649,104.32735723741128,103.14703122165238,103.90179443359376,0.0
2011-06-10,103.46016847420417,103.52439372721366,102.18347409672916,102.45647430419922,0.0
2011-06-13,102.68934387367116,102.9703814629536,102.01486836185678,102.53678131103516,0.0
2011-06-14,103.4762250412832,104.19888782873502,103.43608731869038,103.83756256103516,0.0
2011-06-15,102.97040594622936,103.82153175904156,101.71779864270005,101.99079895019533,0.0
2011-06-16,102.0229017631874,102.75358975317192,101.42872003163563,102.21561431884766,0.0
2011-06-17,103.23070420365664,103.23877523909906,102.17362634735936,102.5206069946289,0.0
2011-06-20,102.17364671542585,103.26300277425705,102.14136872361784,103.04512786865234,0.0
2011-06-21,103.57770792099028,104.65899296805532,103.0854793081032,104.45726013183594,0.0
2011-06-22,104.13447287631524,104.7477361501372,103.76327911005926,103.8278350830078,0.0
2011-06-23,102.60938804729362,103.80364293516638,101.8266636937622,103.52928924560548,0.0
2011-06-24,103.50507511852858,103.58576085603433,102.17363732174628,102.3269500732422,0.0
2011-06-27,102.39150452569052,103.63417321735312,102.18977171574056,103.23878479003906,0.0
2011-06-28,103.6503290579126,104.60251445001067,103.50508732559663,104.58637237548828,0.0
2011-06-29,105.06246315789063,105.65151961739636,104.6025186741876,105.48207092285156,0.0
2011-06-30,105.8209757936398,106.6601789724534,105.4740012264058,106.49073028564452,0.0
2011-07-01,106.58756125301876,108.209501179981,106.33741449943436,108.06424713134766,0.0
2011-07-05,107.95130268187496,108.1933846114706,107.63659986724016,107.97550964355467,0.0
2011-07-06,107.71725257431812,108.24175294017476,107.41061477180872,108.10457611083984,0.0
2011-07-07,109.0648810916148,109.50061875029064,108.83894122225703,109.22626495361328,0.0
2011-07-08,107.99160894221691,109.22621274999749,107.63655722783416,108.45155334472656,0.0
2011-07-11,107.12013574795353,107.46711031518753,106.24058353944416,106.49073028564452,0.0
2011-07-12,106.26478632351689,107.1443384975014,105.99849751333178,106.03076934814452,0.0
2011-07-13,106.58754366039256,107.49937989419132,106.12759926002592,106.38581085205078,0.0
2011-07-14,106.65210371686308,107.1443322805603,105.44977170054194,105.65150451660156,0.0
2011-07-15,106.24057118476364,106.4100198518674,105.52240286575764,106.26477813720705,0.0
2011-07-18,105.77257694638912,105.93396077535988,104.60252879535498,105.39331817626952,0.0
2011-07-19,105.98235462620713,107.23310061131042,105.95814767208466,107.10398864746094,0.0
2011-07-20,107.37831241396096,107.44285605770432,106.8537998844258,107.03939056396484,0.0
2011-07-21,107.64461321771743,108.79046631506502,107.05555691084456,108.52417755126952,0.0
2011-07-22,108.5484107341136,108.70979454465372,107.93513501614748,108.5968246459961,0.0
2011-07-25,107.56395029877658,108.52420056533616,107.4509804034634,107.99162292480467,0.0
2011-07-26,107.9190177658792,108.09654367189384,107.34609101232344,107.58817291259766,0.0
2011-07-27,106.99103963610932,107.02332378976908,105.24806472239148,105.38525390625,0.0
2011-07-28,105.38525882072696,106.32936719815191,104.90915987802067,105.07862091064452,0.0
2011-07-29,104.02149536974242,105.34486193610952,103.2629781342408,104.36040496826172,0.0
2011-08-01,105.57891046226,105.67575061125429,102.90796926957928,103.91663360595705,0.0
2011-08-02,103.1338985018881,103.69068312842268,101.26181793212892,101.2618179321289,0.0
2011-08-03,101.398978245797,101.92347860429408,99.68021083785946,101.81050872802734,0.0
2011-08-04,100.39841191040838,100.55980189807156,96.88019021253211,97.04158020019533,0.0
2011-08-05,98.2519691583237,98.5021159227105,94.29800406018136,96.89632415771484,0.0
2011-08-08,94.33832900708704,96.92857740549314,90.39242979778822,90.58609771728516,0.0
2011-08-09,92.04666272239284,94.9274075168845,88.98032100077464,94.79830169677734,0.0
2011-08-10,93.0068846198218,93.82995167114942,90.3359383686984,90.61029815673828,0.0
2011-08-11,91.39304348069652,95.9602715732431,90.63452606608382,94.67725372314452,0.0
2011-08-12,95.54064462071447,96.19425684953136,94.63687956153896,95.31470489501952,0.0
2011-08-15,96.17814968946745,97.42888958959732,96.0248307627402,97.33206176757812,0.0
2011-08-16,96.40407246362938,97.38852952301374,95.46802930670766,96.50090026855467,0.0
2011-08-17,97.03347413637128,97.80005629276953,95.79887041928534,96.5654525756836,0.0
2011-08-18,94.00750217118932,96.59775106306124,91.49794518294875,92.4017105102539,0.0
2011-08-19,91.15095610408268,93.50719395003466,90.77976845627356,90.89273834228516,0.0
2011-08-22,92.93427840760344,92.982698473029,90.70715240274332,90.96537017822266,0.0
2011-08-23,91.30428622650692,94.0639900488714,90.8443355894462,93.95909118652344,0.0
2011-08-24,93.75734817552824,95.41155361949214,93.539473280528,95.2824478149414,0.0
2011-08-25,95.8069878683703,96.3476305419075,93.49916308918836,93.83000183105467,0.0
2011-08-26,93.35390000468132,95.62944641291294,91.86914295787294,95.1937026977539,0.0
2011-08-29,96.47670514406148,97.98566890522385,95.26630818294434,97.92918395996094,0.0
2011-08-30,97.50151802033626,98.79260696921465,96.23463602731222,98.18740844726562,0.0
2011-08-31,98.81681549282824,99.66409589955836,97.88077829869006,98.62315368652344,0.0
2011-09-01,98.67965013674338,99.5753445603351,97.46118189409545,97.59029388427734,0.0
2011-09-02,95.55682110391876,97.53380685589464,94.75796068993256,95.09687042236328,0.0
2011-09-06,92.30485049365232,94.54005314773522,92.29677945864664,94.40287017822266,0.0
2011-09-07,95.8311614951339,97.10610825142466,95.50838774862596,97.06576538085938,0.0
2011-09-08,96.4847863002196,97.59028452362055,95.83923872402671,96.05711364746094,0.0
2011-09-09,94.95967529406796,96.07323826782256,93.0230389496448,93.53947448730467,0.0
2011-09-12,92.36942227055722,94.21729559379128,92.0305126190637,94.14466857910156,0.0
2011-09-13,94.45133151555224,95.3631618650743,93.78157691444558,95.00811004638672,0.0
2011-09-14,95.49225033673136,97.47730681991656,94.18502552633797,96.32339477539062,0.0
2011-09-15,97.3562513816776,98.0179347253374,96.3475873726598,97.98565673828124,0.0
2011-09-16,98.37904662123174,98.93059894393252,97.59227281800072,98.56559753417967,0.0
2011-09-19,96.95149816786308,98.08704779354218,96.29450429502806,97.58415985107422,0.0
2011-09-20,97.99781639583868,98.94680883114228,97.3408225849742,97.47059631347656,0.0
2011-09-21,97.51929117105706,97.81939647387205,94.4451982449957,94.59930419921876,0.0
2011-09-22,91.85777378243694,92.63643496330084,90.27611922572106,91.54144287109376,-1.0
2011-09-23,90.93312016010309,92.595890410921,90.86011738133696,92.09300231933594,0.0
2011-09-26,92.9608734871012,94.4127541935315,91.63877273103836,94.28297424316406,0.0
2011-09-27,96.14039557092786,96.975833781499,94.7696244167396,95.33740234375,0.0
2011-09-28,95.53208208639346,96.10796671470123,93.25287576772834,93.39076232910156,0.0
2011-09-29,94.9399434459417,95.41038014195988,92.40929093343642,94.12883758544922,0.0
2011-09-30,92.8310758949329,93.64218186583923,91.71175188285122,91.77664184570312,0.0
2011-10-03,91.2413393604943,92.42555373032393,89.06757438605715,89.16490936279297,0.0
2011-10-04,87.8833403482974,91.31432170433892,87.13712425840477,91.1196517944336,0.0
2011-10-05,91.34676034315268,93.05008171287577,90.50320935691174,92.80674743652344,0.0
2011-10-06,92.75810200772872,94.62364867224775,92.06866300153652,94.48575592041016,0.0
2011-10-07,95.0373102968776,95.10220027691584,93.32587574992606,93.85309600830078,0.0
2011-10-10,95.45097016571717,97.03262465286215,95.44285737166166,96.99207305908205,0.0
2011-10-11,96.41616513108958,97.36515759389448,96.31883019070682,97.0893783569336,0.0
2011-10-12,97.81941101275042,99.06851536119125,97.60041505143752,97.94107818603516,0.0
2011-10-13,97.3651856640804,98.0384052722595,96.61896947075492,97.74640655517578,0.0
2011-10-14,98.8819552550541,99.44161429925089,98.33040281694429,99.4172821044922,0.0
2011-10-17,98.94685258355184,99.40107630477677,97.27597564017918,97.5193099975586,0.0
2011-10-18,97.44629118855164,100.17160831468308,96.68384943652416,99.4253921508789,0.0
2011-10-19,99.2631423702662,99.83092023927456,97.9085969402738,98.24925994873048,0.0
2011-10-20,98.4926191948416,99.03605882548746,97.18673780951428,98.6791763305664,0.0
2011-10-21,99.83906373751562,100.6745083597179,99.53895839031868,100.55284118652344,0.0
2011-10-24,100.7150306340918,102.03713737587346,100.62580847894404,101.7856903076172,0.0
2011-10-25,101.29903464789597,101.34769903092489,99.58760037790108,99.80660247802734,0.0
2011-10-26,100.86102430210104,101.20168731814157,99.12525805284989,100.82047271728516,0.0
2011-10-27,103.52145314605758,104.973333580876,102.6941277761081,104.3325653076172,0.0
2011-10-28,103.82155903050926,104.51100402154395,103.65934031982296,104.3082275390625,0.0
2011-10-31,103.14024697967334,104.3244548668098,101.647808648721,101.79380798339844,0.0
2011-11-01,98.9792577254006,100.1796972498271,98.56559195970834,98.95492553710938,0.0
2011-11-02,100.43925702018252,100.90158719060425,99.59570604133016,100.56903076171876,0.0
2011-11-03,101.60726625306098,102.60492955576076,100.2527204468722,102.40215301513672,0.0
2011-11-04,101.57480376788811,101.95601837724388,100.58525349025776,101.77758026123048,0.0
2011-11-07,101.7046060681408,102.5157122692988,100.73938770852304,102.41027069091795,0.0
2011-11-08,102.94557449862197,103.83779607057367,101.9641369577229,103.72423553466795,0.0
2011-11-09,101.2990305700051,102.03714002022,99.65248633583072,99.89582061767578,0.0
2011-11-10,101.21792126003356,101.33958840102166,99.78226013521996,100.83670043945312,0.0
2011-11-11,102.06147592676884,103.00235572844784,102.029030942125,102.73469543457033,0.0
2011-11-14,102.35346261001509,103.37545165945772,101.32335458005252,101.7613525390625,0.0
2011-11-15,101.52614981149672,102.8076989442656,101.16115453906498,102.2642593383789,0.0
2011-11-16,101.23413269283748,102.47512381913332,100.4960294885444,100.64202880859376,0.0
2011-11-17,100.45548944906578,100.70693654857963,98.33039542327758,99.0441665649414,0.0
2011-11-18,99.36049313482732,99.563269651429,98.52505487654808,98.938720703125,0.0
2011-11-21,97.49494525384974,97.6166123996472,96.23773458260408,97.05695343017578,0.0
2011-11-22,96.84607465035934,97.41384647479931,96.13229728449332,96.67574310302734,0.0
2011-11-23,95.76730593272482,96.67574707742412,94.54253387451172,94.54253387451172,0.0
2011-11-25,94.39655021963016,95.46721030231645,94.2505508361616,94.36410522460938,0.0
2011-11-28,96.95963997566338,97.47874747047432,96.37564249693872,97.09752655029295,0.0
2011-11-29,97.373291015625,98.14383934510118,97.01640234685784,97.373291015625,0.0
2011-11-30,100.16346807618484,101.56668403708454,97.33271015521323,101.380126953125,0.0
2011-12-01,101.26658716723372,101.907361677063,100.92592411793144,101.36392211914062,0.0
2011-12-02,102.2967147689764,102.60493289298012,101.20982925799127,101.27471923828124,0.0
2011-12-05,102.88071241321224,103.15649175243922,101.74516862889384,102.3778305053711,0.0
2011-12-06,102.36971290556038,103.0997097242524,102.00471759033896,102.41027069091795,0.0
2011-12-07,102.06959088013092,103.22136627032393,101.36393251821708,102.7914810180664,0.0
2011-12-08,102.11824330815703,102.34535199063272,100.2932548676595,100.53658294677734,0.0
2011-12-09,100.99082502818914,102.49948291084512,100.90160285966924,102.23992919921876,0.0
2011-12-12,101.34771439719772,101.3639399861662,99.89583978521966,100.74749755859376,0.0
2011-12-13,101.2747024563815,101.85058701246656,99.31993389474592,99.80660247802734,0.0
2011-12-14,99.40916346839164,99.79038433253926,98.52506077345224,98.74405670166016,0.0
2011-12-15,99.79036810822248,99.92825464016668,98.94681714322948,99.1009292602539,0.0
2011-12-16,99.77029266149168,100.35798773918458,99.01117951353804,99.24788665771484,0.0
2011-12-19,99.63152039581752,99.84374724045897,97.97453310408903,98.18675994873048,0.0
2011-12-20,99.7294825171447,101.32933268853364,98.25207116156294,101.15792083740234,0.0
2011-12-21,101.15788435566432,101.5088721797324,100.19470890083753,101.3537826538086,0.0
2011-12-22,101.7292559704508,102.3577720858146,101.40276088597014,102.25165557861328,0.0
2011-12-23,102.57816189239608,103.19851379264844,102.36594132263448,103.16586303710938,0.0
2011-12-27,102.98628249440276,103.51684635060828,102.89649447746824,103.24748229980467,0.0
2011-12-28,103.26382544913112,103.28014771475684,101.81090093611874,101.89252471923828,0.0
2011-12-29,102.2271458603412,103.051560084717,101.91697310950848,102.94544982910156,0.0
2011-12-30,102.86386240357524,103.11690423702282,102.43941497802734,102.43941497802734,0.0
2012-01-03,104.28414914240447,104.79022661432184,104.01478502537609,104.0719223022461,0.0
2012-01-04,103.82703567760292,104.3249488588438,103.42707477426856,104.23516082763672,0.0
2012-01-05,103.67193435571512,104.66775431780658,103.19850776927352,104.51266479492188,0.0
2012-01-06,104.643285180071,104.6596136733454,103.90050065096872,104.24332427978516,0.0
2012-01-09,104.48003228636654,104.62695135337384,103.99844762674428,104.4963607788086,0.0
2012-01-10,105.61459479945144,105.82681533132477,105.25544278013696,105.40237426757812,0.0
2012-01-11,105.07585705518132,105.59825654725029,104.90445153316686,105.4594955444336,0.0
2012-01-12,105.76154803691446,105.86765209717784,104.92079884335196,105.71256256103516,0.0
2012-01-13,105.00243237153528,105.33709796549503,104.25148363105828,105.16567993164062,0.0
2012-01-17,106.17780575313854,106.37371024479098,105.2146242379146,105.5737762451172,0.0
2012-01-18,105.54933494066896,106.79819702916792,105.36160084014094,106.7410659790039,0.0
2012-01-19,107.10836333121904,107.39405591279773,106.76553970631925,107.30426788330078,0.0
2012-01-20,107.12467772309432,107.70420837402344,106.86347168803552,107.70420837402344,0.0
2012-01-23,107.34508201687588,107.94911177639736,106.91247031579708,107.4267120361328,0.0
2012-01-24,106.76553970631925,107.3369124144856,106.60229214041324,107.30426788330078,0.0
2012-01-25,107.14099023364246,108.45515347369084,106.72470714082796,108.20211791992188,0.0
2012-01-26,108.6837082455735,108.88777079387911,107.2226258799007,107.64707946777344,0.0
2012-01-27,107.1247253528476,107.78588629744505,107.05125333845191,107.59815216064452,0.0
2012-01-30,106.52878316779385,107.28790214546706,106.16147315826846,107.2307586669922,0.0
2012-01-31,107.76136752801573,107.89195810953728,106.6675826659611,107.18999481201172,0.0
2012-02-01,107.9817077436135,108.6755252302588,107.85111720852792,108.1286392211914,0.0
2012-02-02,108.34090198228284,108.57762155096196,107.91646078153322,108.30008697509766,0.0
2012-02-03,109.37752870436498,109.88359985157948,109.18979464249344,109.81829833984376,0.0
2012-02-06,109.36123433011252,109.79384608220744,109.23880174178142,109.744873046875,0.0
2012-02-07,109.51626782128722,110.21008534646248,109.083656290762,110.0223388671875,0.0
2012-02-08,110.07948242400109,110.37333294068854,109.63054240475807,110.34884643554688,0.0
2012-02-09,110.52845538658968,110.6753744612294,109.83463765414804,110.48764038085938,0.0
2012-02-10,109.5081315377944,109.76116711096252,109.24692549130484,109.67137908935548,0.0
2012-02-13,110.4549958492698,110.61824341719986,109.98156918377886,110.48764038085938,0.0
2012-02-14,110.19375693299136,110.4141479342538,109.58156939447473,110.34884643554688,0.0
2012-02-15,110.70798817886876,110.8712356829954,109.61420374574912,109.8345947265625,0.0
2012-02-16,109.84277283643928,111.148765415263,109.64686834487154,111.05081939697266,0.0
2012-02-17,111.43449170330824,111.52427973230006,110.97739353934652,111.3447036743164,0.0
2012-02-21,111.60586677119232,111.86707276774432,111.05082271100044,111.39364624023438,0.0
2012-02-22,111.2222265154057,111.45894600296656,110.83858799831374,111.03449249267578,0.0
2012-02-23,110.9773753711868,111.60587901624612,110.60189482369358,111.52426147460938,0.0
2012-02-24,111.76915740966795,111.9895484974074,111.52429226217107,111.76915740966795,0.0
2012-02-27,111.02635394692956,112.25888724576748,110.8467779093519,111.95687866210938,0.0
2012-02-28,111.98954324166536,112.41399690239383,111.76915216426904,112.28339385986328,0.0
2012-02-29,112.44664577779716,112.79763991127814,111.45081933628204,111.8426284790039,0.0
2012-03-01,112.07932602885556,112.6343827061262,111.76914693111634,112.42214965820312,0.0
2012-03-02,112.34865630828072,112.49558779377536,111.82625677483136,112.07929229736328,0.0
2012-03-05,111.90793077083444,111.98954833488422,111.23859948866831,111.62223815917967,0.0
2012-03-06,110.47949367328088,110.54478274314476,109.67140131505164,109.98973846435548,0.0
2012-03-07,110.24272414629786,110.93654163546144,110.1366076596057,110.75696563720705,0.0
2012-03-08,111.43451411994867,112.0875169662509,111.20596499199192,111.85895538330078,0.0
2012-03-09,112.0711814772391,112.5854107555596,111.93242040499436,112.29157257080078,0.0
2012-03-12,112.27521136771335,112.44661692555576,111.8997308160294,112.29969787597656,0.0
2012-03-13,112.90372262988872,114.38113335498537,112.7159761346088,114.32398986816406,0.0
2012-03-14,114.35670397302668,114.64238418487544,113.85062017618966,114.2016143798828,0.0
2012-03-15,114.37294643223184,114.91167442339668,114.07909593295888,114.86270141601562,0.0
2012-03-16,115.07099245977354,115.16936776018,114.77585404897889,115.02180480957033,0.0
2012-03-19,114.94800536088692,115.82521417469232,114.86601761698437,115.47269439697266,0.0
2012-03-20,114.81684918150964,115.27595060118838,114.4807168886822,115.13658142089844,0.0
2012-03-21,115.2021348771366,115.30870391886776,114.71023349681576,114.94799041748048,0.0
2012-03-22,114.10354166503734,114.40688623015804,113.74282821148232,114.11994171142578,0.0
2012-03-23,114.21834434479211,114.62005171181218,113.58707382716835,114.48887634277344,0.0
2012-03-26,115.30870158132856,116.09574127197264,115.26772022510904,116.09574127197266,0.0
2012-03-27,116.20235406515532,116.2761355376743,115.66126491419976,115.73504638671876,0.0
2012-03-28,115.67765862856058,115.85802166899654,114.4807050429014,115.16116333007812,0.0
2012-03-29,114.48067565670031,115.17753381674125,114.02976817135448,114.96437072753906,0.0
2012-03-30,115.53005423932484,115.63663578458358,114.81680853692195,115.43987274169922,0.0
2012-04-02,115.30050393041074,116.58763871740209,115.07095330119476,116.28429412841795,0.0
2012-04-03,116.12035342014626,116.31711650126093,115.1283567535233,115.8088150024414,0.0
2012-04-04,114.95622546839682,115.0546007759594,114.2347731874012,114.6610870361328,0.0
2012-04-05,114.26757130290692,114.93982340881756,114.16918348748446,114.60369110107422,0.0
2012-04-09,113.160766753556,114.64465223760958,113.00499755740496,113.31653594970705,0.0
2012-04-10,113.09516865814226,113.4149007909774,111.29974494700213,111.41452026367188,0.0
2012-04-11,112.55408963845892,112.7590464727926,112.11138838051008,112.31634521484376,0.0
2012-04-12,112.42294749991588,113.8740331476522,112.34095974723684,113.78385162353516,0.0
2012-04-13,113.52152451197432,113.80846916503504,112.32457075668586,112.43115234375,0.0
2012-04-16,113.00500371079012,113.16896668582426,111.97202570945925,112.35734558105467,0.0
2012-04-17,113.0050461208421,114.25118771600192,112.89027074428644,114.02163696289062,0.0
2012-04-18,113.5133071391297,114.02159612330912,113.4477194460786,113.6362762451172,0.0
2012-04-19,113.6526697324349,114.07897094828856,112.37374106572862,112.90662384033205,0.0
2012-04-20,113.406730383377,113.81664410014932,113.02960425973396,113.0951919555664,0.0
2012-04-23,111.93921584015696,112.24256045255008,111.44732695798,112.14417266845705,0.0
2012-04-24,112.24260008580374,112.85747078781696,112.1524185491254,112.57052612304688,0.0
2012-04-25,113.6690416567782,114.16094300389084,113.57066639118403,114.11175537109376,0.0
2012-04-26,113.86581350417168,115.0381730513156,113.8002258188459,114.90699768066406,0.0
2012-04-27,115.25137319879634,115.42353000091995,114.61190862889696,115.0956039428711,0.0
2012-04-30,114.86602884592745,114.94801659784488,114.35773981084814,114.66926574707033,0.0
2012-05-01,114.6036764791739,116.13676235394357,114.4725135913053,115.3825225830078,0.0
2012-05-02,114.7102694815334,115.15298336461626,114.33315581328203,115.0382080078125,0.0
2012-05-03,115.05457382573272,115.1447553397332,113.94781434617074,114.16096496582033,0.0
2012-05-04,113.56248627027266,114.20195059262788,112.2507575267083,112.31634521484376,0.0
2012-05-07,111.91462306191696,112.77544425069412,111.8736417035336,112.39833068847656,0.0
2012-05-08,111.72606134337086,112.1277812162665,110.6110957359435,111.94741821289062,0.0
2012-05-09,110.75871992584456,111.99665516726904,110.2586245616389,111.28340911865234,0.0
2012-05-10,112.05400076011207,112.1933824237164,111.25877970701002,111.51292419433594,0.0
2012-05-11,110.81605468699864,112.2097585956772,110.7668670505092,111.1767807006836,0.0
2012-05-14,110.11101497837949,111.17679308951077,109.78308902552676,109.94705200195312,0.0
2012-05-15,109.87326976706927,110.52092789775388,109.14362389396088,109.31578063964844,0.0
2012-05-16,109.807668084597,110.30776322669011,108.87306548407877,108.8976593017578,0.0
2012-05-17,108.92226274003406,109.0534381189561,107.22521411285844,107.28260803222656,0.0
2012-05-18,107.70072054358036,107.88928985073746,106.20864119429272,106.36441040039062,0.0
2012-05-21,106.70874130614754,108.23362082654556,106.53657204161075,108.192626953125,0.0
2012-05-22,108.47138423120778,109.22562409756011,107.67615048427166,108.3812026977539,0.0
2012-05-23,107.60231799594553,108.59431439368088,106.56934024662968,108.43854522705078,0.0
2012-05-24,108.7336982436616,108.90585497041724,107.74170171154438,108.6517105102539,0.0
2012-05-25,108.61072021206432,108.91406482798205,108.03684358807052,108.2991943359375,0.0
2012-05-29,109.16821486505329,109.79947292886015,107.53675390616336,109.61091613769533,0.0
2012-05-30,108.6763341842546,109.60274328606594,107.79912524174736,108.02046966552734,0.0
2012-05-31,107.97950086332278,108.58616529334694,106.85632852231078,107.7827377319336,0.0
2012-06-01,106.0938915443244,107.80732820706616,105.06910705566406,105.06910705566406,0.0
2012-06-04,105.25763426175747,105.54457884161856,104.23285006164316,105.01988983154295,0.0
2012-06-05,104.81492786607822,105.97088120377325,104.75754020044494,105.81512451171876,0.0
2012-06-06,106.55297209289375,108.24181459740014,106.5201719903278,108.192626953125,0.0
2012-06-07,109.42233948553384,109.47152711694692,108.03682948940258,108.25818634033205,0.0
2012-06-08,107.97947420833428,109.14362763513208,107.6351356860098,109.11903381347656,0.0
2012-06-11,109.99622402539632,110.06181170856864,107.626923700172,107.73350524902344,0.0
2012-06-12,108.04504945360269,109.04523990006652,107.5285666889736,108.9714584350586,0.0
2012-06-13,108.65171071939776,109.3321688773617,107.90566487649576,108.27459716796876,0.0
2012-06-14,108.49595432293856,109.85687079931724,108.20081596070672,109.42236328125,0.0
2012-06-15,109.91516544061336,110.64034314019092,109.6844253669672,110.5414581298828,0.0
2012-06-18,110.07997921451812,111.0276607722855,109.83275411159022,110.7557144165039,0.0
2012-06-19,111.31607327808604,112.28023969905216,110.7309743861892,111.82699584960938,0.0
2012-06-20,111.8352678137321,112.15665668729164,110.64859733462262,111.64572143554688,0.0
2012-06-21,111.77758748852804,111.89295754231146,109.0498999084825,109.14054870605467,0.0
2012-06-22,109.70914800418116,110.18711318402087,109.28886155628548,109.98109436035156,0.0
2012-06-25,108.81914652497888,108.8603528051014,107.8302586739948,108.2175750732422,0.0
2012-06-26,108.53071926240182,109.09109702970018,107.89617773269966,108.76145935058594,0.0
2012-06-27,109.12406987566956,109.95638155564248,108.75323843704372,109.74212646484376,0.0
2012-06-28,109.0168870197182,109.59374963638862,108.18457571402394,109.42892456054688,0.0
2012-06-29,111.4149790366748,112.29674565122998,111.12656022374269,112.15665435791016,0.0
2012-07-02,112.46979321232966,112.6098845041401,111.67868796747176,112.49451446533205,0.0
2012-07-03,112.46981695603992,113.31861368668848,112.35444689287586,113.23621368408205,0.0
2012-07-05,112.81589139095964,113.55756662572244,112.31320500911892,112.7252426147461,0.0
2012-07-06,111.637483783927,111.884708892984,111.1265611130962,111.65396881103516,0.0
2012-07-09,111.56332037574155,111.71989669778505,111.0029426218171,111.51387786865234,0.0
2012-07-10,112.0824748876749,112.26377245616702,110.1623779663836,110.5414581298828,0.0
2012-07-11,110.5991438990996,110.9205327409037,109.91515993846212,110.55793762207033,0.0
2012-07-12,109.91513373837394,110.61558998334556,109.2723562079824,110.02225494384766,0.0
2012-07-13,110.31070819380994,111.98357986537552,110.2942231687688,111.8682098388672,0.0
2012-07-16,111.612748616616,111.9341374460078,111.16774096091056,111.60449981689452,0.0
2012-07-17,112.04952938169268,112.60165837222684,110.87934386191084,112.37091827392578,0.0
2012-07-18,112.10720248310297,113.42572804230196,112.0412875220955,113.2032241821289,0.0
2012-07-19,113.43395040234756,113.87070926838338,113.07136786356298,113.4998779296875,0.0
2012-07-20,112.8571157543208,113.03017710915276,112.33795683860863,112.46156311035156,0.0
2012-07-23,110.8134256994372,112.38741281162162,110.29425414713504,111.32434844970705,0.0
2012-07-24,111.40674351515034,111.45618602200054,109.62673782219458,110.36840057373048,0.0
2012-07-25,110.59914625655382,110.88756505312608,109.8080284736553,110.39312744140624,0.0
2012-07-26,111.98356966039334,112.45329852333604,111.4643983012227,112.2143096923828,0.0
2012-07-27,112.80767131355093,114.6041620699278,112.18961481663813,114.2827606201172,0.0
2012-07-30,114.15091812398008,114.82665335525444,113.9448992916758,114.2827606201172,0.0
2012-07-31,114.12619141641125,114.43933147596368,113.48341369628908,113.48341369628906,0.0
2012-08-01,114.2992379114763,114.32395916372828,113.22793754112402,113.38451385498048,0.0
2012-08-02,112.5274521680762,113.36801225167484,111.728098352432,112.60161590576172,0.0
2012-08-03,114.18384301881368,115.0738456293076,112.63457781820708,114.83486938476562,0.0
2012-08-06,115.13977796008596,115.51060925303362,115.00792292167256,115.05736541748048,0.0
2012-08-07,115.5188565962686,116.1286767768345,115.39525034485176,115.63423919677734,0.0
2012-08-08,115.24695288920954,115.90620316782568,115.2139828306429,115.77436065673828,0.0
2012-08-09,115.60954268133943,116.1039929953542,115.49417261798853,115.87325286865234,0.0
2012-08-10,115.40349666063776,116.10396567828587,115.21396286709648,116.06275939941406,0.0
2012-08-13,115.86498226731156,116.06275227473044,115.40348957642394,116.00507354736328,0.0
2012-08-14,116.43356770973104,116.50774402677172,115.67542011126814,116.0215301513672,0.0
2012-08-15,115.89795053227829,116.35119446545424,115.82378677259256,116.15341186523438,0.0
2012-08-16,116.31819673346814,117.15052064208164,116.02977798963404,117.01042938232422,0.0
2012-08-17,117.2082137217107,117.26590502217896,116.90330991749224,117.16700744628906,0.0
2012-08-20,117.00221635124493,117.19999896486436,116.6808274631084,117.17527770996094,0.0
2012-08-21,117.46366996482357,117.91691382615612,116.56543104152126,116.82089233398438,0.0
2012-08-22,116.524231040978,117.05988747844069,116.25229728392814,116.87035369873048,0.0
2012-08-23,116.58190463746898,116.59014086163518,115.73310829599326,115.9144058227539,0.0
2012-08-24,115.62598051408256,116.87857824373113,115.55181676957152,116.6148681640625,0.0
2012-08-27,116.92803402173422,117.08461032752412,116.47479012981348,116.6396026611328,0.0
2012-08-28,116.34297910801337,116.88687198416858,116.1699302856698,116.52427673339844,0.0
2012-08-29,116.62311696304508,116.92802074007182,116.2934793634593,116.6148681640625,0.0
2012-08-30,116.11222202349148,116.14519208205812,115.5271355150607,115.77436065673828,0.0
2012-08-31,116.43360592992964,116.87037745360615,115.667221855508,116.32648468017578,0.0
2012-09-04,116.22755842965044,116.57368107242591,115.47765956867526,116.21932220458984,0.0
2012-09-05,116.26878039830856,116.58193303433389,115.88971280412213,116.12045288085938,0.0
2012-09-06,116.82093333735509,118.4855692967121,116.81269710949064,118.47733306884766,0.0
2012-09-07,118.67504117399636,118.98819371086388,118.56791997011048,118.93875122070312,0.0
2012-09-10,118.82342402859982,119.02944286141884,118.22185255759794,118.26304626464844,0.0
2012-09-11,118.33721293544376,118.97174183513728,118.30424288322634,118.5926742553711,0.0
2012-09-12,118.9882049560547,119.12005999186928,118.58440362426816,118.98820495605467,0.0
2012-09-13,118.97173758136276,121.17201694855837,118.658597542837,120.80118560791016,0.0
2012-09-14,121.0401930238605,122.05380219686288,120.94129542997317,121.33686065673828,0.0
2012-09-17,121.08964013924162,121.29565898728733,120.619911129989,120.9248275756836,0.0
2012-09-18,120.71878361807586,120.982481150041,120.52100103830954,120.8259048461914,0.0
2012-09-19,120.96601709739387,121.27916975938622,120.6528770097937,120.89185333251952,0.0
2012-09-20,120.33970014655486,120.96599277019509,120.01007509714202,120.90007781982422,0.0
2012-09-21,121.48746178409306,121.512314999918,120.79982664940482,120.84953308105467,0.0
2012-09-24,120.25304493607096,120.940680152632,120.1619122533577,120.6672821044922,0.0
2012-09-25,120.92416494703778,121.15613683670097,119.350055534015,119.3832015991211,0.0
2012-09-26,119.3583035207242,119.39143693186014,118.43040366922123,118.71208190917967,0.0
2012-09-27,119.20918768276636,120.10394160258043,118.89436334759564,119.8305435180664,0.0
2012-09-28,119.37487980711074,119.76426380778116,118.85294950272537,119.27546691894533,0.0
2012-10-01,119.731110110977,120.70042353094848,119.3085801248126,119.59027099609376,0.0
2012-10-02,120.062534527551,120.25308014118438,119.15950026998544,119.7145767211914,0.0
2012-10-03,120.03763104605392,120.4850015693558,119.40799518027367,120.2033233642578,0.0
2012-10-04,120.65899969649512,121.23892919333296,120.49330736047216,121.06495666503906,0.0
2012-10-05,121.71118632205044,121.9183049376792,120.70872666013972,121.07325744628906,0.0
2012-10-08,120.6258784268868,121.0566760156033,120.3856137701832,120.65901184082033,0.0
2012-10-09,120.56787586358132,120.66728874418774,119.42457717054414,119.46600341796876,0.0
2012-10-10,119.44944890746125,119.56544747483834,118.54641472459116,118.70382690429688,0.0
2012-10-11,119.53225239867666,119.7062375368786,118.7452044644099,118.77005767822266,0.0
2012-10-12,118.85292794448276,119.25887225853698,118.12386651946616,118.38069152832033,0.0
2012-10-15,118.66237653013958,119.49085087259412,118.28128541185902,119.36658477783205,0.0
2012-10-16,119.92998554876756,120.65904728462972,119.84714566884136,120.5761947631836,0.0
2012-10-17,120.65898887820892,121.22235793999324,120.47672353247113,121.12293243408205,0.0
2012-10-18,120.80810546875,121.3880348399166,120.40214858817728,120.80810546875,0.0
2012-10-19,120.58445251700734,120.59273271013492,118.51326649865103,118.7949447631836,0.0
2012-10-22,118.596096759659,119.02690695624769,117.87532812886876,118.81150817871094,0.0
2012-10-23,117.52738018894206,117.6930725424706,116.67405255882969,117.16284942626952,0.0
2012-10-24,117.5853611135799,117.7262128808309,116.64919367292543,116.83145904541016,0.0
2012-10-25,117.65992915747417,117.875327934656,116.45864389429796,117.1711196899414,0.0
2012-10-26,117.06340164444784,117.51077212975996,116.30948712290034,117.10482788085938,0.0
2012-10-31,117.51906496194978,117.66818424321632,116.54973906766726,117.10482788085938,0.0
2012-11-01,117.35336464067724,118.48009005130284,117.24567159157851,118.33097076416016,0.0
2012-11-02,119.03513892075505,119.06828496018684,117.15451203207782,117.27877807617188,0.0
2012-11-05,117.1048667851988,117.78420925029032,116.75689639694988,117.51910400390624,0.0
2012-11-06,117.87530590795672,118.90261844723352,117.75103983694102,118.4386749267578,0.0
2012-11-07,117.36171355381398,117.37827394373448,115.20767456136277,115.75447082519533,0.0
2012-11-08,115.73784962790774,116.32607190478302,114.27144667299044,114.36257934570312,0.0
2012-11-09,114.01459964147652,115.52242854554424,113.95661302905692,114.46198272705078,0.0
2012-11-12,114.81827450902104,115.00053990492616,114.29634418576308,114.55316925048828,0.0
2012-11-13,113.94833798918177,115.36503445935058,113.79921869838152,114.15545654296876,0.0
2012-11-14,114.50343492730391,114.68568763732004,112.3576769509271,112.614501953125,0.0
2012-11-15,112.65592196779843,113.078451914587,111.99314005718998,112.4239501953125,0.0
2012-11-16,112.58965810088584,113.20273366534526,111.5954914180852,112.97904205322266,0.0
2012-11-19,114.24660014535462,115.2821930133927,113.01218153722252,115.26563262939452,0.0
2012-11-20,115.08338918765742,115.50590660732816,114.3957538753578,115.31536102294922,0.0
2012-11-21,115.41479104267762,115.63020252279084,115.18281917295477,115.53077697753906,0.0
2012-11-23,116.0940883916778,117.14624147575844,116.01951610953206,117.10482788085938,0.0
2012-11-26,116.52489544754584,117.11311771338768,116.14380438081469,116.85629272460938,0.0
2012-11-27,116.74032805932352,117.1379922225745,116.18525174104184,116.2598114013672,0.0
2012-11-28,115.7875674172819,117.26225070836084,115.15793147956208,117.19598388671876,0.0
2012-11-29,117.6350818900971,118.06587946625598,117.12141917772946,117.7427749633789,0.0
2012-11-30,117.7593360799472,117.99130787180576,117.3616719569774,117.76761627197266,0.0
2012-12-03,118.30611302351252,118.40552587780432,117.0965351830747,117.18766784667967,0.0
2012-12-04,117.17940768497644,117.5356455680873,116.70717126334796,117.0219955444336,0.0
2012-12-05,117.12138977122918,117.77589144703173,116.29291559837417,117.22909545898438,0.0
2012-12-06,117.12142301317635,117.67649934955205,116.9474504667462,117.62679290771484,0.0
2012-12-07,118.08246037240362,118.2150193161508,117.36997185165838,117.98304748535156,0.0
2012-12-10,117.81732372809668,118.31440067240251,117.76760465630412,118.03272247314452,0.0
2012-12-11,118.52153283343527,119.39143338773349,118.46354620528992,118.83635711669922,0.0
2012-12-12,119.3003051226301,119.75596853855431,118.7286558046084,118.89434814453124,0.0
2012-12-13,118.8197876243837,119.1594651357421,117.86704719561412,118.16529846191406,0.0
2012-12-14,117.90849984189197,118.12389866630544,117.54396903017836,117.72623443603516,0.0
2012-12-17,118.03276000715576,119.17605883319692,117.99961394875372,119.10977935791016,0.0
2012-12-18,119.30027433701886,120.54298552802948,119.12628920801212,120.4352798461914,0.0
2012-12-19,120.56787060165098,120.60929684726764,119.49914425722676,119.54055786132812,0.0
2012-12-20,119.6150943015708,120.24473006503848,119.28369707749977,120.22815704345705,0.0
2012-12-21,118.61955544747325,120.22150615573456,118.42765848393049,119.13684844970705,0.0
2012-12-24,118.878186458908,118.94493598778476,118.63623055650434,118.7697296142578,0.0
2012-12-26,119.01168261861224,119.07009322914612,117.9353767282147,118.26911163330078,0.0
2012-12-27,118.30246973210107,118.54443833871802,116.74223945334074,118.1105728149414,0.0
2012-12-28,117.3430148140513,117.99380696927874,116.7005615778284,116.83406066894533,0.0
2012-12-31,116.5253535093881,118.9449640285205,116.4252228268822,118.81981658935548,0.0
2013-01-02,121.07258119142756,121.94029996369852,120.75552398080154,121.8652114868164,0.0
2013-01-03,121.80676000785036,122.12380434785533,121.264424873936,121.5898208618164,0.0
2013-01-04,121.7901053291098,122.32408897248868,121.5397977113316,122.12384033203124,0.0
2013-01-07,121.68993640857865,121.90686279650755,121.33949825175424,121.79005432128906,0.0
2013-01-08,121.57318110294784,121.74004860750044,120.9640962511278,121.43968200683594,0.0
2013-01-09,121.70666251112672,122.08213029504653,121.51476552526536,121.74838256835938,0.0
2013-01-10,122.42421224058764,122.72457884872318,121.79011061504592,122.71623992919922,0.0
2013-01-11,122.68282826870669,122.77460728533757,122.32406385080428,122.70787048339844,0.0
2013-01-14,122.5577087646747,122.7078984311739,122.17390204466528,122.62445831298828,0.0
2013-01-15,122.05706571836107,122.82467898354942,121.9819772678008,122.70787048339844,0.0
2013-01-16,122.45752991324656,122.88304374957865,122.32403088300455,122.69114685058594,0.0
2013-01-17,123.23351808529776,123.83425122873882,122.7746229436173,123.48382568359376,0.0
2013-01-18,123.45883438517473,123.89270017434627,123.00827802264116,123.75920104980467,0.0
2013-01-22,123.75920622848778,124.42668914794923,123.46717847273034,124.42668914794922,0.0
2013-01-23,124.42665617888584,124.7353616957289,124.2013780478838,124.62689208984376,0.0
2013-01-24,124.44327817074208,125.26928912627643,124.32646969804549,124.66021728515624,0.0
2013-01-25,125.05241662004154,125.36112213134766,124.6268898545394,125.36112213134766,0.0
2013-01-28,125.3944675455826,125.42784867813876,124.74367550362724,125.21092224121094,0.0
2013-01-29,124.96062255796022,125.86172222626774,124.87718245247572,125.70319366455078,0.0
2013-01-30,125.6864951651759,125.93680273465992,125.09410100843613,125.21092224121094,0.0
2013-01-31,125.06075025376896,125.46958643265414,124.81879429886868,124.9022216796875,0.0
2013-02-01,125.69484987639812,126.33730308152514,125.47792341221329,126.18712615966795,0.0
2013-02-04,125.41953506802228,126.2121652553505,124.6769511272831,124.76873016357422,0.0
2013-02-05,125.44457518354712,126.38738238403263,125.3945034703676,126.02861785888672,0.0
2013-02-06,125.58640057668728,126.20381160086473,125.49462154185358,126.1203842163086,0.0
2013-02-07,126.16209401090968,126.27890252472528,125.0357161960516,125.95350646972656,0.0
2013-02-08,126.17041048477282,126.72942346795948,126.17041048477282,126.65433502197266,0.0
2013-02-11,126.60431163645887,126.73779800089092,126.31228395621636,126.62934112548828,0.0
2013-02-12,126.63767251108112,127.07153818040445,126.49583450462757,126.83792114257812,0.0
2013-02-13,127.09657027473098,127.33018731734884,126.58761613234763,126.94638061523438,0.0
2013-02-14,126.56258416307256,127.21337630206,126.42074615649054,127.0631866455078,0.0
2013-02-15,127.179995087791,127.313494175496,126.44577556776083,126.91300964355467,0.0
2013-02-19,127.12994919181308,127.88921100867768,126.95474276095204,127.86418151855467,0.0
2013-02-20,127.77236330348646,127.81408335129204,126.20378117042893,126.2705307006836,0.0
2013-02-21,125.9534705185201,126.33726435529285,125.10243002867908,125.50291442871094,0.0
2013-02-22,126.11206066518496,126.72948455810544,125.56139906466348,126.72948455810548,0.0
2013-02-25,127.3468871140265,127.53878411340165,124.31819152832033,124.31819152832033,0.0
2013-02-26,124.91888952325144,125.31937397937762,124.09287839701808,125.16919708251952,0.0
2013-02-27,125.0607260058692,127.0965421244957,124.95225642754482,126.7461166381836,0.0
2013-02-28,126.7377979508942,127.54711871232472,126.32897447612534,126.49584197998048,0.0
2013-03-01,126.06196887340236,127.10490662514704,125.49461684741664,126.91300964355467,0.0
2013-03-04,126.62100248289732,127.58885192871097,126.4207665500916,127.58885192871094,0.0
2013-03-05,128.2062406477632,129.0739591583471,128.18955008087534,128.73187255859375,0.0
2013-03-06,129.19078050160775,129.2575300446196,128.62342848276725,128.9071044921875,0.0
2013-03-07,129.07398226319586,129.30759931675516,128.9238053278397,129.14073181152344,0.0
2013-03-08,129.70811208065578,129.86662795427307,129.04062924892492,129.69142150878906,0.0
2013-03-11,129.5912732994713,130.19199370355565,129.43274473167097,130.18365478515625,0.0
2013-03-12,130.09191127446968,130.2421009648739,129.4995296270586,129.89166259765625,0.0
2013-03-13,129.95837154486634,130.25873810063425,129.5161669948709,130.07518005371094,0.0
2013-03-14,130.41725942942372,130.82609555329267,130.08352448871122,130.76768493652344,0.0
2013-03-15,130.6118728406232,130.7710937630841,130.15931252852835,130.59510803222656,0.0
2013-03-18,129.34634603256336,130.43582801109034,129.22901799104798,129.87432861328125,0.0
2013-03-19,130.1508807348658,130.32686639029498,128.7177907445316,129.57261657714844,0.0
2013-03-20,130.33528381344965,130.6956439979663,130.11737971323092,130.47775268554688,0.0
2013-03-21,129.69830213541888,130.43579983006128,129.14519165223177,129.3630828857422,0.0
2013-03-22,129.7737522175667,130.4022979736328,129.67317620089474,130.4022979736328,0.0
2013-03-25,130.7459018851748,130.96380594582843,129.35473023878689,129.85755920410156,0.0
2013-03-26,130.39397808267427,130.93033689976372,130.2515091705508,130.89682006835938,0.0
2013-03-27,130.11741626932772,130.93872569846695,129.89952489569237,130.89682006835938,0.0
2013-03-28,130.81294953343027,131.44988413172703,130.52801183829598,131.2990264892578,0.0
2013-04-01,131.23198156106022,131.50016724503368,130.4609669013324,130.77943420410156,0.0
2013-04-02,131.24877567703123,131.75161755289014,131.04763636912764,131.42477416992188,0.0
2013-04-03,131.50012718103451,131.60069038798744,129.74858312503954,130.09217834472656,0.0
2013-04-04,130.2598053698988,130.8799750672189,129.9748677202362,130.62017822265625,0.0
2013-04-05,129.0194945917929,130.19278772084692,128.86864974268693,130.03355407714844,0.0
2013-04-08,130.12571863811814,130.9218739301417,129.68992339250116,130.9134979248047,0.0
2013-04-09,131.15652787057977,131.84374393110997,130.72073263189708,131.3660430908203,0.0
2013-04-10,131.71805187497725,133.14275308274318,131.6845350600707,132.9751434326172,0.0
2013-04-11,133.00026473723676,133.84671444611186,132.86617192168103,133.41091918945312,0.0
2013-04-12,132.98351516943993,133.28521764509804,132.34659340429334,133.08409118652344,0.0
2013-04-15,132.4136349757583,132.5225869953646,129.9832632463848,130.00001525878906,0.0
2013-04-16,130.9805827067394,131.98626640297192,130.6621281382119,131.91921997070312,0.0
2013-04-17,130.98052861986372,131.00568221090214,129.29603086352688,129.9916229248047,0.0
2013-04-18,130.2095684400643,130.243098050233,128.6843036601742,129.1787567138672,0.0
2013-04-19,129.48043105393307,130.3603977060337,129.16196376571844,130.30172729492188,0.0
2013-04-22,130.55314633357693,131.19006811327367,129.6899444950183,130.87998962402344,0.0
2013-04-23,131.53368632097076,132.3549826136016,130.8799996898037,132.22927856445312,0.0
2013-04-24,132.27120473273473,132.66509453167677,132.0281598162133,132.3131103515625,0.0
2013-04-25,132.69862961370902,133.47803331019517,132.49750307613934,132.8494873046875,0.0
2013-04-26,132.69019903189746,132.91647908140152,132.1873573191765,132.61477661132812,0.0
2013-04-29,132.97514549725642,133.79644174708332,132.76563023439672,133.5031280517578,0.0
2013-04-30,133.4779988959209,133.85512384443214,132.9248754846122,133.82159423828125,0.0
2013-05-01,133.5282821790297,133.59532860436795,132.49747056352498,132.6483154296875,0.0
2013-05-02,132.9835175866719,133.99757705567075,132.85781354777782,133.8802490234375,0.0
2013-05-03,135.04514933042535,135.66531907541852,133.9053858563652,135.23789978027344,0.0
2013-05-06,135.33852607334148,135.77430874899235,135.27985564327264,135.58155822753906,0.0
2013-05-07,135.8748176298866,136.3106000900998,135.48930398976546,136.26870727539062,0.0
2013-05-08,136.11788605823935,136.93080637054402,136.04246362624357,136.88890075683594,0.0
2013-05-09,136.8301848620728,137.19054485335633,136.15973369163262,136.5033416748047,0.0
2013-05-10,136.59560188419857,137.06491411802756,136.1933232942315,136.9475860595703,0.0
2013-05-13,136.77156559797908,137.28278336791547,136.4531110835151,137.05650329589844,0.0
2013-05-14,137.16546601581024,138.57341538853356,137.16546601581024,138.47283935546875,0.0
2013-05-15,138.24657822988456,139.4952812070588,138.20467261321858,139.21871948242188,0.0
2013-05-16,138.93373602744708,139.4198128876506,138.35547195603607,138.5649871826172,0.0
2013-05-17,139.0762595967317,139.9897432751631,138.89188510173457,139.90594482421875,0.0
2013-05-20,139.7718636681749,140.44231527090207,139.62939478061298,139.89756774902344,0.0
2013-05-21,140.0232561556889,140.6266611967115,139.5371791622097,140.0986785888672,0.0
2013-05-22,140.24114803570788,141.69100301447307,138.4225568972583,139.05947875976562,0.0
2013-05-23,137.57611807340015,139.04272504987173,137.3917436019056,138.65721130371094,0.0
2013-05-24,137.83594854113323,138.59858742367592,137.42529388411768,138.5399169921875,0.0
2013-05-28,139.98977090046856,140.60994094127832,138.9589589570569,139.36961364746094,0.0
2013-05-29,138.63210250487776,138.95056989968825,137.72699474157508,138.46449279785156,0.0
2013-05-30,138.57336608811715,139.61255335362088,138.46441408597485,138.9756317138672,0.0
2013-05-31,138.5901548186972,139.3779342692083,136.71290620927192,136.9810791015625,0.0
2013-06-03,137.2996018266954,137.8275846051381,136.3190715151606,137.7353973388672,0.0
2013-06-04,137.8108012535911,138.3639247767923,136.37771081398822,137.07330322265625,0.0
2013-06-05,136.67939371440556,136.9559554361911,135.03680097554454,135.1541290283203,0.0
2013-06-06,135.09537745081147,136.3859980438162,134.29922237184394,136.3776092529297,0.0
2013-06-07,137.3163473843817,138.23820713004864,136.72131824227085,138.1125030517578,0.0
2013-06-10,138.539909705747,138.6153321527215,137.75213004765678,138.1125030517578,0.0
2013-06-11,136.85533849321249,137.89452575642326,136.38602646624068,136.68772888183594,0.0
2013-06-12,137.62633117246608,137.76879995899674,135.43061619872367,135.5563201904297,0.0
2013-06-13,135.4809231830269,137.86101298246825,135.17922075860517,137.61798095703125,0.0
2013-06-14,137.46719425750467,138.00355297893503,136.5285696919517,136.7548370361328,0.0
2013-06-17,137.68508940303332,138.46449308463085,136.78837043529532,137.81080627441406,0.0
2013-06-18,137.88616342904422,139.10973801027205,137.87778742337233,138.9002227783203,0.0
2013-06-19,138.7829180716841,139.02595015494106,136.9224214764165,136.9810791015625,0.0
2013-06-20,135.6485961667966,136.9978753080195,133.23497564391337,133.5869598388672,0.0
2013-06-21,134.49600869534802,134.59710406233845,132.66779462797635,134.0157928466797,0.0
2013-06-24,132.61720519499875,133.4765412548157,131.2018062253984,132.32232666015625,0.0
2013-06-25,133.51872432733384,134.88357619904454,132.62568087939707,133.5945587158203,0.0
2013-06-26,134.68975893099713,135.22053523914155,134.1674158058149,134.917236328125,0.0
2013-06-27,135.72605151022313,136.33264939393632,135.59966945209604,135.70919799804688,0.0
2013-06-28,135.3300516535982,135.97876391049527,134.68132654124045,135.1531219482422,0.0
2013-07-01,135.8608594189271,136.8887052578394,135.70921635521788,135.9451141357422,0.0
2013-07-02,135.74290645968026,136.73705809534505,135.22056322638616,135.81874084472656,0.0
2013-07-03,135.20374724699684,136.2905742279135,134.98470292668458,135.87774658203125,0.0
2013-07-05,136.88026801418232,137.3941908701335,135.89454965548182,137.34364318847656,0.0
2013-07-08,138.05132997032712,138.49785161131362,137.39418442866915,138.1271514892578,0.0
2013-07-09,138.99487958059785,139.2897580959966,138.39671507970397,139.1212615966797,0.0
2013-07-10,138.98646395269276,139.643609321061,138.70001860862646,139.17181396484375,0.0
2013-07-11,140.78940357060554,141.21065126091847,139.16338080115878,141.0674285888672,0.0
2013-07-12,141.0253542150634,141.48029623506645,140.80630996179735,141.12644958496094,0.0
2013-07-15,141.51400635590085,141.86785301374243,141.26967539935453,141.6656494140625,0.0
2013-07-16,141.75829565300788,141.84255034962086,140.7557367538996,141.13485717773438,0.0
2013-07-17,141.6740305216947,141.94362236670608,141.3117508123692,141.49710083007812,0.0
2013-07-18,141.80045177080754,142.6092533138174,141.70777672791542,142.27224731445312,0.0
2013-07-19,141.97739204201443,142.57555684505544,141.80046227231202,142.52500915527344,0.0
2013-07-22,142.72720276263533,143.0052278924082,142.39019676194192,142.8030242919922,0.0
2013-07-23,143.0557143281088,143.08098816040652,142.4238428097474,142.49966430664062,0.0
2013-07-24,143.04733144049834,143.10631230690254,141.69091292329958,141.9773712158203,0.0
2013-07-25,141.72463490419688,142.44918175733565,141.48873712461352,142.3227996826172,0.0
2013-07-26,141.7246209053941,142.5165688823987,141.13487651468756,142.4744415283203,0.0
2013-07-29,142.11218322988054,142.43233574280066,141.63196731596585,142.03636169433594,0.0
2013-07-30,142.46604277335305,142.61768584444226,141.69936852160512,142.03636169433594,0.0
2013-07-31,142.33123685743976,143.0979110903098,141.95211633358633,142.13746643066406,0.0
2013-08-01,143.21580304100152,143.90664261005185,143.13996868201033,143.7802734375,0.0
2013-08-02,143.4601419480704,144.041465937372,143.26637157012382,144.0246124267578,0.0
2013-08-05,143.7044644286254,144.03303716128872,143.51911438912705,143.81398010253906,0.0
2013-08-06,143.53597708718587,143.84770921355977,142.6766407962217,142.9967803955078,0.0
2013-08-07,142.5418346728753,142.7440253922899,142.00263799533164,142.5334014892578,0.0
2013-08-08,143.2074139277501,143.3759104948233,142.3227908812858,143.05577087402344,0.0
2013-08-09,142.87040649042902,143.30850780533095,142.14585975463316,142.64292907714844,0.0
2013-08-12,141.92682449169214,142.64293808917026,141.85942329625948,142.4744415283203,0.0
2013-08-13,142.72719435527958,143.1400090055485,141.88469868637003,142.89569091796875,0.0
2013-08-14,142.82825496907458,143.0557323438606,142.12898219136986,142.16268920898438,0.0
2013-08-15,141.04222337111824,141.05906403099283,139.93012275704896,140.17445373535156,0.0
2013-08-16,139.90479941646478,140.38502801777258,139.43300399757635,139.71102905273438,0.0
2013-08-19,139.55092948843853,140.03115800934563,138.8095294654769,138.81796264648438,0.0
2013-08-20,139.04547240915636,140.0227704202797,138.89382936715256,139.50042724609375,0.0
2013-08-21,139.11286296231725,139.87953700837923,138.32934826096263,138.6410675048828,0.0
2013-08-22,138.92748739933168,140.10698868178957,138.9190670732316,139.90478515625,0.0
2013-08-23,140.31758841300086,140.55348605784997,139.6604431372844,140.37655639648438,0.0
2013-08-26,140.51984447471136,140.94952548574938,139.76160352829427,139.85427856445312,0.0
2013-08-27,138.47256673645603,139.854258900532,137.50370201276354,137.60479736328125,0.0
2013-08-28,137.5458454153115,138.58212439777552,137.36892851472015,138.09347534179688,0.0
2013-08-29,137.7901872482647,139.04549773167474,137.66380516811554,138.31253051757812,0.0
2013-08-30,138.59892098634396,138.61577449476763,137.46998017570172,137.87437438964844,0.0
2013-09-03,139.20554171584405,139.50042031236768,137.91652450102907,138.4978485107422,0.0
2013-09-04,138.53150046149867,139.8794981270135,138.27876214774082,139.6436004638672,0.0
2013-09-05,139.7279121202126,140.19127445470153,139.62680389801875,139.82058715820312,0.0
2013-09-06,140.28391334473625,140.67988723634747,138.57364860244107,139.887939453125,0.0
2013-09-09,140.2333724357348,141.31176563985267,140.2333724357348,141.22752380371094,0.0
2013-09-10,142.07847689948392,142.2975211574724,141.75832441395394,142.27224731445312,0.0
2013-09-11,142.0784275890492,142.71871948242188,141.83410957283567,142.71871948242188,0.0
2013-09-12,142.66821819323516,142.85356827494547,142.145874975032,142.3396453857422,0.0
2013-09-13,142.49126299852486,142.76928804636538,142.16269027934257,142.65975952148438,0.0
2013-09-16,144.20155427997818,144.26895547264294,143.25795043813463,143.4854278564453,0.0
2013-09-17,143.61179437315926,144.15941132804073,143.61179437315926,144.12571716308594,0.0
2013-09-18,144.0751556827823,146.18982768654797,143.7128887761942,145.79385375976562,0.0
2013-09-19,146.18983488992257,146.25723607817065,145.406307325068,145.54953002929688,0.0
2013-09-20,145.89498218263194,145.89498218263194,144.4134280939254,144.53195190429688,0.0
2013-09-23,144.33720620303657,144.4726527302001,143.40593866434148,143.86309814453125,0.0
2013-09-24,143.83765262076517,144.3710159329415,143.25350818138077,143.5244140625,0.0
2013-09-25,143.6176009015553,143.9054425576438,142.98264923294113,143.10963439941406,0.0
2013-09-26,143.3466886923612,144.06629280138455,143.11810248449532,143.65992736816406,0.0
2013-09-27,142.94031965496572,143.19430291157457,142.6270809587523,142.9995880126953,0.0
2013-09-30,141.7889270079726,142.68632323616802,141.50954674328696,142.2376251220703,0.0
2013-10-01,142.34769686221253,143.4990763990122,142.20377603487816,143.36361694335938,0.0
2013-10-02,142.52546579455685,143.3635935888594,142.0852290944638,143.22813415527344,0.0
2013-10-03,142.89799382517998,143.02499191864896,141.24712195508835,141.907470703125,0.0
2013-10-04,142.01753988277412,143.12658686056204,141.83128633800234,142.982666015625,0.0
2013-10-07,141.73812066085608,142.61011978197178,141.5941998554229,141.74658203125,0.0
2013-10-08,141.72116206928703,141.90741553279665,139.99409976543137,140.09568786621094,0.0
2013-10-09,140.3666750675516,140.70531084718604,139.29148644411546,140.19735717773438,0.0
2013-10-10,141.6280948263195,143.29590241129856,141.57730075459443,143.21971130371094,0.0
2013-10-11,142.99958134798013,144.1932935557195,142.88105755617,144.14248657226562,0.0
2013-10-14,143.25353699385863,144.83667867620218,143.14347459476627,144.71815490722656,0.0
2013-10-15,144.35412640458262,144.89595125807216,143.47366586195844,143.6683807373047,0.0
2013-10-16,144.5319020193695,145.75101102991783,144.46417230565882,145.67481994628906,0.0
2013-10-17,145.0821578433293,146.73304181880857,145.0567608207637,146.64837646484375,0.0
2013-10-18,147.19026364530785,147.74054992539246,146.89394769872396,147.6389617919922,0.0
2013-10-21,147.68979364328868,147.94377695989266,147.3172865013533,147.6474609375,0.0
2013-10-22,148.07918610490705,148.94271100238666,147.67280776925628,148.5024871826172,0.0
2013-10-23,147.99455813700473,148.06228787673612,147.2749538738467,147.7913818359375,0.0
2013-10-24,148.08764901091124,148.46861740117447,147.74053902324135,148.28236389160156,0.0
2013-10-25,148.58717916494166,149.00201898195127,148.29933745589523,148.95968627929688,0.0
2013-10-28,148.90887463350992,149.39990550648412,148.7480181332791,149.19671630859375,0.0
2013-10-29,149.53536364980448,150.05179155318388,149.3237130815035,149.99252319335938,0.0
2013-10-30,150.17033448932295,150.28038401453657,148.7141773604195,149.24752807617188,0.0
2013-10-31,149.128996107252,149.75548648552734,148.60410679347828,148.82421875,0.0
2013-11-01,149.01892256815066,149.51841476481897,148.3416382258571,149.17977905273438,0.0
2013-11-04,149.58611185493405,149.763891043648,148.98501874128428,149.7046356201172,0.0
2013-11-05,149.1204978926024,149.6369257059646,148.63794139841465,149.23056030273438,0.0
2013-11-06,149.87399939183584,150.27190349369172,149.45915962744076,149.99252319335938,0.0
2013-11-07,150.2718889444822,150.39041273453032,147.95219428996938,148.0961151123047,0.0
2013-11-08,148.0453401933666,150.1110518740272,148.02841744840285,150.0941162109375,0.0
2013-11-11,149.9501760630947,150.29728606204844,149.77239683698377,150.1195068359375,0.0
2013-11-12,149.79780737955562,150.15337878197082,149.3152378860544,149.8147430419922,0.0
2013-11-13,149.07815031249376,151.05919598825926,149.07815031249376,151.01687622070312,0.0
2013-11-14,151.15237200845337,151.8973861812889,150.9068630204741,151.77040100097656,0.0
2013-11-15,152.01587016165556,152.48996526811297,151.82115529681545,152.4307098388672,0.0
2013-11-18,152.68471617001734,152.8117013362879,151.55873366262762,151.89736938476562,0.0
2013-11-19,151.82115239681036,152.27831183555537,151.3047246118289,151.56716918945312,0.0
2013-11-20,151.8719509991935,152.32911045161828,150.67823893158024,151.09307861328125,0.0
2013-11-21,151.51641710010398,152.43074914897713,151.4232903288819,152.31222534179688,0.0
2013-11-22,152.37147626522255,153.09109337768874,152.19369701879023,153.07415771484375,0.0
2013-11-25,153.34508461349898,153.37894302282203,152.70165857322337,152.92178344726562,0.0
2013-11-26,152.99795213303207,153.42125323722524,152.73550751533222,152.96408081054688,0.0
2013-11-27,153.12492783012928,153.4381794121902,152.9386743223494,153.33657836914062,0.0
2013-11-29,153.50590423354623,153.86993694832313,153.06566750938433,153.2349853515625,0.0
2013-12-02,153.31119234248462,153.5990339958514,152.60004958071082,152.83709716796875,0.0
2013-12-03,152.33761431046753,152.7185827477917,151.68572694643484,152.1767578125,0.0
2013-12-04,151.62642430131035,152.79472628418492,150.99147279739887,152.15977478027344,0.0
2013-12-05,151.88890137554557,152.1682816472567,151.34707649292756,151.49099731445312,0.0
2013-12-06,152.95558741849857,153.328094379106,152.51535074522414,153.18417358398438,0.0
2013-12-09,153.63286147861268,153.80217929003467,153.37041693319043,153.57359313964844,0.0
2013-12-10,153.21806083402416,153.53977380024415,152.9302191895769,153.02334594726562,0.0
2013-12-11,153.08261834963966,153.10801538257874,151.11849501485327,151.30474853515625,0.0
2013-12-12,151.23696863367596,151.42322209218767,150.49195479962918,150.80520629882812,0.0
2013-12-13,151.11847386066037,151.25393329612305,150.5004579487808,150.78829956054688,0.0
2013-12-16,151.4994259269657,152.22750416662493,151.45709324317082,151.72801208496094,0.0
2013-12-17,151.86349700696684,151.8888940378842,150.90683244866804,151.24546813964844,0.0
2013-12-18,151.4740833368968,153.8530337545298,150.11952739551157,153.82763671875,0.0
2013-12-19,153.3873685368709,153.82760526391087,152.98947741830642,153.6498260498047,0.0
2013-12-20,153.80304065135874,154.90960116668796,153.70090099981527,154.5435791015625,0.0
2013-12-23,155.3011194997475,155.46284924681046,154.97767299387627,155.3692169189453,0.0
2013-12-24,155.3777347147459,155.77779896188076,155.3692274073674,155.70970153808594,0.0
2013-12-26,156.05873117182983,156.58648307823847,156.04171655323424,156.50135803222656,0.0
2013-12-27,156.7056279655152,156.7737124066892,156.33109859777494,156.49282836914062,0.0
2013-12-30,156.50984994560093,156.63753750205814,156.26300811766183,156.46730041503906,0.0
2013-12-31,156.68014671866104,157.2078857421875,156.56096643514363,157.2078857421875,0.0
2014-01-02,156.60351661734455,156.68013436331546,155.3267187024566,155.7012481689453,0.0
2014-01-03,155.96509406367332,156.28004633371285,155.45438276794056,155.67568969726562,0.0
2014-01-06,156.18640673515696,156.24598387217898,154.9862138152408,155.22454833984375,0.0
2014-01-07,155.84593531541557,156.4417716871385,155.72676804107095,156.1779022216797,0.0
2014-01-08,156.15238495961728,156.47584459294836,155.67571580834633,156.21197509765625,0.0
2014-01-09,156.7141818307377,156.73120944021812,155.59911369258822,156.31411743164062,0.0
2014-01-10,156.57794002883756,156.8077672290675,155.77781147032022,156.7396697998047,0.0
2014-01-13,156.3395432963199,156.77364962330435,154.35625029377078,154.6541748046875,0.0
2014-01-14,155.1649720167383,156.42475517399367,154.8755676380142,156.33963012695312,0.0
2014-01-15,156.7056733734167,157.420677107237,156.37370642641008,157.18234252929688,0.0
2014-01-16,156.85884482491147,157.18230438287026,156.4758081310566,156.97801208496094,0.0
2014-01-17,156.7056745201277,157.00358625060264,156.0417406212561,156.31411743164062,0.0
2014-01-21,157.2163542565424,157.2759443835959,155.81188198130184,156.7737274169922,0.0
2014-01-22,157.0375995271939,157.10569695866735,156.5439028902041,156.87586975097656,0.0
2014-01-23,156.084242271666,156.1097771839216,154.7648951776049,155.59054565429688,0.0
2014-01-24,154.57759631280794,154.6286661260257,152.21977369264155,152.27084350585938,0.0
2014-01-27,152.41556562282506,152.80712255592184,150.76423884158885,151.5218048095703,0.0
2014-01-28,151.63246634264527,152.61985949889768,151.61543873974287,152.42408752441406,0.0
2014-01-29,151.1557939427043,151.98145732331548,150.55995773717433,150.96002197265625,0.0
2014-01-30,152.21979808195687,153.0539688040939,151.73460880214137,152.56027221679688,0.0
2014-01-31,150.6706337904217,152.61136522807385,150.59402904668067,151.66653442382812,0.0
2014-02-03,151.4877760312743,151.82825018640654,147.96381527380416,148.2532196044922,0.0
2014-02-04,148.9171880782266,149.67475429034258,148.2021843925067,149.29171752929688,0.0
2014-02-05,148.772494725508,149.43642861433577,147.86171895012032,149.10446166992188,0.0
2014-02-06,149.4534221453527,151.07069396972656,149.14699019051525,151.07069396972656,0.0
2014-02-07,151.7772214403882,153.10508918834967,151.28352469004815,152.943359375,0.0
2014-02-10,152.96037369710115,153.27532598615144,152.54329472864953,153.2242431640625,0.0
2014-02-11,153.35193318802342,155.29266483413986,153.2497805304716,154.90110778808594,0.0
2014-02-12,155.13094694245962,155.62464369570995,154.67130540709417,154.9777374267578,0.0
2014-02-13,153.9307328540657,155.93956182356365,153.9222255448812,155.77783203125,0.0
2014-02-14,155.63312179767053,156.92694708101675,155.48841961946684,156.63754272460938,0.0
2014-02-18,156.77373102344197,157.03761346441777,156.32259686461666,156.82481384277344,0.0
2014-02-19,156.4162096656048,157.42913781613683,155.6586436267773,155.7863311767578,0.0
2014-02-20,155.9991464152108,157.06314449712883,155.42884500189365,156.7056427001953,0.0
2014-02-21,157.00358566148594,157.37811513908727,156.45031174392247,156.52691650390625,0.0
2014-02-24,156.85885189546084,158.45058886678268,156.79075445975488,157.39511108398438,0.0
2014-02-25,157.52282077314538,157.9739550205385,156.8163243319941,157.33555603027344,0.0
2014-02-26,157.56537740046397,157.98246940091843,156.90144351452275,157.3440704345703,0.0
2014-02-27,157.1142326148488,158.21227304836538,156.93547520144594,158.1697235107422,0.0
2014-02-28,158.14411827919483,159.3017484269713,157.51423988219085,158.56971740722656,0.0
2014-03-03,157.1737691254039,157.85473039869314,156.4076958106135,157.4546661376953,0.0
2014-03-04,158.99540765737248,160.00833624072988,158.961365422452,159.66786193847656,0.0
2014-03-05,159.80399269175115,160.08488972304505,159.55713788170948,159.8125,0.0
2014-03-06,160.20410625872816,160.5445805290078,159.83808407932975,160.17855834960938,0.0
2014-03-07,160.84244652785563,160.84244652785563,159.54010109832592,160.24659729003906,0.0
2014-03-10,159.9997540009247,160.22106089492476,159.2421879931577,160.16148376464844,0.0
2014-03-11,160.39987489953893,160.62970217062772,159.0039096398976,159.3699188232422,0.0
2014-03-12,158.59527146663126,159.4720046653834,158.2377567555286,159.41241455078125,0.0
2014-03-13,159.88914567010715,160.01683325606845,157.18234029276218,157.6249542236328,0.0
2014-03-14,157.34407234752632,158.15270845041312,156.9950777911639,157.18234252929688,0.0
2014-03-17,157.9738988277593,158.97831963572344,157.90580140109597,158.60379028320312,0.0
2014-03-18,158.92729532918196,159.94873104515656,158.75704521963635,159.73593139648438,0.0
2014-03-19,159.75288696637824,159.97420683167576,157.87174604087926,158.88467407226562,0.0
2014-03-20,158.53570239680425,159.93166725676798,158.25480536551035,159.8125,0.0
2014-03-21,160.48367895185908,161.6036684042144,159.0473471402091,159.19268798828125,0.0
2014-03-24,159.73983758121946,159.93648668375693,157.84183586115998,158.5343475341797,0.0
2014-03-25,159.33800787486956,159.8253386356929,158.397564914783,159.28671264648438,0.0
2014-03-26,159.91083344961513,160.16732264853542,158.09833238958808,158.14108276367188,0.0
2014-03-27,157.95297326487903,158.45739370214676,157.22625612634812,157.80763244628906,0.0
2014-03-28,158.26079088166472,159.38078034194515,158.16674526806037,158.58567810058594,0.0
2014-03-31,159.59451118746253,160.13313722434276,158.61131776817572,159.88519287109375,0.0
2014-04-01,160.40673218563614,161.03940389466015,159.87666399830366,160.9453582763672,0.0
2014-04-02,161.15051573657271,161.69768656105805,160.85127618832763,161.48394775390625,0.0
2014-04-03,161.73187270204693,161.77462307092088,160.774327058059,161.27020263671875,0.0
2014-04-04,162.15084087286849,162.18503334808986,159.10720180039564,159.36367797851562,0.0
2014-04-07,158.9788951987141,159.2439291873581,157.27754293138804,157.6024169921875,0.0
2014-04-08,157.53399467411563,158.50864279704666,156.96117642205397,158.25216674804688,0.0
2014-04-09,158.67967745072605,160.00484746663471,158.21799437469724,159.95355224609375,0.0
2014-04-10,159.94502022741156,160.021963064398,156.39694832348042,156.59359741210938,0.0
2014-04-11,155.72154834409082,156.81589001785048,155.01193392280288,155.18292236328125,0.0
2014-04-14,156.39695967634017,156.77314207857788,155.12308468626838,156.405517578125,0.0
2014-04-15,156.73039061852157,157.59389065809444,155.18291077693934,157.4827423095703,0.0
2014-04-16,158.56858456192518,159.14140313425222,157.8675148478152,159.1328582763672,0.0
2014-04-17,158.9190952913908,159.79969820648267,158.64550333359242,159.35511779785156,0.0
2014-04-21,159.39783188342426,159.9621053837339,159.20119586201196,159.91079711914062,0.0
2014-04-22,160.07325391882983,161.07354990908715,159.98776622859475,160.6375274658203,0.0
2014-04-23,160.57767955088948,160.66316723695272,160.13309922838857,160.26133728027344,0.0
2014-04-24,161.04789745801455,161.0650002137799,159.81675995451454,160.5862274169922,0.0
2014-04-25,160.06470737399232,160.15875296416476,158.91051268056532,159.26959228515625,0.0
2014-04-28,159.91938868455733,160.46655954518943,158.1325352696662,159.7740478515625,0.0
2014-04-29,160.28698073264047,160.7657535080308,159.94500390609872,160.517822265625,0.0
2014-04-30,160.25276013026496,161.15901030249856,160.030463491023,160.99656677246094,0.0
2014-05-01,160.91968730551068,161.44975541592245,160.5007545128927,161.01373291015625,0.0
2014-05-02,160.99662150354482,161.70623592855685,160.54349626338728,160.7828826904297,0.0
2014-05-05,159.9963260408846,161.20181608244422,159.5517456551271,161.09066772460938,0.0
2014-05-06,160.73153795164276,160.84268627481126,159.65429936177912,159.68849182128906,0.0
2014-05-07,160.2271525678228,160.70592537879924,159.0302074948011,160.6289825439453,0.0
2014-05-08,160.48368373520424,161.62932083927285,159.94505765908335,160.45802307128906,0.0
2014-05-09,160.4836488919032,160.76577263229194,159.7312841293164,160.6973876953125,0.0
2014-05-12,161.41551994350763,162.33887298525437,160.73155327789016,162.2619171142578,0.0
2014-05-13,162.47567253020398,162.8005596649176,162.24484403029948,162.40728759765625,0.0
2014-05-14,162.26193098495946,162.33888686253445,161.4069758412479,161.6378173828125,0.0
2014-05-15,161.31293901182917,161.34714452495967,159.43204020265958,160.21859741210938,0.0
2014-05-16,160.312654626889,160.84273575419337,159.63724571777746,160.7743377685547,0.0
2014-05-19,160.46655219516126,161.49249588115623,160.32121136882364,161.3642578125,0.0
2014-05-20,161.28733645505204,161.3044392163949,159.9365183574098,160.34689331054688,0.0
2014-05-21,160.80853209311837,161.77463571373144,160.7828844789058,161.69769287109375,0.0
2014-05-22,161.74042286913692,162.42438965683877,161.46684398140505,162.09095764160156,0.0
2014-05-23,162.23630440023337,162.85187322713023,162.09096357243575,162.74073791503906,0.0
2014-05-27,163.34772746756752,163.7923077945084,163.25368188005274,163.7410125732422,0.0
2014-05-28,163.7410311023175,163.9975202832533,163.34774595213835,163.621337890625,0.0
2014-05-29,163.99751273756416,164.49337527348817,163.57857999312512,164.4677276611328,0.0
2014-05-30,164.31382265998676,164.83534579250426,164.17702671312784,164.7327423095703,0.0
2014-06-02,164.96360303019702,164.9978085436808,164.125750587979,164.9208526611328,0.0
2014-06-03,164.5190458444306,164.920875888181,164.36516014882383,164.83538818359375,0.0
2014-06-04,164.55322395355017,165.26283831589842,164.38223552727388,165.16879272460938,0.0
2014-06-05,165.3569002418141,166.41703641680004,164.74987626615115,166.2460479736328,0.0
2014-06-06,166.6051326671802,167.08390554079114,166.52818982226037,167.04116821289062,0.0
2014-06-09,167.01547641545358,167.6139423491484,166.86157772074407,167.2121124267578,0.0
2014-06-10,167.006936099609,167.2634252540776,166.6478565015851,167.22923278808594,0.0
2014-06-11,166.6308006817794,166.81889191166522,166.27172098261116,166.6479034423828,0.0
2014-06-12,166.45120849983175,166.54525408152125,165.10037789264558,165.46800231933594,0.0
2014-06-13,165.7928963106089,166.1348861880313,165.26282830757913,165.97244262695312,0.0
2014-06-16,165.76723035931562,166.45974184680114,165.57059435504183,166.1092071533203,0.0
2014-06-17,165.87841122822704,166.69061605750218,165.69886489652697,166.5709228515625,0.0
2014-06-18,166.5709079862354,167.88753313407216,166.20327050007054,167.79348754882812,0.0
2014-06-19,167.9388475302928,168.0842013977417,167.40023461292043,167.98159790039062,0.0
2014-06-20,168.3999738927984,168.46011382874775,168.11648514066738,168.32266235351562,0.0
2014-06-23,168.36559914563847,168.41714016618437,167.96184367390538,168.27110290527344,0.0
2014-06-24,167.97038450733746,168.80366573799915,167.0683775649822,167.2573699951172,0.0
2014-06-25,166.90522791823935,168.18522027517835,166.87087160155883,168.01341247558594,0.0
2014-06-26,168.03916471057838,168.0563494210967,166.76777140218468,167.89312744140625,0.0
2014-06-27,167.4979451174934,168.27109973539527,167.42063358813095,168.2195587158203,0.0
2014-06-30,168.11646702382276,168.5202224962482,167.97042976266144,168.13365173339844,0.0
2014-07-01,168.54598800239268,169.77443909277162,168.48586118280213,169.25900268554688,0.0
2014-07-02,169.27616309769417,169.6455490869816,169.198851580135,169.4307861328125,0.0
2014-07-03,169.9118846647856,170.34141065303663,169.78303211154744,170.26409912109375,0.0
2014-07-07,169.93770389807688,170.07514228097014,169.4222673609163,169.67138671875,0.0
2014-07-08,169.36214138311422,169.42228133091666,168.16805931139126,168.58041381835938,0.0
2014-07-09,169.0012739994497,169.49093986675038,168.64047378000834,169.3363037109375,0.0
2014-07-10,167.70412575882443,169.112970457965,167.56667429839786,168.666259765625,0.0
2014-07-11,168.5631484166051,169.01844483052545,168.18516352019788,168.89817810058594,0.0
2014-07-14,169.7572277669138,169.97199071823533,169.61119053298597,169.74864196777344,0.0
2014-07-15,169.85172624189647,170.17817012682244,168.68341524689302,169.4307861328125,0.0
2014-07-16,170.1868054476186,170.31565801437785,169.5940574243376,170.05795288085938,0.0
2014-07-17,169.53385953322703,170.17814831314843,167.88446872151005,168.12501525878906,0.0
2014-07-18,168.67488927420695,170.0150084862487,168.58039301653247,169.84320068359375,0.0
2014-07-21,169.31050561800382,169.66271998010652,168.74352831921746,169.5252685546875,0.0
2014-07-22,170.1008771482635,170.5733583569582,169.9806103958769,170.26409912109375,0.0
2014-07-23,170.52186883141135,170.82254235722436,170.17825318027948,170.6421356201172,0.0
2014-07-24,170.80530145100832,171.00287973000533,170.47885751415822,170.65066528320312,0.0
2014-07-25,170.16960590662825,170.31564317226042,169.51673111178565,169.8517608642578,0.0
2014-07-28,169.88610177431866,170.16959047887732,168.90678311679423,169.92047119140625,0.0
2014-07-29,170.2383368692222,170.47887038566435,169.16452184650058,169.19029235839844,0.0
2014-07-30,169.7916430484059,170.01500498454246,168.51166380310872,169.21607971191406,0.0
2014-07-31,168.03917399247453,168.18521126971328,165.7712770782424,165.87435913085938,0.0
2014-08-01,165.41904895663166,166.44990872213762,164.56859587643345,165.3675079345703,0.0
2014-08-04,165.6853478007042,166.91379892319782,164.98093200771376,166.56158447265625,0.0
2014-08-05,165.88292498292572,166.31245092735784,164.3452147613274,164.94654846191406,0.0
2014-08-06,164.17339712015283,165.7025083416148,164.14762661368587,164.9980926513672,0.0
2014-08-07,165.7454674867695,165.90868943699246,163.69233407162574,164.10467529296875,0.0
2014-08-08,164.4741080341357,166.1148874552977,164.03598310805003,166.0032196044922,0.0
2014-08-11,166.6303665336454,167.2231146854063,166.40701766681977,166.4843292236328,0.0
2014-08-12,166.32102979836543,166.7849120314664,165.74546662977545,166.25230407714844,0.0
2014-08-13,166.90521954940456,167.56669330816786,166.6217439037431,167.37770080566406,0.0
2014-08-14,167.65257598004322,168.16799926757812,167.4979398181183,168.16799926757812,0.0
2014-08-15,168.7779407075123,168.9325637694151,166.92238531612213,168.13365173339844,0.0
2014-08-18,169.06144394165557,169.6198225239161,168.96694769301675,169.54251098632812,0.0
2014-08-19,169.95485639190045,170.5561902122372,169.61124081116353,170.42733764648438,0.0
2014-08-20,170.1953395519808,171.08876077044613,170.16098324731226,170.88258361816406,0.0
2014-08-21,171.0286449391143,171.6042081570267,170.8911934849015,171.380859375,0.0
2014-08-22,171.24340026950188,171.54407367364652,170.7279770013716,171.1145477294922,0.0
2014-08-25,171.93063672067373,172.31720743152405,171.08017067033026,171.982177734375,0.0
2014-08-26,172.09382629394528,172.51476634013355,172.05087108791164,172.0938262939453,0.0
2014-08-27,172.1797848101496,172.30006467304037,171.75885772240466,172.02516174316406,0.0
2014-08-28,171.45818284828243,172.04234501534043,171.28637507259234,171.9306640625,0.0
2014-08-29,172.19698719062524,172.43752072490324,171.65579329254695,172.42034912109375,0.0
2014-09-02,172.6436708463538,172.66944135611774,171.69012266080975,172.33441162109375,0.0
2014-09-03,172.99586851632878,173.02163902359396,171.99936520843826,172.23989868164062,0.0
2014-09-04,172.53199277234518,173.16769594266032,171.51831774983222,171.9907989501953,0.0
2014-09-05,171.95640518896928,172.83264173577555,171.30353050967508,172.763916015625,0.0
2014-09-08,172.6007189455554,172.84985135551975,171.81039271205108,172.31723022460938,0.0
2014-09-09,172.1626055510004,172.282872300449,170.8740276177257,171.2262420654297,0.0
2014-09-10,171.32078418535417,171.9822580891242,170.75381966164838,171.87059020996094,0.0
2014-09-11,171.18329273838373,172.09388574528015,171.05442707576498,172.068115234375,0.0
2014-09-12,171.8963155711225,171.91348717380762,170.5733681111251,171.0630340576172,0.0
2014-09-15,171.0888097695056,171.2262612437258,170.41875021779973,170.93417358398438,0.0
2014-09-16,170.61629446365092,172.5319764863751,170.52179823249818,172.22271728515625,0.0
2014-09-17,172.47180506475456,173.25353211146847,171.59556870323934,172.45462036132812,0.0
2014-09-18,172.9787164090386,173.3996566205204,172.75536760128355,173.37388610839844,0.0
2014-09-19,173.92538838719818,174.25334512370176,172.86380574536577,173.21766662597656,0.0
2014-09-22,172.91562037280724,172.94151135046894,171.51744173223543,171.8799285888672,0.0
2014-09-23,171.25849816552488,171.9748458564373,170.84422940345058,170.89601135253906,0.0
2014-09-24,170.92189823567716,172.3459676483544,170.4731125747421,172.2337646484375,0.0
2014-09-25,171.7849611722285,171.7936002762138,169.3942735154164,169.45468139648438,0.0
2014-09-26,169.76537752433416,171.22396373141922,169.5237196737436,170.80105590820312,0.0
2014-09-29,169.33381878916205,170.7924047810967,169.20436394878575,170.49032592773438,0.0
2014-09-30,170.6198032835786,171.14627494555296,169.6876888737208,170.0415496826172,0.0
2014-10-01,169.76536800276918,169.82578904671058,167.35741556609364,167.73716735839844,0.0
2014-10-02,167.59045273447126,168.34995640262383,166.01105068631037,167.76307678222656,0.0
2014-10-03,168.8850596027744,169.97253319400778,168.36722695066135,169.61004638671875,0.0
2014-10-06,170.31772245337146,170.54212841221752,168.79872852665886,169.4114990234375,0.0
2014-10-07,168.5398018233557,168.91955358871806,166.76188507585314,166.79640197753906,0.0
2014-10-08,166.89137312431276,169.95526565605903,166.01967961265026,169.71360778808594,0.0
2014-10-09,169.4460502729123,169.67908219416032,166.2095470253332,166.34764099121094,0.0
2014-10-10,166.30448616677256,167.13302362921723,164.4057402151909,164.44888305664062,0.0
2014-10-13,164.37980977758355,164.97531517414683,161.6525138489723,161.74745178222656,0.0
2014-10-14,162.61921252455275,163.82751519183967,161.42817489848406,161.997802734375,0.0
2014-10-15,159.80560124332618,161.98916123508457,157.0092574561894,160.9016876220703,0.0
2014-10-16,157.99312796631378,161.89419659382006,157.84640807765203,160.76358032226562,0.0
2014-10-17,162.6191822465095,163.7670636404927,161.92872558938268,162.66233825683594,0.0
2014-10-20,162.36889013338157,164.3711998500943,162.31710819139073,164.2417449951172,0.0
2014-10-21,165.43278504553388,167.6077190034301,165.2601741658774,167.4955291748047,0.0
2014-10-22,167.78896638260332,168.22050015972886,166.2354421510782,166.3044891357422,0.0
2014-10-23,167.97019836535495,169.33384664219352,167.65949352798208,168.2377471923828,0.0
2014-10-24,168.5139201013638,169.5841284834396,167.85799357843203,169.53233337402344,0.0
2014-10-27,168.92826667643965,169.54967658229592,168.32412181501556,169.2993927001953,0.0
2014-10-28,169.86898230206629,171.24988264945122,169.79129620434057,171.2412567138672,0.0
2014-10-29,171.3620516047962,171.8539932226718,169.8516835075959,170.9822998046875,0.0
2014-10-30,170.52489066979254,172.57035657980865,170.36953166038964,172.0784149169922,0.0
2014-10-31,174.14979803982158,174.18432812238754,173.27810441086484,174.04623413085938,0.0
2014-11-03,174.27059866398915,174.7280234133791,173.74412693005806,174.14114379882812,0.0
2014-11-04,173.67511390777298,173.9944579198943,172.66532625395527,173.5370330810547,0.0
2014-11-05,174.80562166719997,174.84877766027554,173.86488159720912,174.6330108642578,0.0
2014-11-06,174.67624197809144,175.42710653695252,174.028941311662,175.33216857910156,0.0
2014-11-07,175.3494348800332,175.7205607795281,174.86611915271817,175.49615478515625,0.0
2014-11-10,175.53072072574454,176.10033542396525,175.31495379129728,176.04855346679688,0.0
2014-11-11,176.11755122692247,176.3333181010453,175.76369039271347,176.2211151123047,0.0
2014-11-12,175.50473266802055,176.2728620029931,175.47020260276264,176.0312042236328,0.0
2014-11-13,176.20386061595474,176.78211424965454,175.38394914039122,176.22975158691406,0.0
2014-11-14,176.15205927596773,176.48865503073756,175.82408945411288,176.27288818359375,0.0
2014-11-17,175.93630047891818,176.5663360139842,175.763676457814,176.3850860595703,0.0
2014-11-18,176.4455132713279,177.722849422113,176.4455132713279,177.4035186767578,0.0
2014-11-19,177.19637102776727,177.4035119508646,176.32467766895638,177.1186981201172,0.0
2014-11-20,176.29017261591488,177.5416310960245,176.22112563175006,177.42942810058594,0.0
2014-11-21,179.20735010201918,179.3799609825255,177.7746547720215,178.37879943847656,0.0
2014-11-24,178.80169109988194,178.99156700205614,178.57729829247825,178.87936401367188,0.0
2014-11-25,179.12102114680877,179.33678801938916,178.4823596323643,178.74990844726562,0.0
2014-11-26,178.90525753092393,179.31090031230835,178.68086472032692,179.20733642578125,0.0
2014-11-28,179.077842062393,179.40579868716864,178.57726143900035,178.82754516601562,0.0
2014-12-01,178.13709462934565,178.25792353079592,177.25677541993477,177.58473205566406,0.0
2014-12-02,177.62792537736388,178.9484176382854,177.60203440513916,178.73265075683594,0.0
2014-12-03,178.9139194877487,179.64751905996272,178.74130859836697,179.42312622070312,0.0
2014-12-04,179.12104756450634,179.75109640730653,178.39607392636094,179.22462463378906,0.0
2014-12-05,179.40587864980068,179.92372453773547,179.12970383377197,179.51808166503906,0.0
2014-12-08,179.10379986231962,179.62163254331765,177.73151230966235,178.3184051513672,0.0
2014-12-09,176.3850631345084,178.30971273088673,175.98805954404122,178.197509765625,0.0
2014-12-10,177.71422532969376,177.77463320432753,175.14227479552585,175.34078979492188,0.0
2014-12-11,175.96220277409105,177.95588655414866,175.8154828821999,176.22975158691406,0.0
2014-12-12,174.89199037643803,175.91041683201735,173.3471054104138,173.38162231445312,0.0
2014-12-15,174.3224217220597,174.7971116218767,171.56060753590006,172.19064331054688,0.0
2014-12-16,171.38794602849472,174.68485703616074,170.76653637386443,170.8096923828125,0.0
2014-12-17,171.26713299263844,174.63309129299117,171.13766495378417,174.1584014892578,0.0
2014-12-18,176.70446628753933,183.8075089932409,175.99674452974742,178.46511840820312,0.0
2014-12-19,179.14635718748676,179.9274130772472,178.43474261278155,179.22447204589844,0.0
2014-12-22,179.42406501948923,180.04890441894534,179.17239984789884,180.0489044189453,0.0
2014-12-23,180.656418665988,180.70848641907247,179.98818493661358,180.2919311523437,0.0
2014-12-24,180.52623818138608,180.80393726144308,180.26588618992167,180.3092803955078,0.0
2014-12-26,180.777894272309,181.24653048172843,180.72582652505167,180.8907165527344,0.0
2014-12-29,180.6997819854977,181.3506552718996,180.63035391256872,181.1336975097656,0.0
2014-12-30,180.6911053655487,180.8299482669917,180.08361304827656,180.16172790527344,0.0
2014-12-31,180.5001742017648,180.6737377531092,178.24380830813703,178.3739776611328,0.0
2015-01-02,179.10298406225115,179.53689960596856,177.19374507625338,178.27853393554688,0.0
2015-01-05,177.18508257408266,177.35864615397523,174.7378056408774,175.05889892578125,0.0
2015-01-06,175.37995514392705,175.92669288498462,172.57686485704448,173.4099884033203,0.0
2015-01-07,174.79852325236237,175.9267062318907,174.32990032593858,175.57089233398438,0.0
2015-01-08,177.04620127231888,178.9120459068528,177.0288541862296,178.6864013671875,0.0
2015-01-09,179.12031748278503,179.13767781098358,176.6122863611441,177.25448608398438,0.0
2015-01-12,177.3933272223751,177.55821722118915,175.23242339516068,175.86593627929688,0.0
2015-01-13,177.1416615484021,178.3219122518484,174.00879107218398,175.3712921142578,0.0
2015-01-14,173.26244920922142,174.52081471913354,172.3252034073466,174.31253051757812,0.0
2015-01-15,174.98078365089546,175.3105504543505,172.59424819790254,172.7157440185547,0.0
2015-01-16,172.4987766629315,175.14566393937014,172.30785277793916,174.98077392578125,0.0
2015-01-20,175.64898697063035,175.92669924344273,173.7137275719003,175.3539276123047,0.0
2015-01-21,174.86791563876344,176.7424334460347,174.38193248325928,176.2390899658203,0.0
2015-01-22,177.0288461971552,178.99881298547422,175.5882435937295,178.85997009277344,0.0
2015-01-23,178.5909174400362,178.85995614590558,177.74044685459248,177.87930297851562,0.0
2015-01-26,177.65369668885302,178.39134512207505,176.90736147038382,178.29588317871094,0.0
2015-01-27,176.14361287273988,177.14161296383756,175.07618473082852,175.9440155029297,0.0
2015-01-28,177.18504072028117,177.28917619520786,173.48808569784288,173.68768310546875,0.0
2015-01-29,173.89598911902522,175.56222313718845,172.4206657481679,175.29319763183594,0.0
2015-01-30,174.06086212677178,175.44938371852632,172.81118342475798,173.08888244628906,0.0
2015-02-02,173.60958225410707,175.32788380811422,171.7090303761366,175.232421875,0.0
2015-02-03,176.1697040477209,177.7751967952225,175.77918272164106,177.76651000976562,0.0
2015-02-04,176.96808854533845,178.2351275789617,176.61227467209602,177.08958435058594,0.0
2015-02-05,177.7839025527376,179.03358161627332,177.70580092177997,178.8773651123047,0.0
2015-02-06,179.25916443145326,179.84929638148512,177.8359221593232,178.38265991210938,0.0
2015-02-09,177.70573957242195,178.46074822846754,177.159001860362,177.58424377441406,0.0
2015-02-10,178.6690131724166,179.74511491257988,177.62760559644943,179.47608947753906,0.0
2015-02-11,179.3025621982575,180.03153705511832,178.6256550823082,179.58026123046875,0.0
2015-02-12,180.41338610570168,181.3680055027619,179.61498317454684,181.3072509765625,0.0
2015-02-13,181.43745147058635,182.1056718723981,181.1684127106559,182.05360412597656,0.0
2015-02-17,181.72384562616813,182.52226197281928,181.46350686318732,182.3400115966797,0.0
2015-02-18,181.949463921912,182.43544719866472,181.67175162545257,182.3573455810547,0.0
2015-02-19,181.73248556977012,182.60899007733548,181.5849558947572,182.2271423339844,0.0
2015-02-20,181.7932418352748,183.39873454977044,181.1423685578388,183.3206329345703,0.0
2015-02-23,183.0602681104564,183.29458618164065,182.6610600351814,183.29458618164065,0.0
2015-02-24,183.21648681589795,184.02357657728368,182.9040671085956,183.81529235839844,0.0
2015-02-25,183.68513726768143,184.1884809042188,183.30328945775304,183.6591033935547,0.0
2015-02-26,183.56364976278084,183.72853980109343,182.8086276527206,183.4421539306641,0.0
2015-02-27,183.33799724418785,183.61570955816708,182.76523877019656,182.8173065185547,0.0
2015-03-02,182.921415256232,184.03223786554608,182.8693475154908,183.97149658203125,0.0
2015-03-03,183.52026843943764,184.02361213412763,182.3139835780085,183.21652221679688,0.0
2015-03-04,182.5915909229383,182.66970575714,181.4287008551433,182.44406127929688,0.0
2015-03-05,182.7825348928255,182.93875133639384,182.11431465248097,182.6436920166016,0.0
2015-03-06,181.74115447564253,182.1924302737307,179.7277935739517,180.07492065429688,0.0
2015-03-09,180.2832380163592,181.19445008042305,180.1183479881414,180.8212890625,0.0
2015-03-10,179.38937308921604,179.4761482542664,177.84462154351925,177.8880157470703,0.0
2015-03-11,178.1570315128363,178.3392818609485,177.38466240331522,177.47145080566406,0.0
2015-03-12,178.13096429635016,179.79719802154915,178.07889656150775,179.727783203125,0.0
2015-03-13,179.44145004273335,180.44812410968493,177.54089771133602,178.6256866455078,0.0
2015-03-16,179.38933691610478,181.107638445414,178.65167533063843,181.01217651367188,0.0
2015-03-17,180.23980304128432,180.87331589508543,179.62363727133342,180.47412109375,0.0
2015-03-18,179.9794448707025,183.3466329075383,179.3112113883097,182.6436920166016,0.0
2015-03-19,182.2098007338101,182.6523897721719,181.40271102615048,181.8105926513672,0.0
2015-03-20,182.8051993819013,183.9471304162905,182.61342328287247,183.41539001464844,0.0
2015-03-23,183.4241283477085,184.0256068073324,183.0580139160156,183.0580139160156,0.0
2015-03-24,182.9272739052479,183.4067009470527,181.95968095895745,182.0294189453125,0.0
2015-03-25,182.247353969266,182.49143028272,179.31842490665744,179.36199951171875,0.0
2015-03-26,178.66460337974885,179.89369691310804,177.9323613137897,178.93482971191406,0.0
2015-03-27,178.81280301739346,179.5275940093562,178.61230134425392,179.34454345703125,0.0
2015-03-30,180.4254477086901,181.8463307255007,180.4080231903045,181.5325164794922,0.0
2015-03-31,180.6695309801132,181.4017731166195,179.88500198526447,179.94601440429688,0.0
2015-04-01,179.91118619228757,179.93733627699896,178.27237661084305,179.30970764160156,0.0
2015-04-02,179.23996850191517,180.42548777217425,179.04819234781723,179.95477294921875,0.0
2015-04-06,179.0220428236328,181.7068956882458,178.8825801393485,181.1664428710937,0.0
2015-04-07,181.1926175174464,181.977146764896,180.6521646270328,180.68702697753903,0.0
2015-04-08,180.92235345582355,181.7591827056256,180.5126510914467,181.29718017578125,0.0
2015-04-09,181.1228008309482,182.3431820859641,180.60849825213137,182.0991058349609,0.0
2015-04-10,182.36065136967133,183.13646815161448,182.1514507190909,183.09288024902344,0.0
2015-04-13,182.9446379885468,183.60714198947545,182.212409325458,182.26470947265625,0.0
2015-04-14,182.0555585391405,182.8052252228176,181.4017799185324,182.6134490966797,0.0
2015-04-15,183.1016072695569,183.9645865623997,183.01443146368004,183.432846069336,0.0
2015-04-16,183.0841624935632,183.91227941329487,182.8749485481021,183.3805389404297,0.0
2015-04-17,182.1340038970164,182.3867924376954,180.4516067084988,181.27101135253903,0.0
2015-04-20,182.2386222991097,183.2759532471008,182.1514597907471,182.92727661132807,0.0
2015-04-21,183.64206790327484,183.807693960852,182.39553629293889,182.7093505859375,0.0
2015-04-22,183.06668131099585,183.79892329608808,182.09908865681084,183.60714721679688,0.0
2015-04-23,183.1887985721592,184.74915795498967,183.0667604054431,184.06922912597656,0.0
2015-04-24,184.50504819291072,184.7752745630252,184.0256078744044,184.496322631836,0.0
2015-04-27,185.0890440946564,185.21979446757075,183.52868537170733,183.72918701171875,0.0
2015-04-28,183.70307224663972,184.3655630986715,182.4739653003704,184.31326293945312,0.0
2015-04-29,183.3805647521642,184.18253170423912,182.70936152234307,183.554916381836,0.0
2015-04-30,182.9534106707572,183.36311299754647,180.98334927781417,181.7155914306641,0.0
2015-05-01,182.53498169522777,183.729226328419,182.4303813745125,183.6856384277344,0.0
2015-05-04,184.13021565217025,184.81886994694736,184.0169030640525,184.20867919921875,0.0
2015-05-05,183.95584109545337,184.33068103166704,181.95091763264887,182.0991058349609,0.0
2015-05-06,182.6744364082823,182.99696289374447,180.23366056661283,181.3494415283203,0.0
2015-05-07,181.2449266209978,182.51762194637004,180.8962498941048,182.0730438232422,0.0
2015-05-08,183.82510081028693,184.67936773572936,183.7379250153574,184.4701538085937,0.0
2015-05-11,184.426564018127,184.705502596835,183.5112714514094,183.5897216796875,0.0
2015-05-12,182.71804659530707,183.6071892299153,181.8550540410261,183.0405731201172,0.0
2015-05-13,183.4677345222168,184.12151320845987,182.8313936585986,183.07546997070312,0.0
2015-05-14,184.13891190078428,185.0803546050532,183.8512477438278,184.9844665527344,0.0
2015-05-15,185.18492126464844,185.3331094456383,184.67933101712973,185.18492126464844,0.0
2015-05-18,185.01064821379904,186.0218157640453,184.94091022737496,185.76031494140625,0.0
2015-05-19,185.8823283790368,186.16999254685524,185.40288809933932,185.6992645263672,0.0
2015-05-20,185.803862669224,186.35304091965304,185.2372599005799,185.56851196289065,0.0
2015-05-21,185.42032211682096,186.32688919889284,185.24597052693588,186.1089630126953,0.0
2015-05-22,185.70800331436817,186.143855757963,185.59469072382305,185.6644287109375,0.0
2015-05-26,185.1501085048896,185.5946864999814,183.2323604569495,183.668212890625,0.0
2015-05-27,184.1476517067641,185.65569739049923,183.72051153687252,185.41162109375,0.0
2015-05-28,185.0890972058872,185.3157356843583,184.47890645526445,185.20242309570312,0.0
2015-05-29,185.1326765932793,185.17625119397863,183.77281918268736,184.0517578125,0.0
2015-06-01,184.74910119830585,185.0977777671887,183.59844457890705,184.42657470703125,0.0
2015-06-02,183.9471538285467,184.9670468661955,183.29337521714416,184.2435302734375,0.0
2015-06-03,184.80142743697635,185.38546808792563,184.217386786027,184.731689453125,0.0
2015-06-04,183.99074561415972,184.6793865801995,182.84008884924057,183.1713409423828,0.0
2015-06-05,183.01444444562784,183.56362279905449,182.16888961305347,182.8575439453125,0.0
2015-06-08,182.74418240655143,182.901096177423,181.654551474128,181.7330017089844,0.0
2015-06-09,181.70687866210932,182.27349481195685,181.04438774505843,181.70687866210932,0.0
2015-06-10,182.5088739198992,184.2871595912164,182.4478614857261,183.8861694335937,0.0
2015-06-11,184.3481486377408,184.87988915910475,184.104072329688,184.4789123535156,0.0
2015-06-12,183.615889679652,184.3481184840404,182.7790472595232,183.06671142578125,0.0
2015-06-15,181.87247848958148,182.57855720882472,181.1315241316928,182.2821807861328,0.0
2015-06-16,182.1252983477937,183.363131010648,181.9422477674688,183.2759552001953,0.0
2015-06-17,183.5723571777344,184.20871141989352,182.5001637262439,183.5723571777344,0.0
2015-06-18,184.199901127879,185.9694604424236,183.6071483708219,185.48130798339844,0.0
2015-06-19,185.2273312405489,185.30616308089523,184.26378641678363,184.657958984375,0.0
2015-06-22,185.62152655042703,186.21716279383384,185.38501763455136,185.60400390625,0.0
2015-06-23,185.82295139924307,186.08573754361385,185.32366975421127,185.7353515625,0.0
2015-06-24,185.4550521445312,185.84922466965853,184.36012103814505,184.3863983154297,0.0
2015-06-25,184.9120282483433,185.0434146757325,183.7470195839961,183.8258514404297,0.0
2015-06-26,184.2024533045626,184.4564848189448,183.21264462322128,183.790771484375,0.0
2015-06-29,182.24033909523,183.79951994776505,179.85776789826124,179.9365997314453,0.0
2015-06-30,181.54835045321383,181.6009183789625,179.81398314757698,180.3132781982422,0.0
2015-07-01,181.96003903364428,182.2228251893792,180.9351850555514,181.75857543945312,0.0
2015-07-02,182.25787455202789,182.43306087115323,181.15417534640537,181.59214782714844,0.0
2015-07-06,180.24314208529896,181.8899090089807,180.03291054859577,181.0752868652344,0.0
2015-07-07,181.2855812584192,182.345467212882,178.78913268717326,182.21408081054688,0.0
2015-07-08,180.81251749961183,181.1103355130794,178.91171895597742,179.156982421875,0.0
2015-07-09,181.3556620585692,181.62721625856088,179.36727636599818,179.48114013671875,0.0
2015-07-10,181.5746266670315,182.17903083392605,179.5249186482357,181.74105834960932,0.0
2015-07-13,183.06375795946693,183.86085778449564,183.01995803447707,183.7469940185547,0.0
2015-07-14,183.7031981318867,184.86820665975185,183.6418755623808,184.54409790039065,0.0
2015-07-15,184.5878819477045,185.0696543600193,183.9834777727877,184.48277282714844,0.0
2015-07-16,185.5864409922084,185.96310424804688,185.33242285313568,185.96310424804688,0.0
2015-07-17,185.9543721319732,186.1821264032252,185.52516760389543,186.1208038330078,0.0
2015-07-20,186.35725642675743,186.73390627560445,185.8842521151589,186.21710205078125,0.0
2015-07-21,186.0769899441842,186.3485441215209,185.16601302511464,185.4813537597656,0.0
2015-07-22,184.76309580665287,185.4988998577846,184.72806388319972,185.1485137939453,0.0
2015-07-23,185.28862533257544,185.39373444446784,183.7294444654981,184.1060943603516,0.0
2015-07-24,184.2112862175664,184.272595433975,181.8462367482291,182.1966094970703,0.0
2015-07-27,181.2681032917909,181.8024304027446,180.6724536007273,181.1367034912109,0.0
2015-07-28,182.01256401310368,183.51043550127488,181.1453872157186,183.3615264892578,0.0
2015-07-29,183.49293314472763,184.85940504449457,183.3440241162513,184.62290954589844,0.0
2015-07-30,184.08857545363145,184.84188856978184,183.440371443874,184.6667022705078,0.0
2015-07-31,185.1922660058269,185.2185432831115,184.08858026229865,184.3863983154297,0.0
2015-08-03,184.3514060696645,184.4127152745684,182.76593425913524,183.76451110839844,0.0
2015-08-04,183.68562987059343,184.1674022047048,182.8972848626714,183.40533447265625,0.0
2015-08-05,184.34258505088,185.0958981321652,183.7119037099968,184.00973510742188,0.0
2015-08-06,184.202480758152,184.31635789301,181.8899863347413,182.503158569336,0.0
2015-08-07,182.3367253380994,182.49438903193783,181.20674873548063,182.1527709960937,0.0
2015-08-10,183.31777731720828,184.53534039093205,183.31777731720828,184.44775390625,0.0
2015-08-11,183.04623344701992,183.48420596072464,181.9863340828759,182.783447265625,0.0
2015-08-12,181.4169829768748,183.19515038985085,179.88407911287055,183.00244140625,0.0
2015-08-13,182.83598265715665,183.5542639199288,182.2053012342841,182.7746734619141,0.0
2015-08-14,182.57320881353613,183.51923101163152,182.4242997683535,183.44039916992188,0.0
2015-08-17,182.81851845877503,184.46528625488284,182.3367459522559,184.4652862548828,0.0
2015-08-18,184.1761564291787,184.5440516564428,183.6856294594932,183.930892944336,0.0
2015-08-19,183.1513203829607,183.9571881066367,181.62718477408035,182.4768524169922,0.0
2015-08-20,180.8914292376596,182.4506105450691,178.60521184733358,178.66653442382812,-1.0
2015-08-21,176.7044038601271,178.64024844036604,173.0166824201754,173.28822326660156,0.0
2015-08-24,164.23096270775935,172.98164629388975,159.77239168943998,165.99160766601562,0.0
2015-08-25,171.1858605866133,171.20338322246744,163.73157625034523,164.0381622314453,0.0
2015-08-26,168.2515047122751,170.62530800115337,165.0017431225713,170.3362579345703,0.0
2015-08-27,172.57869942114934,174.68096221828736,170.99324100147743,174.54957580566406,0.0
2015-08-28,173.8750982579345,175.0488614565038,173.36704850798782,174.55833435058594,0.0
2015-08-31,173.533458697168,174.426926309811,172.56991388295893,173.14804077148438,0.0
2015-09-01,169.16252896034047,170.6078465275059,167.0690205138367,167.98001098632812,0.0
2015-09-02,170.4763464493997,171.21215012615374,168.54927085929742,171.16835021972656,0.0
2015-09-03,171.91292897466747,173.48087771847773,170.77421137874504,171.291015625,0.0
2015-09-04,168.9259964387414,169.81069606573203,167.839819840905,168.6982421875,0.0
2015-09-08,171.63265575357914,173.09548221713098,170.95817439919827,172.93780517578125,0.0
2015-09-09,174.59336357570913,174.7247499791846,170.2399158624223,170.6253204345703,0.0
2015-09-10,170.42387163509113,172.75388874214664,170.15233080040818,171.55384826660156,0.0
2015-09-11,171.14211894166715,172.40348173696066,170.39756042987744,172.33340454101562,0.0
2015-09-14,172.5173754735104,172.56993003814,171.18593525083097,171.69398498535156,0.0
2015-09-15,172.21953859683896,174.30429187237814,171.65017972091306,173.8400421142578,0.0
2015-09-16,174.15539205487974,175.54814140298538,173.79625139554884,175.34666442871094,0.0
2015-09-17,175.2065156556108,177.72047342828478,174.55831156975006,174.95248413085938,0.0
2015-09-18,172.3224288909687,174.93749800941887,171.66205478011815,172.09349060058594,0.0
2015-09-21,172.9651896065055,174.05699953998817,171.8821798244605,172.98280334472656,0.0
2015-09-22,170.7111044224918,171.22179531713178,169.54883960668798,170.73751831054688,0.0
2015-09-23,170.91363393161944,171.40671114263972,169.85703798866942,170.46458435058594,0.0
2015-09-24,169.1878466953379,170.33249787416,167.78785676452316,169.8482208251953,0.0
2015-09-25,171.38028616165408,171.69726626756187,168.88847294152956,169.80419921875,0.0
2015-09-28,168.86210290293502,168.9765720761497,165.2168374560548,165.54261779785156,0.0
2015-09-29,165.77153297049065,167.06586743851238,164.59165422433438,165.6394500732422,0.0
2015-09-30,167.62055859894025,168.90609280713295,166.801701132923,168.72999572753906,0.0
2015-10-01,169.12626044602666,169.4872682838063,167.13633741434165,169.1702880859375,0.0
2015-10-02,167.09224582341358,171.7236642529782,166.51991359431966,171.69725036621094,0.0
2015-10-05,172.9828113867875,174.99034770625653,172.86834223604748,174.7526092529297,0.0
2015-10-06,174.61171751492753,175.20165010759388,173.45826621916603,174.1538543701172,0.0
2015-10-07,175.13121348330955,175.95008438893245,173.88090674573922,175.5802764892578,0.0
2015-10-08,175.17528568932173,177.46458862455032,174.85830548960317,177.16522216796875,0.0
2015-10-09,177.31485587494183,177.7727055858376,176.61045413503476,177.2708282470703,0.0
2015-10-12,177.35005510317416,177.64942145114324,176.9010055812205,177.4381103515625,0.0
2015-10-13,176.67207940087448,178.00164119167238,176.14378818042215,176.31988525390625,0.0
2015-10-14,176.2582528117195,176.86579916604003,175.16644283963842,175.474609375,0.0
2015-10-15,176.17023936279395,178.1777759832443,175.7828176579091,178.16897583007812,0.0
2015-10-16,178.59155181344602,178.99657368911386,177.79029477698748,178.97897338867188,0.0
2015-10-19,178.3010174176939,179.06704711914062,177.97523714196993,179.06704711914062,0.0
2015-10-20,178.60919464570196,179.48087989661883,178.3450423072575,178.83811950683594,0.0
2015-10-21,179.2783872657981,179.43687062386982,177.55260345538156,177.7287139892578,0.0
2015-10-22,178.7236647347686,180.95132589906075,177.72871010392498,180.731201171875,0.0
2015-10-23,182.4834316466749,183.0997783065419,181.64696022004475,182.7123565673828,0.0
2015-10-26,182.52741222677568,182.5890401591984,181.8758382484236,182.2632598876953,0.0
2015-10-27,181.5588641684045,182.2632659509364,181.19785640749683,181.9110717773437,0.0
2015-10-28,182.2632999572725,184.00668428192256,181.56771163227413,183.9802703857422,0.0
2015-10-29,183.45192185259967,184.26197909881856,183.32865256372608,183.8745574951172,0.0
2015-10-30,184.0771215042934,184.411715428538,182.9148697935389,183.0821533203125,0.0
2015-11-02,183.4255280418681,185.4506646614082,183.2934451523244,185.24815368652344,0.0
2015-11-03,184.87835029297028,186.3663955448721,184.64061183426463,185.78526306152344,0.0
2015-11-04,186.09342410015972,186.2254935441381,184.65820677731764,185.2217254638672,0.0
2015-11-05,185.2833580498612,185.7676350821964,184.1034928695138,185.0368194580078,0.0
2015-11-06,184.6758482549845,185.1865392406532,183.548810712594,184.9399871826172,0.0
2015-11-09,184.2972127077764,184.45570948764137,182.21923487800407,183.21420288085932,0.0
2015-11-10,182.71234469051248,183.67209882207857,182.43059199375216,183.63687133789065,0.0
2015-11-11,183.9185935334397,183.97142131175283,182.84438392325376,182.91482543945312,0.0
2015-11-12,181.82303592251537,182.31611319231052,180.3438041131297,180.3614044189453,0.0
2015-11-13,179.92995698281712,180.21170964661903,178.24820084630753,178.33624267578125,0.0
2015-11-16,178.14252148216076,181.10979810249177,178.01923875373973,181.04815673828125,0.0
2015-11-17,181.3740009551547,182.29851419310955,180.3966464894362,180.9161376953125,0.0
2015-11-18,181.4179703152058,183.936197468852,181.3739561226392,183.78651428222656,0.0
2015-11-19,183.6632658029264,184.0683012161456,183.3198717628404,183.6280517578125,0.0
2015-11-20,184.42052580096052,185.01045856010552,183.9010345789993,184.29725646972656,0.0
2015-11-23,184.3588594851095,184.8871507510172,183.6016299121632,184.08590698242188,0.0
2015-11-24,183.02929524029423,184.7550789316977,182.6242732851437,184.3324432373047,0.0
2015-11-25,184.4644830775574,184.67580760849907,184.0330338651389,184.30599975585932,0.0
2015-11-27,184.40288008566887,184.72867381807512,183.9010026938574,184.5173492431641,0.0
2015-11-30,184.68463891310688,184.80790821811416,183.6368431028717,183.75131225585932,0.0
2015-12-01,184.4116842696972,185.62677700161723,184.1211180322665,185.5034942626953,0.0
2015-12-02,185.4506518542336,185.7852456955551,183.34626027215748,183.61041259765625,0.0
2015-12-03,183.8745595277725,184.1563121474505,180.28212293829907,181.0393524169922,0.0
2015-12-04,181.0393794176246,184.8783551601244,181.0393794176246,184.57017517089844,0.0
2015-12-07,184.2267952877294,184.6670447716696,182.43938345776,183.45196533203125,0.0
2015-12-08,181.81420110036703,183.39908818382372,181.1890410440759,182.2192230224609,0.0
2015-12-09,181.55011112582795,183.7425452807355,179.78029934061826,180.8016815185547,0.0
2015-12-10,180.87207348973075,182.64187135456856,180.6255348847388,181.268295288086,0.0
2015-12-11,179.0494921851286,179.74508054247408,177.42936367707958,177.75515747070312,0.0
2015-12-14,177.9224112695405,178.7852963913183,176.05574454841258,178.65321350097656,0.0
2015-12-15,180.23810504297407,181.47961159867032,178.62679059660468,180.52867126464844,0.0
2015-12-16,181.70853476936563,183.48714612402648,180.3261586267158,183.170166015625,0.0
2015-12-17,183.49595786950488,183.5663993908611,180.36138406355872,180.3789978027344,0.0
2015-12-18,179.60130971445557,179.74301768984645,176.9972347629615,177.16552734375,0.0
2015-12-21,178.3967268448599,178.8130253298507,177.2275446703393,178.62701416015625,0.0
2015-12-22,179.55698851787966,180.55787778655824,178.52067564040223,180.24786376953125,0.0
2015-12-23,181.3019457967708,182.5242701285836,181.2045139512596,182.47998046875,0.0
2015-12-24,182.2142090975193,182.75451037160383,181.9484847222592,182.17877197265625,0.0
2015-12-28,181.4525286060833,181.8068188712783,180.6376501838889,181.76254272460932,0.0
2015-12-29,182.9139936936594,184.04773876591764,182.8785700730983,183.70230102539065,0.0
2015-12-30,183.4454478477357,183.53402717462893,182.24969451121515,182.4002685546875,0.0
2015-12-31,181.6916471000736,182.3648038808816,180.5756072998047,180.5756072998047,0.0
2016-01-04,177.58181369236434,178.0601067967876,175.8989015142954,178.05125427246094,0.0
2016-01-05,178.38785586953972,178.8307254357653,177.19211614991465,178.35243225097656,0.0
2016-01-06,175.67752706131438,177.20099971723192,175.02208863827912,176.10269165039062,0.0
2016-01-07,173.01143058283716,174.8803407384994,171.470239589276,171.877685546875,0.0
2016-01-08,172.8873981560943,173.4719891417409,169.68987981468769,169.99102783203125,0.0
2016-01-11,170.95652268811628,171.3108264867547,168.13102591758206,170.15936279296875,0.0
2016-01-12,171.673963324657,172.3205491002269,169.30017544681635,171.53224182128906,0.0
2016-01-13,172.23198512206855,172.59514143855444,166.8555551940062,167.25413513183594,0.0
2016-01-14,167.89184339264744,171.17792777321037,166.21779709124797,169.99989318847656,0.0
2016-01-15,165.42948431760942,167.19209635776065,164.32231051739174,166.35064697265625,0.0
2016-01-19,168.2550256388983,168.38788111377028,164.92463757215813,166.57211303710938,0.0
2016-01-20,163.88830032084175,166.07607692205272,160.33649148791218,164.4374542236328,0.0
2016-01-21,164.93349157426195,167.2895474202875,163.5428746340109,165.358642578125,0.0
2016-01-22,168.09557051907177,168.96359107964994,167.29841071052334,168.7510223388672,0.0
2016-01-25,168.21957262021476,168.42328883422124,165.9963722869701,166.20008850097656,0.0
2016-01-26,166.89097566350577,168.75988588500158,166.5366853955276,168.46759033203125,0.0
2016-01-27,167.91841317650227,169.67217273686404,165.68634695357468,166.63409423828125,0.0
2016-01-28,168.25501993671526,168.46758868930647,165.77494753912893,167.50213623046875,0.0
2016-01-29,168.3081560514354,171.72710969041202,168.1841531117961,171.58538818359375,0.0
2016-02-01,170.53136813845987,172.34713621263424,169.92020592427022,171.5233917236328,0.0
2016-02-02,170.02647718813836,170.03532971329523,167.8829767532848,168.43214416503906,0.0
2016-02-03,169.53935690913747,169.86707611412857,165.72182281800477,169.44192504882812,0.0
2016-02-04,168.9193190408303,170.72622095793017,168.25501467912628,169.70762634277344,0.0
2016-02-05,169.16729398145046,169.76959000522453,165.81033565237206,166.47463989257812,0.0
2016-02-08,164.54376349415327,164.85376408335142,161.91311717237156,164.23374938964844,0.0
2016-02-09,162.40911143777276,165.58005883301598,162.26738994724334,164.24258422851562,0.0
2016-02-10,165.11061782027622,166.8200876814778,163.96800688920428,164.1008758544922,0.0
2016-02-11,161.50567467137796,163.0645842377615,160.39850072493826,161.9662628173828,0.0
2016-02-12,163.82628326342385,165.323170746345,162.94054430734312,165.3054656982422,0.0
2016-02-16,167.2009741678588,168.1221368877497,166.19123213159295,168.09556579589844,0.0
2016-02-17,169.31786698161423,171.231066425716,169.18499802517968,170.84133911132812,0.0
2016-02-18,171.12478774178626,171.1867959648015,169.81389768622523,170.14161682128906,0.0
2016-02-19,169.32672464947487,170.22131618263666,168.68899148206887,170.0618896484375,0.0
2016-02-22,171.71822045936187,172.6748202282403,171.6473597155222,172.5242462158203,0.0
2016-02-23,171.83337199866327,172.1168149759044,170.22132047504073,170.3453369140625,0.0
2016-02-24,168.8484590407684,171.4170971780335,167.68814291292853,171.1248016357422,0.0
2016-02-25,171.59424771683658,173.20629951328462,170.7970878602175,173.1974334716797,0.0
2016-02-26,174.10974702535694,174.20716535482495,172.6305507868779,172.79884338378906,0.0
2016-02-29,172.81656291103158,173.80858641584425,171.23994833432292,171.44366455078125,0.0
2016-03-01,172.7279886002679,175.56236472244888,172.23197683347837,175.47378540039062,0.0
2016-03-02,175.14605853473532,176.31522714571287,174.71204150022572,176.2620849609375,0.0
2016-03-03,176.07610094101355,176.97070624032366,175.4738047336402,176.95298767089844,0.0
2016-03-04,177.15664725875337,178.34354775510587,176.28862684883936,177.52865600585938,0.0
2016-03-07,176.56325139926864,178.09558996811654,176.48353811380704,177.67042541503906,0.0
2016-03-08,176.54551315376094,177.07694847223104,175.5623422719902,175.73062133789062,0.0
2016-03-09,176.58097527858482,176.96183666411673,175.75723075811695,176.59869384765625,0.0
2016-03-10,177.11236343278182,178.09553419148517,174.8271553580848,176.74034118652344,0.0
2016-03-11,178.2638746598892,179.6367731855901,176.7226970313689,179.5924835205078,0.0
2016-03-14,179.06103454189903,179.84047582409815,178.7155968048782,179.3621826171875,0.0
2016-03-15,178.35242349550086,179.3887366077584,178.07784654036928,179.0698699951172,0.0
2016-03-16,178.5649933958474,180.5313351186253,178.52070374140007,180.10617065429688,0.0
2016-03-17,180.0176177595184,181.7802299011961,179.60131930543335,181.2487945556641,0.0
2016-03-18,181.77408900930257,182.31717715269383,181.44467956634907,181.9610595703125,0.0
2016-03-21,181.6850771349233,182.4596403940998,181.44469028086257,182.21925354003903,0.0
2016-03-22,181.4090586273124,182.7178117919077,181.2399116069012,182.12130737304688,0.0
2016-03-23,181.72067443656024,181.91654318421345,180.7413306982944,180.91940307617188,0.0
2016-03-24,179.84210863969605,180.8748685635749,179.61063358848756,180.83924865722656,0.0
2016-03-28,181.275484820369,181.4980616636932,180.4742136184068,180.94607543945312,0.0
2016-03-29,180.51874676902617,182.73561737097725,180.1982355203708,182.619873046875,0.0
2016-03-30,183.67042757450423,184.1778957510572,183.03830331474825,183.421142578125,0.0
2016-03-31,183.3232020124373,183.7683557173376,182.80682208455144,182.9759826660156,0.0
2016-04-01,181.9343140051865,184.41826555610805,181.6048910449836,184.222396850586,0.0
2016-04-04,184.14231079139373,184.3559894923685,183.30541952717823,183.6259307861328,0.0
2016-04-05,182.2192138652372,183.6347993703481,181.52477518027663,181.7918701171875,0.0
2016-04-06,181.7919006835087,183.83961076410827,181.6049301207302,183.7772827148437,0.0
2016-04-07,182.63763863497567,183.0115660700708,180.8125059564073,181.5781707763672,0.0
2016-04-08,182.8157107598948,183.2697762096857,181.50695784875447,182.0678558349609,0.0
2016-04-11,182.735607829235,183.46566647389048,181.5425990823732,181.6405334472656,0.0
2016-04-12,181.8186178692612,183.6259411976416,181.35565411674028,183.33213806152344,0.0
2016-04-13,184.2936372756958,185.272980878799,184.1511848270602,185.18394470214844,0.0
2016-04-14,185.24625516931243,185.71811697376785,184.8278096317747,185.1928253173828,0.0
2016-04-15,185.19284979766505,185.3353022516173,184.64976170385896,184.9880828857422,0.0
2016-04-18,184.9880936641216,186.32355493145425,184.2936548919097,186.28794860839844,0.0
2016-04-19,186.7330494443791,187.14258317602523,186.020800919982,186.87548828125,0.0
2016-04-20,186.9200498550073,187.78364918422253,186.421479847422,187.05360412597656,0.0
2016-04-21,187.07137916354864,187.1871234681883,185.7626262503589,186.0475311279297,0.0
2016-04-22,185.67360366487725,186.3324224204882,185.103807494748,186.0475311279297,0.0
2016-04-25,185.4153767850252,185.771507824105,184.77435449969147,185.7269897460937,0.0
2016-04-26,186.10986904907872,186.5372264193278,185.5044664854136,186.00303649902344,0.0
2016-04-27,185.6024045737788,186.7954133567032,185.2284770560717,186.3858795166016,0.0
2016-04-28,185.5934941072153,186.7508829061371,184.2580329530624,184.6942749023437,0.0
2016-04-29,184.04440879057813,184.40943820790253,182.53978660430417,183.6971893310547,0.0
2016-05-02,184.2223859164785,185.3441682301506,183.7683340815423,185.1572113037109,0.0
2016-05-03,183.8663028591889,184.1155878644637,182.76231670367653,183.54579162597656,0.0
2016-05-04,182.50409999734904,183.26976482579656,181.99661831087283,182.5218963623047,0.0
2016-05-05,183.01162158874723,183.3855491372776,182.0411895995841,182.48634338378903,0.0
2016-05-06,181.67610881116852,183.1985402996192,181.515860015022,183.15402221679688,0.0
2016-05-09,183.0204981014956,183.7594412861112,182.833527570741,183.30538940429688,0.0
2016-05-10,184.04435143094548,185.6023894200237,183.97312520695743,185.58457946777344,0.0
2016-05-11,185.10380157054183,185.66468595466336,183.8484649658203,183.8484649658203,0.0
2016-05-12,184.5518524930384,184.72992487725563,182.8424635676744,183.9019317626953,0.0
2016-05-13,183.5903189495162,184.16901340121848,181.96105456416697,182.2993621826172,0.0
2016-05-16,182.4774106579385,184.59633303185728,182.41508261914035,184.09776306152344,0.0
2016-05-17,183.81285086066424,184.11555208180908,181.82745580342365,182.37945556640625,0.0
2016-05-18,182.0144462826194,183.67041858322384,181.293299465181,182.43289184570312,0.0
2016-05-19,181.6761539968928,182.1034978112492,180.53656143526592,181.80079650878903,0.0
2016-05-20,182.44178280972508,183.4923525600485,182.38836654166008,182.9492645263672,0.0
2016-05-23,182.9671088761885,183.26091201260925,182.5041587082065,182.7000274658203,0.0
2016-05-24,183.5546716928218,185.3976144981438,183.5279635581081,185.0681915283203,0.0
2016-05-25,185.7804744742048,186.75981821134425,185.0682257185593,186.3235626220703,0.0
2016-05-26,186.46601983367944,186.70640668164063,186.047574188531,186.37698364257807,0.0
2016-05-27,186.5461592876835,187.1871818772273,186.49274300272427,187.17828369140625,0.0
2016-05-31,187.46315080245057,187.57889512822143,186.2345220673899,186.82212829589844,0.0
2016-06-01,186.1810943102587,187.391913016313,185.9763273953785,187.2049560546875,0.0
2016-06-02,186.78649275281305,187.7925308636244,186.2879227890459,187.7747344970703,0.0
2016-06-03,187.18717430488988,187.5789118254325,185.9496472750025,187.21388244628903,0.0
2016-06-06,187.58778064270885,188.5404161535245,187.41862005032,188.1664886474609,0.0
2016-06-07,188.326725435726,189.0478722645503,188.30001730021496,188.46026611328125,0.0
2016-06-08,188.6027231088427,189.20813922672733,188.46918242806612,189.0745849609375,0.0
2016-06-09,188.30887882768283,188.9410029434259,188.0239875760173,188.8163604736328,0.0
2016-06-10,187.37410533625624,187.7302228697676,186.457076196689,187.02688598632807,0.0
2016-06-13,186.39476248249727,187.29396808844623,185.49555687654828,185.58457946777344,0.0
2016-06-14,185.18392188297747,185.842754187973,184.2223883506914,185.2195281982422,0.0
2016-06-15,185.2195631981212,186.3947755991034,184.76551127138572,184.9613800048828,0.0
2016-06-16,184.96139561792936,185.69145433804687,183.0383280276353,185.5133819580078,0.0
2016-06-17,185.404213720667,185.43106075516656,184.1334040169212,184.822509765625,0.0
2016-06-20,186.8808467754897,187.58784135973096,185.923257139476,186.01275634765625,0.0
2016-06-21,186.4154655342107,186.97032235949231,185.9500942566765,186.540756225586,0.0
2016-06-22,186.7287006635852,187.48940298761363,186.08434458234416,186.2364959716797,0.0
2016-06-23,187.7668361745653,188.7154677471591,187.2835759292362,188.66177368164065,0.0
2016-06-24,182.23611000621625,188.69755922858536,181.42171368201213,181.8870849609375,0.0
2016-06-27,180.4104487596663,180.41940687436045,177.77933030416722,178.62953186035156,0.0
2016-06-28,180.31196406988013,181.87810435086865,179.98978609442185,181.85125732421875,0.0
2016-06-29,183.3189765176304,185.189392434626,183.211588397814,184.94776916503903,0.0
2016-06-30,185.4399379922245,187.5251295924559,184.8582206352305,187.471435546875,0.0
2016-07-01,187.4715054627092,188.3754010859458,187.30146515118287,187.8652801513672,0.0
2016-07-05,186.99716092865776,187.1135071566925,185.88744732830372,186.513900756836,0.0
2016-07-06,185.99480111653523,187.75782850438017,185.30569564449817,187.63253784179688,0.0
2016-07-07,187.82049551155865,188.518545545553,186.71078194759843,187.51622009277344,0.0
2016-07-08,188.87651916348125,190.5679501076938,188.6348822698339,190.30841064453125,0.0
2016-07-11,190.79171555962813,191.57926487887352,190.5769256573808,190.97964477539065,0.0
2016-07-12,191.99091870338955,192.6800243227272,191.0064821043358,192.3667907714844,0.0
2016-07-13,192.8053218480908,192.8142663063408,191.8298433280448,192.33995056152344,0.0
2016-07-14,193.6644913478764,193.9061283236746,193.0022462629196,193.41390991210932,0.0
2016-07-15,194.00451513295704,194.2103468972117,192.6889561530084,193.15432739257807,0.0
2016-07-18,193.27965670396583,193.84347170967763,193.0111727176429,193.6734313964844,0.0
2016-07-19,193.23486456477264,193.51229294916624,192.97533875037024,193.4765014648437,0.0
2016-07-20,193.47651372722493,194.53253327741527,193.47651372722493,194.28195190429688,0.0
2016-07-21,194.16565055385388,194.39832939326232,193.0827701450125,193.5481414794922,0.0
2016-07-22,193.67345987834847,194.46995383965333,193.3960313920922,194.416259765625,0.0
2016-07-25,194.2014477150693,194.2551417829877,193.27966313403613,193.88821411132807,0.0
2016-07-26,193.78078907628296,194.35354845112056,193.09168347266785,193.9776763916016,0.0
2016-07-27,194.3714570080876,194.4430536391048,192.96639872874024,193.7718505859375,0.0
2016-07-28,193.56597996218096,194.29983509286464,193.082719835278,193.9955596923828,0.0
2016-07-29,193.71815905684736,194.68467944905063,193.422828070917,194.30880737304688,0.0
2016-08-01,194.37148523804245,194.78314885660365,193.67343505381865,194.1477508544922,0.0
2016-08-02,193.8882011185877,194.0492969672107,192.02674316239649,192.90377807617188,0.0
2016-08-03,192.84110636805536,193.5302119869233,192.527886472687,193.46755981445312,0.0
2016-08-04,193.58393218248915,194.0045539080737,191.74036308175496,193.6734313964844,0.0
2016-08-05,193.67340169961457,195.3021806304094,193.67340169961457,195.25743103027344,0.0
2016-08-08,195.4543179113941,195.5617196826135,194.86366962016044,195.1410980224609,0.0
2016-08-09,195.21269508579823,195.77649634939684,194.91736411169384,195.25743103027344,0.0
2016-08-10,195.37376101921583,195.4543020993692,194.4072270903968,194.774154663086,0.0
2016-08-11,195.3290297737889,195.93759429977183,195.05160136786787,195.6780548095703,0.0
2016-08-12,195.35587475140332,195.73176046813813,195.0874044618224,195.50802612304688,0.0
2016-08-15,195.8928841136513,196.4387965774736,195.8839396539919,196.0718688964844,0.0
2016-08-16,195.63335213198707,195.7049351183593,195.0605926513672,195.0605926513672,0.0
2016-08-17,195.0963677415063,195.5706835064065,194.2193328477216,195.427490234375,0.0
2016-08-18,195.40064127157012,195.90180406306533,195.2843086878986,195.8660125732422,0.0
2016-08-19,195.3737276046521,195.7675021367123,194.8636205285977,195.57955932617188,0.0
2016-08-22,195.3290570172032,195.81233092225,194.94424044064988,195.57069396972656,0.0
2016-08-23,196.2150131271437,196.5282466605344,195.9017795937531,195.9644317626953,0.0
2016-08-24,195.8123308517527,195.9107745245481,194.5236186463088,194.962142944336,0.0
2016-08-25,194.55938165448129,195.26638983441225,194.3982994802149,194.827865600586,0.0
2016-08-26,195.0247830258753,196.09870532042865,193.53023900380867,194.46096801757807,0.0
2016-08-29,194.5952077414643,195.6959770177435,194.55940259511087,195.4185485839844,0.0
2016-08-30,195.3290075141362,195.62433845778168,194.51462496056035,195.0963287353516,0.0
2016-08-31,194.74732041769263,194.87261110248505,193.7270923684801,194.5414886474609,0.0
2016-09-01,194.5325429846215,194.85472100265912,193.33333011690527,194.55044555664065,0.0
2016-09-02,195.44539280729444,195.87495896772705,194.82788377036263,195.427490234375,0.0
2016-09-06,195.7227964760769,196.09866852586143,194.97105237650783,196.01812744140625,0.0
2016-09-07,195.84809116730924,196.1881717384045,195.364830995028,196.000228881836,0.0
2016-09-08,195.6512085520669,195.9375950726381,195.230586884766,195.55276489257807,0.0
2016-09-09,194.17454366431707,194.22823771646884,190.84537587431475,190.87222290039065,0.0
2016-09-12,190.07576337362767,194.0313852413552,190.00416673935723,193.6107635498047,0.0
2016-09-13,192.26833378652933,192.54576217549177,190.1741836998517,190.82748413085932,0.0
2016-09-14,190.88119584363903,192.143060880159,190.17420129203256,190.7559051513672,0.0
2016-09-15,190.58589203679048,193.0648590280532,190.3979491572156,192.66213989257807,0.0
2016-09-16,192.0163298655444,192.2052221236057,191.1978333463259,191.9173889160156,0.0
2016-09-19,192.60098011353023,193.275573733253,191.61157064807995,191.953369140625,0.0
2016-09-20,192.852794416876,193.01469027017623,191.92635376839576,191.9623260498047,0.0
2016-09-21,192.69988742373587,194.30991120959712,191.98031827670607,194.1210327148437,0.0
2016-09-22,195.18237295747352,195.6590845676474,194.9215361937448,195.34426879882807,0.0
2016-09-23,194.93055685655503,195.0744734437569,194.175015360707,194.27395629882807,0.0
2016-09-26,193.4014662906742,193.59034478808672,192.49300491146104,192.69989013671875,0.0
2016-09-27,192.5289839636717,193.99509114288384,192.1422098942543,193.8961639404297,0.0
2016-09-28,194.13002275527708,195.0204911205891,193.12263418213692,194.85858154296875,0.0
2016-09-29,194.64272637082024,195.0654727736645,192.5200047165148,193.0956573486328,0.0
2016-09-30,193.9681393934368,195.29034393670585,193.7073025757239,194.55279541015625,0.0
2016-10-03,194.12105375882803,194.31892191418748,193.4194638140531,194.08506774902344,0.0
2016-10-04,194.2020006878082,194.4358548517607,192.47504279145417,193.0956573486328,0.0
2016-10-05,193.7522829044417,194.39989386880544,193.6803246056633,193.95016479492188,0.0
2016-10-06,193.71628663405443,194.31892191418748,193.149637363726,194.08506774902344,0.0
2016-10-07,194.372870559624,194.5527594066164,192.6549025628728,193.41943359375,0.0
2016-10-10,194.4268951416016,194.9125965490841,194.2739888887896,194.4268951416016,0.0
2016-10-11,193.9771301073741,194.04908839972228,191.2067976128541,191.9713287353516,0.0
2016-10-12,192.1152765068296,192.77189088435685,191.5935890960987,192.2232208251953,0.0
2016-10-13,190.82903573651728,192.11525424480985,189.9745532777292,191.59356689453125,0.0
2016-10-14,192.6189456230213,193.10466068029348,191.6115569481476,191.6925048828125,0.0
2016-10-17,191.6654934522961,191.93533358529407,190.83799377583776,191.02688598632807,0.0
2016-10-18,192.6999325803274,192.7628875184512,191.8274570153551,192.2232208251953,0.0
2016-10-19,192.50201620858567,193.05967580916268,192.1242454735521,192.73587036132807,0.0
2016-10-20,192.367095268238,192.9607408952312,191.68351206798707,192.3760986328125,0.0
2016-10-21,192.376111615009,192.5560004983049,191.368709164196,192.466049194336,0.0
2016-10-24,193.38348683603687,193.6713200089229,192.9157647924177,193.2845458984375,0.0
2016-10-25,193.09563575077087,193.36547589415977,192.46601789929025,192.6369171142578,0.0
2016-10-26,191.7734866217951,192.86182334528817,191.52162570206417,192.2501983642578,0.0
2016-10-27,193.0057270493085,193.0416993356413,191.65653985523852,191.73748779296875,0.0
2016-10-28,191.71047189986777,192.4210376600064,190.4242535857436,191.17079162597656,0.0
2016-10-31,191.52160957958208,191.7554774729358,191.00892559154047,191.1798248291016,0.0
2016-11-01,191.52160510797896,191.5755841222445,188.5264217367034,189.79464721679688,0.0
2016-11-02,189.4708248518968,189.87559193725227,188.1935961210454,188.6523284912109,0.0
2016-11-03,188.87722984086489,189.10209438786708,187.5010599111826,187.78887939453125,0.0
2016-11-04,187.90579093166824,188.78725600784875,187.4290792468718,187.5819854736328,0.0
2016-11-07,187.58196859888545,191.75545316887545,187.58196859888545,191.719467163086,0.0
2016-11-08,191.30577873546403,193.17665355559447,191.0269488719437,192.5830078125,0.0
2016-11-09,191.0179199502477,195.2723668152657,190.99093730413904,194.624755859375,0.0
2016-11-10,195.45219571754183,196.36064321524725,193.58132172183687,195.1103973388672,0.0
2016-11-11,194.35490836437063,194.91256799583223,193.6713251475905,194.6607208251953,0.0
2016-11-14,195.20937762575736,195.4252524965625,194.0310897874738,194.8136138916016,0.0
2016-11-15,195.21834640619312,196.33367919921875,195.0024852830933,196.33367919921875,0.0
2016-11-16,195.68605977153751,196.20774700380915,195.56013621372287,195.9648895263672,0.0
2016-11-17,196.1268126122268,197.03526021878136,196.009878684535,196.9723052978516,0.0
2016-11-18,197.04425277710985,197.22414161586704,196.3426629740711,196.53155517578125,0.0
2016-11-21,197.13420579010028,198.0426534180644,196.9812995789364,198.0156707763672,0.0
2016-11-22,198.3394666587108,198.5913137855271,197.63789055905968,198.4024353027344,0.0
2016-11-23,197.8627803337292,198.56435652304663,197.65590882268447,198.5103912353516,0.0
2016-11-25,198.8701693503185,199.283912344646,198.7892076995676,199.24794006347656,0.0
2016-11-28,198.9241232833081,199.2119426901592,198.20455417922167,198.3124847412109,0.0
2016-11-29,198.3484764651465,199.1759761550865,198.03366068408,198.6992645263672,0.0
2016-11-30,199.34687188746577,199.5177710956544,198.1595807935064,198.22254943847656,0.0
2016-12-01,198.53739484324737,198.53739484324737,197.1162493104383,197.49403381347656,0.0
2016-12-02,197.5839669024883,198.1056542678351,197.2151857731608,197.59295654296875,0.0
2016-12-05,198.46544232522243,199.1400359615755,198.25857078630744,198.7802581787109,0.0
2016-12-06,198.9780693669092,199.44579129813545,198.47437516003683,199.4098052978516,0.0
2016-12-07,199.247932586666,202.08121969135183,199.1220090203385,202.0182647705078,0.0
2016-12-08,201.99131161045344,203.0076899282097,201.71246807143712,202.5129852294922,0.0
2016-12-09,202.74685614350017,203.75424483617869,202.71087013325217,203.7362518310547,0.0
2016-12-12,203.637293586456,204.141001614636,203.0616409931764,203.5023803710937,0.0
2016-12-13,204.1949597879684,205.38223721572035,204.176966785,204.8605499267578,0.0
2016-12-14,204.54577124508043,205.28331975542372,202.71086902245176,203.1696014404297,0.0
2016-12-15,203.42144598515503,204.9055463515089,203.17858845669377,204.006088256836,0.0
2016-12-16,204.4847040630493,204.548043859178,203.2723295607755,203.60708618164065,0.0
2016-12-19,203.79708347592145,204.4937521773268,203.6432760129812,204.0504150390625,0.0
2016-12-20,204.61138028792013,204.9913914730079,204.3671051331958,204.8375701904297,0.0
2016-12-21,204.70188944856483,204.8828386339311,204.26760864257807,204.26760864257807,0.0
2016-12-22,204.11376684004065,204.24043262906247,203.49852314655163,203.9147186279297,0.0
2016-12-23,203.9599724541114,204.2223604980963,203.76093802129387,204.2133178710937,0.0
2016-12-27,204.4937503058456,205.1361218330977,204.47565124991985,204.71994018554688,0.0
2016-12-28,204.99138610554365,205.0094713572849,202.9104362958359,203.02804565429688,0.0
2016-12-29,203.1003974266493,203.4713521143973,202.5213519309955,202.9827880859375,0.0
2016-12-30,203.32658380419127,203.4170652698344,201.51706493559573,202.24087524414065,0.0
2017-01-03,203.60707721190025,204.32184496697857,202.5575666562389,203.7880401611328,0.0
2017-01-04,204.1318671691956,205.15424998823164,204.12282454271727,205.0004425048828,0.0
2017-01-05,204.71996082888924,205.0004340991153,204.00519300585887,204.8375701904297,0.0
2017-01-06,204.955175650971,206.05898338430003,204.38517272811924,205.57041931152344,0.0
2017-01-09,205.2990000126032,205.44376485901475,204.85566284754333,204.8918609619141,0.0
2017-01-10,204.9099462135638,205.78756411232288,204.48470810568932,204.8918609619141,0.0
2017-01-11,204.8013744452201,205.4709014892578,204.10470571883968,205.4709014892578,0.0
2017-01-12,204.9280432537804,205.1542331469965,203.53471958600483,204.95518493652344,0.0
2017-01-13,205.13612949619755,205.74231673977755,205.0999451885289,205.4256591796875,0.0
2017-01-17,204.75609609885603,205.18133411817047,204.29467377824224,204.70181274414065,0.0
2017-01-18,204.9642454972696,205.1994918423418,204.3851998721895,205.1542510986328,0.0
2017-01-19,205.235645799506,205.3804106357493,203.9418463151092,204.39422607421875,0.0
2017-01-20,205.1090045205665,205.66090844482952,204.4485338589194,205.14520263671875,0.0
2017-01-23,205.1451925468349,205.20851853868228,203.8151948571493,204.6113739013672,0.0
2017-01-24,204.8375563057137,206.3575595264247,204.7199469521453,205.9232788085937,0.0
2017-01-25,206.9185077572677,207.7056579589844,206.7466012326913,207.7056579589844,0.0
2017-01-26,207.5518361217244,207.83232318005489,207.19898044796,207.488510131836,0.0
2017-01-27,207.56993505837983,207.7237425257744,206.9727904398821,207.1627960205078,0.0
2017-01-30,206.43901359789984,206.46615528373445,204.84664153827475,205.8780670166016,0.0
2017-01-31,205.3623495047488,205.92330989740256,204.76521860465644,205.85997009277344,0.0
2017-02-01,205.8599354289952,206.8189783250428,205.3261306178796,205.9413604736328,0.0
2017-02-02,205.94131943975492,206.3756138690256,205.2175230020349,206.07704162597656,0.0
2017-02-03,207.02707832832897,207.6875489070684,206.70136435152668,207.4975433349609,0.0
2017-02-06,207.0723340622121,207.4885295703913,206.773761724819,207.12661743164065,0.0
2017-02-07,207.53377761620968,207.78710921948127,206.9366329204108,207.1356811523437,0.0
2017-02-08,207.13564336189987,207.5427823781969,206.5656404557633,207.40707397460932,0.0
2017-02-09,207.4070692730157,208.95420026098031,207.4070692730157,208.63754272460932,0.0
2017-02-10,208.9994388435352,209.69610750522983,208.65562582506936,209.4608612060547,0.0
2017-02-13,209.97660479475545,210.8723217481449,209.9494631118226,210.60089111328125,0.0
2017-02-14,210.4109115405629,211.4513934685872,210.0490131863598,211.4423370361328,0.0
2017-02-15,211.2161599060809,212.7452060854427,211.1618765302164,212.5461578369141,0.0
2017-02-16,212.5732641812388,212.7632697707113,211.5780369096057,212.3651733398437,0.0
2017-02-17,211.6684649433403,212.69989013671875,211.65036588927168,212.69989013671875,0.0
2017-02-21,213.088965415583,214.1475323943364,213.0799089848664,213.96658325195312,0.0
2017-02-22,213.5413635445549,214.011828594117,213.3694570125652,213.776596069336,0.0
2017-02-23,214.31942204883532,214.3375072977765,213.12513295311047,213.9213256835937,0.0
2017-02-24,213.03465807588887,214.237975949792,212.98941734400137,214.1927490234375,0.0
2017-02-27,214.10231924061785,214.7085065387422,213.8399450211901,214.52755737304688,0.0
2017-02-28,214.12945074400585,214.38278232504143,213.5413625320737,213.9485015869141,0.0
2017-03-01,215.68562212003053,217.4318151781713,215.6675230640221,216.9432373046875,0.0
2017-03-02,216.7441752615805,216.7532316917736,215.5227582669532,215.57704162597656,0.0
2017-03-03,215.48659391175883,215.88469034766777,215.08849747584992,215.71278381347656,0.0
2017-03-06,214.8804137133829,215.4413602703578,214.4370765214127,215.07041931152344,0.0
2017-03-07,214.75372301686733,215.12467773822783,214.21086177558203,214.42800903320312,0.0
2017-03-08,214.73561853909493,215.00704915288452,213.8851423918034,214.0299072265625,0.0
2017-03-09,214.15658098504232,214.64515886917496,213.2880195551943,214.3013458251953,0.0
2017-03-10,215.3056234305116,215.35086416748223,214.05705087890016,215.0522918701172,0.0
2017-03-13,214.9889821306762,215.20612941516995,214.6451828538152,215.160888671875,0.0
2017-03-14,214.59087125162785,214.64516842325327,213.6951681000744,214.3375396728516,0.0
2017-03-15,214.93469121014112,216.6356436984118,214.69040224935972,216.1923065185547,0.0
2017-03-16,216.3370775746205,216.41850262870432,215.4232753103172,215.7670745849609,0.0
2017-03-17,216.04238451685137,216.24229866329648,215.38812255859372,215.3881225585937,0.0
2017-03-20,215.3881418780477,215.6880131246126,214.74297569213823,215.15188598632807,0.0
2017-03-21,215.78791509897783,215.91513191058385,212.25309026336257,212.389389038086,0.0
2017-03-22,212.42579138972488,213.1890924274103,211.7715293958244,212.88922119140625,0.0
2017-03-23,212.8892222592655,213.8524374591184,212.27131585392425,212.6620483398437,0.0
2017-03-24,212.9800786939072,213.5798072507289,211.68973260863265,212.507553100586,0.0
2017-03-27,210.7537766118364,212.56208595692783,210.4630012123415,212.2894744873047,0.0
2017-03-28,211.9714302471048,214.27951101110537,211.85329538002304,213.83425903320312,0.0
2017-03-29,213.5344081435516,214.2795314095665,213.2981383868964,214.0341796875,0.0
2017-03-30,213.97059019319147,214.9247235075184,213.78885381560465,214.71571350097656,0.0
2017-03-31,214.3612926275425,214.9155975140273,214.16137848057457,214.2159118652344,0.0
2017-04-03,214.2704566340701,214.47945277031212,212.55302225316728,213.84336853027344,0.0
2017-04-04,213.54350520725305,214.07055041589152,213.14367685134812,213.97967529296875,0.0
2017-04-05,214.6884479499234,215.7152785607225,213.1254901867375,213.3435821533203,0.0
2017-04-06,213.4889962103799,214.4885532838496,213.0255524724497,213.9433441162109,0.0
2017-04-07,213.6797669142036,214.45216372810623,213.2163371452188,213.72520446777344,0.0
2017-04-10,213.8706100464544,214.6884305902173,213.2981273464632,213.85243225097656,0.0
2017-04-11,213.45259731524268,213.70703098164947,212.035034355092,213.59799194335932,0.0
2017-04-12,213.3072283718636,213.5071425302024,212.4257924552596,212.6620483398437,0.0
2017-04-13,212.3075919541252,213.0799885876432,211.28076171875,211.28076171875,0.0
2017-04-17,211.8260539223296,213.1527557373047,211.61705779493897,213.1527557373047,0.0
2017-04-18,212.38037903554,213.08007866924743,211.7988142903486,212.5166778564453,0.0
2017-04-19,213.10729316740745,213.49802561473885,211.88963054170844,212.1259002685547,0.0
2017-04-20,212.7710822023688,214.3158759092915,212.4348692468033,213.85243225097656,0.0
2017-04-21,213.7706561656657,213.82517568731896,212.7529214532172,213.17091369628903,0.0
2017-04-24,215.5244170474484,215.73342701993212,213.14363899813412,215.5153350830078,0.0
2017-04-25,216.18776827049768,217.1328055706722,216.09689316646808,216.7693328857422,0.0
2017-04-26,216.7330137256203,217.6598872532499,216.5876329465697,216.633056640625,0.0
2017-04-27,216.96928068549087,217.1328392594077,216.25140330282144,216.81480407714844,0.0
2017-04-28,217.0874084588403,217.1146682220084,216.2059724748126,216.34228515625,0.0
2017-05-01,216.88748168945312,217.33274757133503,216.45131163849683,216.88748168945312,0.0
2017-05-02,217.03285502229508,217.16007185240167,216.5421654963395,216.96925354003903,0.0
2017-05-03,216.9692790329281,217.0692361158703,215.99696796561847,216.70574951171875,0.0
2017-05-04,217.0238204398645,217.10559973444592,216.06968707295528,216.960205078125,0.0
2017-05-05,217.35093174612416,217.8325393690544,216.8874880543864,217.8143615722656,0.0
2017-05-08,217.859779157587,218.01425575213807,217.3327340238036,217.7779998779297,0.0
2017-05-09,218.05062011544533,218.2596162381768,217.21460789332852,217.57809448242188,0.0
2017-05-10,217.5326257974652,217.9687957763672,217.3145338752173,217.9687957763672,0.0
2017-05-11,217.4962845543818,217.6961986838164,216.387674878642,217.52354431152344,0.0
2017-05-12,217.26005229679487,217.56900550806373,216.87840176541656,217.1600952148437,0.0
2017-05-15,217.6053390844361,218.48677493639025,217.5871612898489,218.35955810546875,0.0
2017-05-16,218.6685200540524,218.69577981422907,217.7507424417157,218.1596527099609,0.0
2017-05-17,218.1596741000884,218.1596741000884,214.22501989685983,214.28863525390625,0.0
2017-05-18,214.2068346882577,216.04240389499,213.93422320359903,215.15188598632807,0.0
2017-05-19,215.6607364337032,217.25095379285372,215.6062169141704,216.5512542724609,0.0
2017-05-22,217.0874018376213,217.8234570175013,217.01471838178767,217.6508026123047,0.0
2017-05-23,218.04151014612668,218.30503963933057,217.64168185684812,218.13238525390625,0.0
2017-05-24,218.37773498511635,218.75028964622896,218.02333038732564,218.6412506103516,0.0
2017-05-25,219.17739667246207,219.97705331306847,218.959318581821,219.686264038086,0.0
2017-05-26,219.48634815592703,219.81347915491804,219.40456887257824,219.64083862304688,0.0
2017-05-30,219.30458706949395,219.7134973057344,219.14102852123543,219.44998168945312,0.0
2017-05-31,219.7589500042777,219.7953055945703,218.66851801061523,219.39547729492188,0.0
2017-06-01,219.877065704098,221.1583297711005,219.5771945055063,221.14015197753903,0.0
2017-06-02,221.1947141606308,222.03980840433223,220.88576093845887,221.8762359619141,0.0
2017-06-05,221.6944839473786,221.9943551826588,221.5036517556201,221.7126617431641,0.0
2017-06-06,221.12196620474617,221.7035307873822,220.92205207956565,221.0038452148437,0.0
2017-06-07,221.3582764973896,221.6490519092188,220.6585769309817,221.4127960205078,0.0
2017-06-08,221.5127228454897,222.02159014588275,220.96749995758628,221.5218048095703,0.0
2017-06-09,221.80352958807416,222.6395279663287,219.8589213490569,221.1856231689453,0.0
2017-06-12,220.9311558811608,221.1946714926296,220.2496342113417,221.14015197753903,0.0
2017-06-13,221.70357913957704,222.276061883412,221.3401063957558,222.22154235839844,0.0
2017-06-14,222.50319087596355,222.51227283976607,221.07653222013352,221.93980407714844,0.0
2017-06-15,220.5222826798676,221.63998845954745,220.2315072437472,221.5127716064453,0.0
2017-06-16,221.6798834742125,221.7346688742361,220.63891907412,221.5611724853516,0.0
2017-06-19,222.4286023304075,223.4695665518827,222.32815780319444,223.40565490722656,0.0
2017-06-20,223.0312846467796,223.0404109014327,221.88074956588903,221.8990020751953,0.0
2017-06-21,222.3099267541348,222.4286238008716,221.35114052604504,221.8442230224609,0.0
2017-06-22,221.85334387075685,222.37381901975647,221.5611365404176,221.74375915527344,0.0
2017-06-23,221.8077016266373,222.3555695129305,221.4059234834276,222.0085906982422,0.0
2017-06-26,222.71164052264768,223.14995145708505,221.9354910343512,222.15463256835932,0.0
2017-06-27,221.9263992197815,222.236873015982,220.3466932739113,220.36495971679688,0.0
2017-06-28,221.43330999405228,222.547326111566,221.1867617888417,222.3373107910156,0.0
2017-06-29,222.4925611999748,222.5473465987954,219.11399358496283,220.3832397460937,0.0
2017-06-30,221.2324407995573,221.6250927122512,220.59325459272176,220.7941436767578,0.0
2017-07-03,221.780311543246,222.23687508714545,221.16851806640625,221.16851806640625,0.0
2017-07-05,221.55200286845047,221.89898164509552,220.7027875346457,221.67984008789065,0.0
2017-07-06,220.876281493978,221.00411871203164,219.46093190846207,219.65269470214844,0.0
2017-07-07,220.2553550247053,221.23239360389,219.66181415459585,221.07716369628903,0.0
2017-07-10,221.07718244585,221.7072423163316,220.75758241690028,221.3145904541016,0.0
2017-07-11,221.3145636746151,221.4789337629098,219.92662080987083,221.15020751953125,0.0
2017-07-12,222.163790936039,222.98559962224653,222.163790936039,222.8121032714844,0.0
2017-07-13,222.8212781718861,223.30523441877068,222.58385620934465,223.1865234375,0.0
2017-07-14,223.1864833631417,224.60183289638587,223.0860388431512,224.2274475097656,0.0
2017-07-17,224.1453183611221,224.54709652879325,224.01748111988263,224.2001037597656,0.0
2017-07-18,223.7709200584433,224.3735872753841,223.41480105447164,224.3188018798828,0.0
2017-07-19,224.6474993736728,225.5423598962533,224.63835918678583,225.53323364257807,0.0
2017-07-20,225.7980689591841,225.92590619630045,225.05843823492413,225.6337127685547,0.0
2017-07-21,225.03099171676968,225.46016246727743,224.7935698094697,225.43276977539065,0.0
2017-07-24,225.35062986758967,225.52412624512567,224.88494006463543,225.37803649902344,0.0
2017-07-25,226.16332662298296,226.272911355956,225.68851053522016,225.9259185791016,0.0
2017-07-26,226.22723543147293,226.2637543842788,225.66110109709416,225.93502807617188,0.0
2017-07-27,226.4190068910229,226.4555258452224,224.3370642380824,225.7250213623047,0.0
2017-07-28,225.2227678832328,225.59715329538605,224.7479518774509,225.460189819336,0.0
2017-07-31,225.8802501115417,225.98069465157923,225.11322667846272,225.33238220214844,0.0
2017-08-01,225.96240142479573,225.9989203722226,225.28668246510043,225.8345642089844,0.0
2017-08-02,225.97157604934608,226.0902870370146,224.9671306149532,225.94418334960932,0.0
2017-08-03,225.82546075870087,225.85285345703005,225.21366727399263,225.50587463378903,0.0
2017-08-04,226.0172078369459,226.2637421047362,225.51498518053685,225.9167633056641,0.0
2017-08-07,225.9898131961008,226.3367919921875,225.88022847814625,226.3367919921875,0.0
2017-08-08,226.0080516402756,227.28643775996483,225.3871319877614,225.7797698974609,0.0
2017-08-09,225.05843763525576,225.82546105591013,224.68405217997903,225.7706756591797,0.0
2017-08-10,224.8939957235286,225.0309731048441,222.5290006314997,222.5837860107422,0.0
2017-08-11,222.82127804771525,223.5335160685151,222.57472983029567,222.9125823974609,0.0
2017-08-14,224.25487702827044,225.35062674151249,224.21835807555493,225.12234497070312,0.0
2017-08-15,225.5240957183977,225.54236215914312,224.7753388463784,225.0949249267578,0.0
2017-08-16,225.642763452902,226.0628079102996,225.0400964226744,225.487533569336,0.0
2017-08-17,224.84843530967248,225.17716164228423,221.9720764160156,221.9720764160156,0.0
2017-08-18,221.79858927403268,222.97653115383795,221.1594030265336,221.62510681152344,0.0
2017-08-21,221.5611606937138,222.0725096443393,220.82152996632945,221.798568725586,0.0
2017-08-22,222.41033125862003,224.28223030365888,222.39206481886623,224.1178741455078,0.0
2017-08-23,223.1043309959144,223.7617835783127,222.9491010713499,223.31434631347656,0.0
2017-08-24,223.71613762465583,223.88049381333545,222.5747287592239,222.7938842773437,0.0
2017-08-25,223.62480616260555,224.2731324905752,223.1591163889121,223.31434631347656,0.0
2017-08-28,223.8713541908906,223.89874688736825,222.88517531805704,223.323486328125,0.0
2017-08-29,221.94464223685907,223.85307428717067,221.82593127045288,223.5791473388672,0.0
2017-08-30,223.5608835346184,224.9214477711577,223.36912073533227,224.63836669921875,0.0
2017-08-31,225.2867258574899,226.2455121273525,224.67493235446872,225.9898376464844,0.0
2017-09-01,226.3824390373611,226.75682444284712,226.1541572925348,226.30938720703125,0.0
2017-09-05,225.7797859114697,226.0172078580923,223.6704646875671,224.6840362548828,0.0
2017-09-06,225.39621864898217,225.79799667507456,224.8392107370285,225.4510040283203,0.0
2017-09-07,225.77065300040687,225.78891944188845,224.99448946938548,225.4236602783203,0.0
2017-09-08,225.12235688264568,225.64284603557417,224.9032152883299,225.1588897705078,0.0
2017-09-11,226.49199302173795,227.64254184760432,226.4737405154179,227.56036376953125,0.0
2017-09-12,227.9438809379231,228.3639115248632,227.7521181512165,228.327392578125,0.0
2017-09-13,228.0260920668483,228.4735293452053,227.9073810896241,228.4369964599609,0.0
2017-09-14,228.09912142667292,228.57395135556564,227.91649881808715,228.36392211914065,0.0
2017-09-15,228.21252688627,228.7631136627366,228.1024123314486,228.67135620117188,0.0
2017-09-18,229.0567565820061,229.5247574126012,228.7539275731416,229.1576995849609,0.0
2017-09-19,229.4146746368613,229.4789174668927,229.04761675838657,229.3871459960937,0.0
2017-09-20,229.478896851382,229.58901140456,228.4235810414416,229.4697113037109,0.0
2017-09-21,229.30453140414448,229.39628886111052,228.67134474093555,228.85487365722656,0.0
2017-09-22,228.54288578726485,229.0751294757084,228.51535714841083,228.90077209472656,0.0
2017-09-25,228.63464053403976,229.0017123849998,227.6527530877353,228.4327545166016,0.0
2017-09-26,228.88240461382648,229.1393478997093,228.32263231193355,228.5704040527344,0.0
2017-09-27,229.30452523792505,229.864297519093,228.3776811316872,229.4605255126953,0.0
2017-09-28,229.16689720190087,229.81844102280004,229.0751397357309,229.73585510253903,0.0
2017-09-29,229.7266802964823,230.6259959225773,229.5339798068625,230.5433959960937,0.0
2017-10-02,230.78196655897293,231.5436248779297,230.5984236369234,231.5436248779297,0.0
2017-10-03,231.54359411758657,232.0666521693348,231.460994212694,232.03912353515625,0.0
2017-10-04,231.88313723497137,232.5713811355845,231.7638371447772,232.3144378662109,0.0
2017-10-05,232.6631764977968,233.70930683709128,232.3511759059139,233.6909637451172,0.0
2017-10-06,233.22291868302065,233.727633694219,232.94763231542012,233.4248046875,0.0
2017-10-09,233.6634286209589,233.7276574458065,232.76411305421323,233.03941345214844,0.0
2017-10-10,233.6358927489465,234.04883633188624,233.06693487686383,233.6542358398437,0.0
2017-10-11,233.55328641966787,234.02130126953125,233.3789430467727,234.02130126953125,0.0
2017-10-12,233.69094925628212,234.05800710605027,233.4248204131948,233.672592163086,0.0
2017-10-13,234.13137333482555,234.25067341253168,233.6725441157793,233.9570159912109,0.0
2017-10-16,234.1956731154996,234.47095951200643,233.8377867976808,234.26907348632807,0.0
2017-10-17,234.21400676724096,234.4801356096181,233.98459211115832,234.4342498779297,0.0
2017-10-18,234.8288223340732,234.87470806301988,234.46176450721663,234.6636505126953,0.0
2017-10-19,233.8469455891544,234.7646042004202,233.4064733764073,234.72789001464844,0.0
2017-10-20,235.5629783365275,235.96675036864332,234.70954854094447,235.939193725586,0.0
2017-10-23,236.27873061449657,236.3062592504676,234.93892898466515,235.02151489257807,0.0
2017-10-24,235.47120820478688,235.68225176500496,235.05825062265103,235.4344940185547,0.0
2017-10-25,235.08578913480497,235.20508924153123,233.0852999742688,234.26907348632807,0.0
2017-10-26,234.9114731976037,235.1959311731095,234.44345826414047,234.57192993164065,0.0
2017-10-27,235.3518889730885,236.65497643358583,234.5810591531794,236.48977661132807,0.0
2017-10-30,235.3519281438936,236.38888695668305,235.2968708622164,235.6088714599609,0.0
2017-10-31,236.00346553136788,236.2420657627508,235.6639362819211,235.97593688964844,0.0
2017-11-01,236.79263186246868,237.1505041523183,235.9025019045009,236.28790283203125,0.0
2017-11-02,236.21452786318827,236.52652845868752,235.09498313593988,236.37969970703125,0.0
2017-11-03,236.5448551249576,237.2147560069856,236.11355444839245,237.1688842773437,0.0
2017-11-06,237.0312054149072,237.67357763743607,236.95780504890973,237.5359344482422,0.0
2017-11-07,237.64605970621992,237.9947744710337,236.83851562027616,237.3707733154297,0.0
2017-11-08,237.18726433893795,237.8755084191564,236.89360681024448,237.7745513916016,0.0
2017-11-09,236.5081542567679,237.1138122759129,235.25093848696736,236.91192626953125,0.0
2017-11-10,236.50817256554527,237.0220591661679,236.17780089101976,236.8385162353516,0.0
2017-11-13,236.1227749952301,237.2973770962979,236.08606080324333,237.05877685546875,0.0
2017-11-14,236.2145212158887,236.6182932704008,235.39779155866933,236.5081787109375,0.0
2017-11-15,235.48954316315343,236.0401439187472,234.58107011949025,235.32437133789065,0.0
2017-11-16,236.3154447649815,237.71030383186243,236.26957303450544,237.3248748779297,0.0
2017-11-17,236.95778251603943,237.29731168533715,236.5448249830088,236.62741088867188,0.0
2017-11-20,236.88441874171463,237.233105506794,236.62744743367767,237.03121948242188,0.0
2017-11-21,237.8387452954531,238.7747749750003,236.9945150800501,238.58204650878903,0.0
2017-11-22,238.5912465682999,238.7288897634532,238.19666007395412,238.3710174560547,0.0
2017-11-24,238.88489890157112,239.03172764147385,238.7380701616684,238.9215850830078,0.0
2017-11-27,238.96750949416213,239.27951009690503,238.5912660601929,238.8023376464844,0.0
2017-11-28,239.28871373310628,241.2524889705089,239.18775670430207,241.22496032714844,0.0
2017-11-29,241.3625358680465,241.92232213238205,240.61007715893496,241.0780639648437,0.0
2017-11-30,242.04164742409017,244.1430655078845,241.95906150856592,243.188720703125,0.0
2017-12-01,242.95933541917668,243.4640365210789,239.28870048251457,242.6840209960937,0.0
2017-12-04,244.38166915843524,244.8313129286491,242.33528031807407,242.390365600586,0.0
2017-12-05,241.5185394287109,243.31714222187216,241.38089625660683,241.5185394287109,0.0
2017-12-06,241.61949514114147,242.0141096177672,241.0780799345128,241.5644378662109,0.0
2017-12-07,242.32618713378903,242.65653088828083,241.28922811875665,242.32618713378903,0.0
2017-12-08,243.32635112922327,243.6566947739884,242.2893924586262,243.6475372314453,0.0
2017-12-11,244.38166809082028,244.44591091620424,243.62002374820176,244.3816680908203,0.0
2017-12-12,245.2075595200153,245.30851653376152,244.4183865249065,244.8129730224609,0.0
2017-12-13,245.0699181096016,245.52874743699988,244.6936747005686,244.7854461669922,0.0
2017-12-14,245.097416502074,245.21671659323007,243.73011423667336,243.78517150878903,0.0
2017-12-15,244.8376044659472,246.30413630462405,244.78226576621324,245.81529235839844,0.0
2017-12-18,247.28184391645613,247.7430185495909,247.17116650816232,247.37408447265625,0.0
2017-12-19,247.6323475840451,247.67845378941183,246.3502685595984,246.424072265625,0.0
2017-12-20,247.4386106209165,247.49394932128203,245.9813112648518,246.2949066162109,0.0
2017-12-21,246.94976430744504,247.5493138021108,246.5439284100699,246.8021850585937,0.0
2017-12-22,246.8206484300666,246.85755027900208,246.17499273908132,246.73764038085932,0.0
2017-12-26,246.3133472226256,246.67307692835013,246.16579611797712,246.44248962402344,0.0
2017-12-27,246.6177471504772,246.94057501778823,246.27648243138404,246.5624084472656,0.0
2017-12-28,247.08813662918809,247.11580597881772,246.6823007360435,247.06967163085932,0.0
2017-12-29,247.6784582863675,247.69689513927565,245.9352327330032,246.1381225585937,0.0
2018-01-02,247.042017493024,247.93669738329285,246.63618157488972,247.89979553222656,0.0
2018-01-03,248.0750020528623,249.6245699082401,248.0750020528623,249.4677581787109,0.0
2018-01-04,250.1411486555585,251.02659612777123,249.5323947222037,250.519287109375,0.0
2018-01-05,251.34937958648368,252.3178349491438,250.8328663066833,252.188720703125,0.0
2018-01-08,252.08728515094683,252.8159489799848,251.7829222667429,252.64993286132807,0.0
2018-01-09,253.092567830096,253.8765701340144,252.79740938544413,253.22171020507807,0.0
2018-01-10,252.42857563551647,253.11113332827983,251.72760923595848,252.8344116210937,0.0
2018-01-11,253.4154479630633,254.67906188964847,253.24019935959453,254.67906188964844,0.0
2018-01-12,254.95583138043128,256.5145759572303,254.64220781695377,256.33935546875,0.0
2018-01-16,257.6583310159088,258.3408606188846,254.73447080025733,255.463134765625,0.0
2018-01-17,256.4407414517901,258.303876662612,255.4630535725816,257.8980407714844,0.0
2018-01-18,257.77813388717374,258.22084343588176,256.9479971876254,257.46453857421875,0.0
2018-01-19,258.0732472304318,258.6358947753906,257.46452164099367,258.6358947753906,0.0
2018-01-22,258.4145515587292,260.7388610839844,258.35918471844855,260.7388610839844,0.0
2018-01-23,260.7850493610899,261.5967213025511,260.4437846011275,261.2923583984375,0.0
2018-01-24,261.96565754307096,262.592876506115,259.95494267496133,261.1908874511719,0.0
2018-01-25,262.0947486103548,262.19619351004894,260.471405032341,261.301513671875,0.0
2018-01-26,262.1777515631767,264.3729470913567,261.9102624224846,264.3268127441406,0.0
2018-01-29,263.7273385238813,264.1885131912464,262.4083857307056,262.57440185546875,0.0
2018-01-30,260.6558734179319,262.6296859468861,259.38302709704845,259.881103515625,0.0
2018-01-31,260.7757583492393,261.30147591800625,258.8849258985288,260.0101928710937,0.0
2018-02-01,259.2446784541546,261.0801442277844,258.88494878008106,259.7150573730469,0.0
2018-02-02,258.3315648213617,258.469939726761,254.0242095988978,254.0611114501953,0.0
2018-02-05,252.2164373867875,254.4300701653556,242.8638016014124,243.43565368652344,0.0
2018-02-06,239.7554065187332,248.7575419615522,238.61170274120923,248.23179626464844,0.0
2018-02-07,247.6507761476984,251.2110307779896,246.8022024439936,246.8852386474609,0.0
2018-02-08,247.1987897369275,247.34636896973865,237.58789979057428,237.6248016357422,0.0
2018-02-09,240.54863453062023,243.14043325528388,233.28053317749053,241.1942901611328,0.0
2018-02-12,243.3433886538068,246.2764806420361,241.3419065571777,244.73614501953125,0.0
2018-02-13,243.47246603471493,245.9166852489072,242.8637123185252,245.34483337402344,0.0
2018-02-14,243.7861101144181,249.03427921337345,243.77687761527915,248.65611267089844,0.0
2018-02-15,250.48235765633265,251.83821199071724,247.89976322767265,251.8289794921875,0.0
2018-02-16,251.17415062513143,253.9411983322735,251.1280162746268,251.9027862548828,0.0
2018-02-20,250.90663071559203,252.41929678775384,249.49543768381244,250.32554626464844,0.0
2018-02-21,250.7867656297264,253.3877973758404,248.9789689077151,249.08041381835932,0.0
2018-02-22,250.04883859176235,251.84740239015923,248.7022168305043,249.40318298339844,0.0
2018-02-23,250.68529614649228,253.37854003906247,250.18721969868568,253.3785400390625,0.0
2018-02-26,254.503802289686,256.42230434544035,253.8858441023561,256.3208312988281,0.0
2018-02-27,256.5145233458715,257.2616520963669,253.0557138344797,253.1202850341797,0.0
2018-02-28,254.27323394625603,254.7436410700772,250.22413538421728,250.55616760253903,0.0
2018-03-01,250.3347951611169,251.9581387306775,245.3448827028381,246.9128875732422,0.0
2018-03-02,245.16035012715903,248.77597055072005,244.2564661321618,248.18565368652344,0.0
2018-03-05,246.9405752151981,251.69990073025545,246.82986966082112,251.0542449951172,0.0
2018-03-06,252.0780294772575,252.1610656768192,250.12265364296783,251.690658569336,0.0
2018-03-07,249.42171879405527,251.96738381033097,249.2188008150603,251.59844970703125,0.0
2018-03-08,252.30862425498609,252.94504748471607,251.26639325422488,252.81593322753903,0.0
2018-03-09,254.2917141262474,257.2155456542969,253.95965374023743,257.2155456542969,0.0
2018-03-12,257.519919070899,258.1747791499063,256.4868642778774,256.8927001953125,0.0
2018-03-13,258.1102080363288,258.6359538588048,254.59605968249903,255.23248291015625,0.0
2018-03-14,256.23778885240216,256.4314742726533,253.3416274550668,253.9226837158203,0.0
2018-03-15,254.45771370776,255.1310106406361,253.12029604602608,253.6460418701172,0.0
2018-03-16,254.19885267489568,255.02304466941905,253.86549069548963,253.92105102539065,0.0
2018-03-19,253.1339570682558,254.10629128802125,248.75376181963324,250.48545837402344,0.0
2018-03-20,250.9022142867671,251.57823617823,250.19841222226347,250.91148376464844,0.0
2018-03-21,250.86508149501853,253.0597992196828,250.20759877721892,250.42984008789065,0.0
2018-03-22,248.09627557328628,248.9852692701676,243.88276140357783,244.1698608398437,0.0
2018-03-23,244.63287826363148,244.9755097731152,238.7617386978748,238.9654693603516,0.0
2018-03-26,242.74372037345492,245.7996517782186,240.22488161621692,245.50331115722656,0.0
2018-03-27,246.48498815878705,247.04059159920052,239.6970741021784,241.3269195556641,0.0
2018-03-28,241.46578756802387,243.2160229490404,239.45626119655284,240.6138153076172,0.0
2018-03-29,241.8084115110099,245.64224417220345,240.6230772687244,243.6882781982422,0.0
2018-04-02,243.1326628852049,243.6697838378969,235.83545111649835,238.42837524414065,0.0
2018-04-03,239.72482210610647,241.9843699959258,237.8449553566894,241.4842987060547,0.0
2018-04-04,237.76156562784627,244.80874004495428,237.6226648151384,244.0679168701172,0.0
2018-04-05,245.9107108493371,246.92012260303736,244.77169602988653,245.9940795898437,0.0
2018-04-06,243.93830339389385,245.50329034578704,238.9191369959832,240.51193237304688,0.0
2018-04-09,242.0399123541512,245.25328346414108,240.7156773295532,241.69728088378903,0.0
2018-04-10,244.72543692396508,246.3645515459689,243.53086149168743,245.5403594970703,0.0
2018-04-11,243.98462861778697,245.99415500716088,243.91055758868225,244.2531890869141,0.0
2018-04-12,245.6422925496704,247.25359909589105,245.45707255696777,246.26272583007807,0.0
2018-04-13,247.6332262633999,247.7536164063264,244.48468489870905,245.5403594970703,0.0
2018-04-16,247.25354597197745,248.36480916822512,246.39233253821385,247.5591278076172,0.0
2018-04-17,249.41127529835,250.83739015487848,248.8741825205064,250.2076873779297,0.0
2018-04-18,250.6707002865002,251.23557321812527,249.91133788542123,250.3928985595703,0.0
2018-04-19,249.7075884394845,249.9205885878644,247.92033152243,249.0038146972656,0.0
2018-04-20,248.92971700454603,249.16122784795343,245.96636690469063,246.8924102783203,0.0
2018-04-23,247.4943646539352,248.0777765094436,245.7256183934864,246.8553924560547,0.0
2018-04-24,247.92957404853783,248.1610848652886,241.9565836721292,243.53086853027344,0.0
2018-04-25,243.4660297243884,244.59580359881744,241.5583829256864,244.13278198242188,0.0
2018-04-26,245.2070178377413,247.4850764847453,244.74399617921043,246.61459350585932,0.0
2018-04-27,247.2535611664731,247.5684124972859,245.86449621609964,246.8460998535156,0.0
2018-04-30,247.49434247471595,248.0777542779419,244.87362409841523,244.94772338867188,0.0
2018-05-01,244.35502712914783,245.4940704970756,242.7251819706035,245.3829498291016,0.0
2018-05-02,245.17922914538417,246.03117314152888,243.3271425756456,243.734603881836,0.0
2018-05-03,242.8641324735296,243.8827575268098,239.8915130402167,243.197494506836,0.0
2018-05-04,242.1787987916684,247.0590643671615,241.83616734167023,246.3459930419922,0.0
2018-05-07,247.1517089672712,248.1981141534104,246.42936806582853,247.1794891357422,0.0
2018-05-08,246.79053851654987,247.55914201797927,245.5403744141587,247.1794891357422,0.0
2018-05-09,247.88324383890568,249.91128076375884,247.33688172708904,249.5686492919922,0.0
2018-05-10,250.34653678783303,252.24494246715992,250.2354161159892,251.9022827148437,0.0
2018-05-11,252.03197201493,252.9487459261871,251.49485102364287,252.6709442138672,0.0
2018-05-14,253.12465227984063,253.8099152244377,252.2171197435554,252.79129028320312,0.0
2018-05-15,251.50407562234992,251.52258631300103,250.0594504548636,251.05032348632807,0.0
2018-05-16,251.0873626541768,252.587548091633,251.05955422846552,252.10598754882807,0.0
2018-05-17,251.82819082314563,253.0227944676906,251.07809808974656,251.8930206298828,0.0
2018-05-18,251.53189667301427,251.91157784754915,250.89292448423612,251.26333618164065,0.0
2018-05-21,252.8190580636397,253.7173210802568,252.4115968028693,253.1524200439453,0.0
2018-05-22,253.69878763167475,253.96734807314184,252.1059921942836,252.44862365722656,0.0
2018-05-23,251.115149331729,253.1709663854168,250.9484400761141,253.1431579589844,0.0
2018-05-24,252.72652852576573,253.01359974259023,250.75405139941373,252.6246490478516,0.0
2018-05-25,252.022689819336,252.68017267904747,251.4948383319648,252.022689819336,0.0
2018-05-29,250.3187338840386,251.11514572758057,247.95733504004164,249.12413024902344,0.0
2018-05-30,250.4946860666723,252.91164525808915,250.4206150451964,252.44862365722656,0.0
2018-05-31,252.0227263728186,252.3375777634255,250.2725188984737,250.9022216796875,0.0
2018-06-01,252.2634542299196,253.68029932314064,252.1893549413104,253.36544799804688,0.0
2018-06-04,254.22671962473768,254.83791172288528,253.9766980548337,254.56935119628903,0.0
2018-06-05,254.708273760437,255.15278484983835,253.9026203726404,254.7545928955078,0.0
2018-06-06,255.3935439839444,256.9955811471765,254.74530223171783,256.88446044921875,0.0
2018-06-07,257.3937187824039,257.69930060378704,255.90277453467303,256.8565979003906,0.0
2018-06-08,256.3750418971588,257.67149660531845,256.19909144455926,257.6159362792969,0.0
2018-06-11,257.84749749028515,258.7087109726581,257.72710734016016,257.9586181640625,0.0
2018-06-12,258.3938433785185,258.6716450454753,257.6159704504427,258.2919921875,0.0
2018-06-13,258.5421094522644,258.81067000352914,257.25489531051875,257.4678955078125,0.0
2018-06-14,258.375379890583,258.6716923026051,257.4956273501685,258.1160888671875,0.0
2018-06-15,257.29376796965386,258.14025483127267,256.1310159708643,257.7867736816406,0.0
2018-06-18,256.26117792025394,257.3867420678242,255.7588895967456,257.2565002441406,0.0
2018-06-19,254.8751752406845,256.50302763729474,254.4379794615238,256.2704772949219,0.0
2018-06-20,256.9868128262078,257.4054149452101,256.3542824847181,256.707763671875,0.0
2018-06-21,256.69842812794343,256.7170503281277,254.5775695944541,255.09848022460932,0.0
2018-06-22,256.41938135284494,256.54031210515126,255.33103296958828,255.56358337402344,0.0
2018-06-25,254.3543039477324,254.52173340704803,250.317232788415,252.0846099853516,0.0
2018-06-26,252.68000776518852,253.53577744692336,251.8893306290724,252.64279174804688,0.0
2018-06-27,253.25671015257456,254.75432118212515,250.39167317538852,250.54981994628903,0.0
2018-06-28,250.49397171629843,252.7822594745421,249.7497934783553,251.9822998046875,0.0
2018-06-29,253.12645872289252,254.55897715731044,252.22416202158723,252.3450927734375,0.0
2018-07-02,250.69861643625944,253.0520251059661,250.4474438621721,252.8845672607422,0.0
2018-07-03,253.82405984355827,253.9263967624288,251.545083370926,251.99156188964844,0.0
2018-07-05,253.172939006946,254.1124231600448,252.04737482291907,254.0473022460937,0.0
2018-07-06,254.07527796780388,256.5868052485604,253.67526970637792,256.1961364746094,0.0
2018-07-09,257.2472130223421,258.5588005415594,257.20071430242183,258.50299072265625,0.0
2018-07-10,258.9774378268056,259.5355644793145,258.6704553935504,259.4332275390625,0.0
2018-07-11,257.8053498898919,258.6332428824974,257.2193183805191,257.5355834960937,0.0
2018-07-12,258.85647560419983,259.9262016654191,258.2239453890872,259.8703918457031,0.0
2018-07-13,259.6844044502063,260.3913383934346,259.209992529585,260.0750732421875,0.0
2018-07-16,260.1215457277395,260.2703529779562,259.37736753917955,259.84246826171875,0.0
2018-07-17,259.0332430234573,261.30293721892536,258.977433197954,260.8936462402344,0.0
2018-07-18,260.977373538656,261.5540940216129,260.5122727120776,261.4424743652344,0.0
2018-07-19,260.7448421961628,261.1448221232742,259.95416505564936,260.4564819335937,0.0
2018-07-20,260.2424671711083,260.9029306845866,259.9913229820022,260.15875244140625,0.0
2018-07-23,259.9448049714442,260.8563842188851,259.58201278216,260.6424560546875,0.0
2018-07-24,262.1214983780668,262.83774334019483,261.0424611914531,261.9540405273437,0.0
2018-07-25,261.6935619719173,264.52138233418543,261.6470632543206,264.1865234375,0.0
2018-07-26,263.43314101162764,264.2795996040265,263.3308040599341,263.5633544921875,0.0
2018-07-27,263.9074849504866,264.00982188680894,260.8099261486329,261.77734375,0.0
2018-07-30,261.8610855025421,262.028514992889,259.86112916922343,260.40997314453125,0.0
2018-07-31,261.20990890335025,262.3354448903261,260.80992902853654,261.693603515625,0.0
2018-08-01,261.9075917623924,262.4378135512386,260.5774101272196,261.2564392089844,0.0
2018-08-02,259.88902184528735,262.8563386409174,259.67506527162203,262.6796264648437,0.0
2018-08-03,262.8097924651709,263.8609245574078,262.6237408357953,263.8051147460937,0.0
2018-08-06,263.84244227787264,265.0981919507484,263.4331512302299,264.77264404296875,0.0
2018-08-07,265.4701994660672,266.04691981008654,265.3306465417119,265.6469116210937,0.0
2018-08-08,265.4702468183198,265.95394142821124,265.05164474557733,265.53533935546875,0.0
2018-08-09,265.6005228254066,266.0098138945817,265.0331133448494,265.1726379394531,0.0
2018-08-10,263.6656404211492,264.23304974004446,262.65169575173246,263.3958740234375,0.0
2018-08-13,263.68422259813025,264.32606390962536,262.1028686795921,262.40985107421875,0.0
2018-08-14,263.1726187035508,264.3353705689768,262.76332777592114,264.0841979980469,0.0
2018-08-15,262.6703397880702,262.8191754547848,260.6052910420939,262.1122131347656,0.0
2018-08-16,263.61906539173816,265.14460928080325,263.5818493880433,264.2330017089844,0.0
2018-08-17,264.01908045568626,265.62833927750665,263.5911957122387,265.1632385253906,0.0
2018-08-20,265.63765654296475,266.0097314757954,265.1632446807945,265.7306823730469,0.0
2018-08-21,266.27019761927926,267.25620900583897,265.76788082636244,266.3539123535156,0.0
2018-08-22,265.9260343723793,266.74461631136654,265.6469568636338,266.19580078125,0.0
2018-08-23,266.0097451440802,266.9120418059932,265.5074283458248,265.8423156738281,0.0
2018-08-24,266.4469686597384,267.5911269334848,266.39115883053137,267.4422912597656,0.0
2018-08-27,268.69800457860293,269.6654221335997,268.53057511355496,269.5538024902344,0.0
2018-08-28,270.0375042645744,270.1491522984111,269.2003285295437,269.6840515136719,0.0
2018-08-29,269.9072590954865,271.37696491209005,269.6561149207335,271.1351318359375,0.0
2018-08-30,270.6328181531764,271.02348687386785,269.41425649757383,270.0374755859375,0.0
2018-08-31,269.60958762578326,270.5118841770343,269.0979881780361,270.0467834472656,0.0
2018-09-04,269.6096309869929,269.9538010403752,268.5305937138891,269.58172607421875,0.0
2018-09-05,269.2096212509892,269.4235778168626,267.79572518140475,268.85614013671875,0.0
2018-09-06,268.9678266711104,269.28409185530165,266.9678986133544,268.04693603515625,0.0
2018-09-07,266.94925004213667,268.54919783766496,266.6980774565751,267.5259704589844,0.0
2018-09-10,268.5863725492708,268.86545003231265,267.7864128837108,267.9910583496094,0.0
2018-09-11,267.31202401497944,269.3398566502665,266.9492601595838,268.874755859375,0.0
2018-09-12,268.88404003519696,269.57238005279146,268.1119852901245,268.9398498535156,0.0
2018-09-13,270.05613406783334,270.72588035221554,269.75846274421906,270.530517578125,0.0
2018-09-14,270.7445169029939,270.93985132041905,269.75850532693715,270.5770874023437,0.0
2018-09-17,270.5212398564899,270.55842748200286,268.8561710210225,269.14453125,0.0
2018-09-18,269.3677659303384,271.228169124073,269.3398610179324,270.6049499511719,0.0
2018-09-19,270.660729655959,271.3304758666719,270.5304878208914,270.8932800292969,0.0
2018-09-20,272.2141682402928,273.42341878045096,270.9118634893585,273.0885314941406,0.0
2018-09-21,273.86690957115417,273.98838773803084,272.670862915448,272.83905029296875,0.0
2018-09-24,272.23172757666015,272.38123699487306,271.3253463334984,271.9327087402344,0.0
2018-09-25,272.40929109190915,272.52141603597806,271.4281693152981,271.6804504394531,0.0
2018-09-26,271.82996700990725,273.0727231939899,270.42834814021563,270.8675231933594,0.0
2018-09-27,271.3626333192564,272.7642515309089,271.0729678367945,271.624267578125,0.0
2018-09-28,270.97021250837025,272.1756123543187,270.9328565480619,271.65234375,0.0
2018-10-01,272.95118311747694,273.7174081030458,271.8953210951228,272.5961303710937,0.0
2018-10-02,272.437255859375,273.18477431479545,272.0448186508796,272.437255859375,0.0
2018-10-03,273.5398823937392,273.9790573712785,272.2130327278145,272.5867919921875,0.0
2018-10-04,272.0821978086558,272.13826027179186,268.79307640199187,270.4563293457031,0.0
2018-10-05,270.68991242715,271.2318590360505,267.44750047424105,268.94256591796875,-1.0
2018-10-08,268.22305016759896,269.3163251499003,266.77472245036364,268.94256591796875,0.0
2018-10-09,268.5408766800035,269.9144359589993,267.9615168587247,268.5502014160156,0.0
2018-10-10,268.0175033998464,268.0922723628322,259.6545293030735,260.0469665527344,0.0
2018-10-11,258.9069704669678,260.6076078474242,252.6277181142079,254.31903076171875,0.0
2018-10-12,258.61727059879627,258.91628936544794,254.50586236333203,257.85107421875,0.0
2018-10-15,257.47733961215,258.8696335558102,256.30932404773995,256.4027709960937,0.0
2018-10-16,258.4584607975736,262.4016820412442,257.9632233944681,262.0092163085937,0.0
2018-10-17,262.04664650564007,262.7100714030556,259.355533915101,262.0559997558594,0.0
2018-10-18,261.07481306555206,261.7008819067059,256.9353730692153,258.2715759277344,0.0
2018-10-19,258.9536961124224,260.9813549194266,257.4025682075059,258.13140869140625,0.0
2018-10-22,258.8322192418422,259.1685939979414,256.412094693234,256.9727478027344,0.0
2018-10-23,253.17906923175607,256.84195013186627,250.9925189658265,255.66458129882807,0.0
2018-10-24,255.4029283653526,255.804747368918,247.33897331878097,247.91830444335932,0.0
2018-10-25,249.8432227050633,253.9826633007133,248.76865401652307,252.3661193847656,0.0
2018-10-26,248.47900184731552,253.22580513076736,245.08707967359297,247.9276733398437,0.0
2018-10-29,251.17006179600284,252.52497129073657,242.8070872569399,246.55406188964844,0.0
2018-10-30,246.37651280740363,250.5346305867117,245.8625689137804,250.20758056640625,0.0
2018-10-31,252.8986981229368,255.3094979672773,252.4034607155338,252.8800201416016,0.0
2018-11-01,253.7863902735418,255.7766930656116,252.64640610942675,255.5711212158203,0.0
2018-11-02,256.7298402050354,257.1783684809833,251.9082681736224,254.05743408203125,0.0
2018-11-05,254.5712965171988,256.0383307136686,253.55279050321684,255.45899963378903,0.0
2018-11-06,255.3936607537352,257.2437794665417,255.32824502736068,257.0755920410156,0.0
2018-11-07,259.3555197614001,262.66334784975487,258.906991515452,262.5792541503906,0.0
2018-11-08,261.73822663286154,262.77543915764375,260.9066144793349,262.1026611328125,0.0
2018-11-09,260.7290823596961,260.9253009728396,258.0660014030248,259.5423889160156,0.0
2018-11-12,259.00982207900057,259.26210320666934,254.15086531761267,254.69284057617188,0.0
2018-11-13,255.17869123650485,257.27176598862115,253.4593757592658,254.2162475585937,0.0
2018-11-14,256.1785215552569,256.59899004953485,250.8430344327156,252.478256225586,0.0
2018-11-15,251.1513664967088,255.59917869480336,249.49746679625943,255.1132659912109,0.0
2018-11-16,253.96397094151908,256.72982384357806,253.42199574478803,255.7767333984375,0.0
2018-11-19,255.1412128139893,255.44958477632727,250.4878588004735,251.45030212402344,0.0
2018-11-20,247.95564398393387,249.4880939038329,245.89060070426643,246.79698181152344,0.0
2018-11-21,248.4228882909162,249.62828837482007,247.62866049557448,247.6379852294922,0.0
2018-11-23,245.9186388561776,247.45108881921408,245.8158671839264,245.9840545654297,0.0
2018-11-26,248.34810144177456,250.1888948244469,247.9369577460305,249.95529174804688,0.0
2018-11-27,248.87142294742765,250.7963104248047,248.2360292884114,250.7963104248047,0.0
2018-11-28,251.9176276659894,256.57098388671875,250.73090548439149,256.57098388671875,0.0
2018-11-29,255.7580358352745,257.4773514028987,254.56198898318783,256.0103454589844,0.0
2018-11-30,255.85148519743385,258.1594852207753,255.5151103839945,257.57080078125,0.0
2018-12-03,261.89711873848705,262.0092436692383,259.3088065336294,260.9813842773437,0.0
2018-12-04,260.1123407215059,260.5608688797698,252.1978676027216,252.52491760253903,0.0
2018-12-06,248.478934886566,252.2632933488295,245.22716977069464,252.14181518554688,0.0
2018-12-07,251.78673961661823,253.4313144501108,245.4047159203741,246.28306579589844,0.0
2018-12-10,246.09625070234736,247.76885730065948,241.6577906935828,246.75035095214844,0.0
2018-12-11,250.10485625054773,250.30107489348129,245.26460628480905,246.806381225586,0.0
2018-12-12,249.92728079494745,251.3569305978565,247.96500909079705,248.04910278320312,0.0
2018-12-13,249.03958014295387,249.9459613027162,246.7969961081201,247.9650115966797,0.0
2018-12-14,245.7131068693783,246.71293510390151,242.8070976364824,243.3864288330078,0.0
2018-12-17,242.3865459234151,243.5545613032658,236.9015502621964,238.6115264892578,0.0
2018-12-18,240.3308939019426,241.03170324047937,236.6679845454816,238.3499298095703,0.0
2018-12-19,238.4340434732992,242.3866044813694,232.99576996504703,234.78048706054688,0.0
2018-12-20,233.47229676282092,235.11685755205164,228.60400159486724,230.958724975586,0.0
2018-12-21,231.9032878767765,234.6947000221336,225.5497641034661,226.2264709472656,0.0
2018-12-24,224.6662984309295,226.35806564211217,220.18313324787545,220.24891662597656,0.0
2018-12-26,221.7809128943749,231.37696838378903,219.70379587115747,231.37696838378903,0.0
2018-12-27,227.98404057751463,233.360078307937,224.59111275962823,233.1533203125,0.0
2018-12-28,234.5725010114409,236.2830550922034,231.6307065240911,232.8525390625,0.0
2018-12-31,234.55372114851377,235.14584324761225,232.5893982480701,234.8920745849609,0.0
